Date,MSFT,AAPL,NVDA,AMZN,META,AVGO,GOOGL,GOOG,TSLA,COST,AMD,NFLX,PEP,ADBE,LIN,CSCO,TMUS,QCOM,INTC,INTU,CMCSA,AMAT,TXN,AMGN,ISRG,HON,MU,LRCX,BKNG,VRTX,REGN,SBUX,ADP,ADI,MDLZ,KLAC,GILD,PANW,SNPS,ASML,CDNS,PDD,MELI,MAR,CRWD,CSX,ABNB,PYPL,CTAS,ORLY,PCAR,NXPI,MNST,MRVL,ROP,CEG,WDAY,CPRT,ADSK,DXCM,FTNT,DASH,ROST,MCHP,LULU,ODFL,AEP,KHC,FAST,IDXX,PAYX,KDP,GEHC,CHTR,MRNA,CSGP,AZN,TTD,DDOG,EXC,EA,FANG,CTSH,CDW,BKR,VRSK,BIIB,ON,TEAM,ANSS,XEL,ZS,GFS,DLTR,MDB,TTWO,ILMN,WBD,WBA,SIRI
2022-03-16,,,,,,,,,,,,,,,,,,,,,,,,,,,,,,,,,,,,,,,,,,,,,,,,,,,,,,,,,,,,,,,,,,,,,,,,,,,,,,,,,,,,,,,,,,,,,,,,,,,,
2022-03-17,0.002819343493211779,0.006454030972694147,0.011022194947095887,0.027007748989816838,0.02067471077015859,-0.007329707871295388,0.004190426863244223,0.006806679327300946,0.037335010469022656,0.01729874146654642,-0.031897375553150975,0.038793933836442696,0.007764593092421501,0.00452120459858163,0.01589333187959041,0.00645039933338154,0.009314298623311235,0.015819241815147933,0.010937128669334939,0.034614558451159905,0.005407743942796195,0.011572730035783518,0.012136331692996993,0.01808608138525858,0.018355249204549562,0.00471126996930038,0.010668990757582542,0.02299367784483941,-0.018751952346884426,0.0059552378162543995,0.010693531090678166,0.002860084538680363,0.006871841329857409,0.008891898456165226,0.005165451023136258,0.004815832267076381,0.02121786296939132,0.018486406463432692,0.01322981004515289,0.005333247278920039,0.018669941664606116,-0.07625528112269886,0.0679572823667236,-0.006094305147629653,0.07629442655965724,0.019376540715599022,0.011557001937449796,0.039288413316376,0.015033551846708404,0.0006563678655808758,-0.0004429500766561789,0.0076996436483023345,0.014120952240130213,0.007255840566366523,0.018788911242005435,-0.015066617199148591,0.03442212946338197,0.01843720601575538,0.034963295337332,0.03981067266653082,0.01996369793838526,0.061767915335807944,0.009524882652323097,0.008963186206626172,0.00819403457878587,-0.0019171154263718515,-0.0013673845990875844,0.001857741355023368,0.020904022573301928,0.013264431038041202,0.008590924677694067,0.009076352399827625,,0.009683521008806872,-0.006495076166458058,0.0507307327346016,0.027598436244993252,0.08456312672340527,0.04159104485430709,0.00023025176212421172,0.01114698884814258,0.06566909026315426,0.009810534144391037,0.017358765118653308,0.03952445634614832,0.0357161707410385,0.007458313295878094,0.010813470380662382,-0.002954109472908084,-0.004149004532388201,0.00649815087714356,0.03767571413683357,0.02348422254072302,0.020055253912648174,0.08321210151270675,0.004839043303930479,0.03570117404839768,0.0027300973670256745,0.002110562935136562,0.00644121765013117
2022-03-18,0.017647826819102264,0.020918943546848645,0.0681175598309518,0.025512151358369817,0.041618597515806766,0.012842833480772198,0.017083951212098825,0.016352124398804735,0.03876779427650434,0.015485080950889296,0.01584740446214039,0.024771169515946267,0.011494910007846526,0.020186338816278404,0.007402167569787954,-0.003560565333127652,-0.01372622477670038,0.007590156698366712,0.006576185348001751,0.01291819549802109,0.00925129753465348,0.023865397116356046,0.009133214947405932,0.0016535206844705552,0.025304728169767143,0.014536594859537733,-0.013785308336231927,0.03480773496975087,0.011646708342234247,-0.0036799926757812296,0.0010361805421452708,0.022130900421696742,0.0035994964428376353,0.021690219486021567,-0.01220494830003993,0.035279779241087494,0.003716172350855418,0.022794953337169188,0.04657130153134914,0.03938237383749987,0.03619871854840473,0.0820421546829262,0.03171210658910306,-0.0002920056654623915,0.01925240083170232,0.0002755409487793514,0.05998093789396952,0.058933601686302906,0.013646220013513455,-0.016169547049905142,-0.017724586972498346,0.013964240063354172,0.029509422516811323,0.027661692373507796,0.014199743284537769,-0.03883120791835071,0.03527413065919971,0.012852719738672969,0.007795932921597082,0.029292055692011765,0.05433637113027823,0.11655744619089226,0.012146217955777416,0.024794521240813605,0.030331555224761164,0.017101397343539215,-0.009163711019693377,-0.0034437369037148002,0.012775630907139623,0.02916009473539516,0.019980911330610196,0.00026460678392448145,,-0.0005713097479369544,0.06341375560018703,0.04252597729587304,-0.006910611581006587,0.05197972337760204,0.0582255604314601,-0.004603009422960547,0.008787334010540215,-0.018150641215597063,0.01258555273353501,0.016892441843869843,0.008862246350709757,0.028802933281830034,0.015828949367160172,0.019256122711707402,0.05211868007364395,0.028970064526201433,-0.01305589774115179,0.03668018812851592,0.06772347196741402,0.013150217378474549,0.06892574156905074,0.012440643961541431,0.023206927686712397,0.021392499571940782,-0.002527357477710601,0.012799987792968759
2022-03-21,-0.004227237774633297,0.008537682593916074,0.010622604512005474,0.0014945523217748669,-0.023095754414204972,-0.01494077016829487,-0.00017632313248527876,-0.0023610709723345114,0.017417963888751054,-0.010367767956144691,0.02168164202646561,-0.015790881947569946,-0.0014128370110243482,0.0005735551878909284,-0.0030802523384390046,0.0005359796076933598,-0.00951406731851856,0.010390225259116592,-0.0012645178572447957,-0.027861702655367027,-0.0051162157162112365,-0.006955767690185799,0.0019988928270477935,0.00029632729828033,-0.023542749016339015,-0.008730469071409619,-0.013348509496342809,-0.014284718506951788,-0.011398276249826034,0.004737404316311311,0.010584030293881552,-0.03058033382177916,-0.010061035155555897,0.0047109469980888274,-0.002276042813667667,-0.02402407699475284,0.004039072464869786,0.0003119349055635823,-0.012256038468971053,0.004486199892161036,-0.010511727955385575,-0.061267532608946795,-0.026730713430648034,-0.00724344573561464,-0.018888747101299397,0.015147320745217963,-0.03113770627689938,-0.03468885437093272,-0.022654063578275818,-0.0065364356840629245,0.0005638799587459609,-0.00992622222370243,-0.01972945042985519,-0.00869203323519474,-0.01252826868599144,0.004284899130013953,-0.003119908647711722,-0.023057901812695403,-0.004313165287306964,-0.016472581254480145,-0.017001613589416542,-0.0017709240356502676,-0.024215172955010855,-0.009315580439571147,-0.02748238303841577,-0.025921351094942535,0.006590865829631198,0.0,-0.0019008227472241401,-0.005290703463733171,-0.011472732105548444,-0.0007935094658667596,,-0.020006214311714232,-0.019840093546537374,-0.010427853315791547,0.003953819418154536,-0.026885605867748574,-0.038556499238369124,0.009479765258083361,-0.005701625179467151,0.06413091008202598,-0.0035979265881235234,-0.0033447020767994884,0.026353082489340096,0.009988483366242473,-0.008438460487221855,0.0,-0.021782693273241782,-0.02495295685728338,0.007704590380042342,-0.008306793802455692,-0.05613437909764474,-0.01406115340602443,-0.019090695772407074,-0.0009909090395904263,0.0025714792583446666,-0.004188903632627472,0.0004223069574729177,-0.006319109373639331
2022-03-22,0.016379174476875313,0.0208005946295855,-0.007855188644730227,0.02103830044237709,0.024398261238340657,0.016714146577157862,0.027674160170447992,0.027835856647647095,0.07905243778179138,0.007002238237606484,-0.00983436342008015,0.022237692333699766,0.010949795804809037,0.028351630267350325,0.004602486706142717,0.003035681588309247,-0.002222741736791045,0.012982867279424326,0.021101498478145908,0.0203429587017685,0.011784938361617314,0.009537994101374903,0.01047323129409583,0.0006347067190066724,0.011155053924478908,0.010413399970703008,0.009827750956693082,0.018440607764014016,0.01877036091391293,0.006473309404361416,-0.000807844126849977,0.011858148423431247,0.012610021879091882,0.0033491843117126052,0.0032589337855690736,0.013332210666539446,0.005363722689283534,0.035031214693231005,0.03471096607442625,0.008537021451010318,0.019083969836130033,0.188547056373096,0.05306626766496092,0.0036481929220946174,0.0633419505535413,-0.0021704240295704613,0.028677375167688757,0.028085487813764187,0.0043445240482111736,0.0022320880013249056,0.004959385857826959,-0.0144874000651809,0.02911396268047861,0.009475295964081587,0.0025719668214763125,0.03900849494773517,0.005394488462975522,0.008791387546104312,0.02015255052686582,0.009492972915566389,0.035481548995387024,0.03874884766577913,0.006698151009066455,-0.002350794121629751,0.022094599739221454,0.009787688167789632,0.0059140093373666325,0.008771978745990783,-0.00017310113960777862,0.023851432525892058,0.006237117190050601,0.001323532381510173,,0.015713016431388116,0.06465957362395969,0.03812179034570029,0.0028355435802425166,0.011798102245054176,0.0607249503632048,-0.0006870998488712754,0.018875460279266454,-0.01808692229755382,0.018929897893505743,-0.003579615267528924,0.008834889123120915,0.003946303458358891,0.019873316855424816,0.004036815739836275,0.03537862818981252,0.021696510170217564,-0.0015868524356005276,0.05220501108137943,0.019456271684345383,0.011228640674931567,0.03910368505421724,0.007075731099010163,0.009221937196055574,0.027533507885519004,0.0010552814675681699,0.01907788335243965
2022-03-23,-0.01502995251237571,0.008233617636201895,-0.033554494888271,-0.008981816492546923,-0.014724150807691072,-0.01956361672271756,-0.011385726702194288,-0.012646376799613113,0.005161136057840299,-0.009652789574686182,-0.007492599925926102,-0.02201510210421609,-0.005233057256392781,-0.09336481331512425,-0.015474376107023624,-0.030087211710883244,-0.006842235608615521,-0.030074268604835863,-0.0024798291671488393,-0.03056784405446089,-0.014824242796345866,-0.029967505806235195,-0.017932570128923575,-0.009684139777140555,-0.03924029513536342,-0.013792762437794814,-0.043857445655271166,-0.02884267182965705,-0.01916926814578812,-0.014888041636114346,-0.033812721543671986,-0.019001003305752717,-0.01226708474182825,-0.03416887016342374,-0.01283093908466848,-0.034069157229474234,-0.018839631156040926,0.011080973414812734,-0.026997105794051457,-0.03394605397438355,-0.018164817213133566,0.039343631277275914,-0.0021562504489467393,-0.01711914933663583,0.01114898275207099,-0.010603572664280914,-0.013698622601856392,-0.027318241670241217,0.02122136472745706,0.001819505094614371,-0.013795419141476195,-0.02215714334012986,-0.03997539825344121,-0.034183173240384,-0.0039667063251771495,-0.0029330800346470953,-0.03018634159914113,-0.0196278554297753,-0.043016741284439886,-0.03313893434540682,-0.01307988223620038,0.027775247981039364,-0.02116058502343532,-0.03429771917156299,-0.014633480523841058,-0.025486221491719085,0.007979025052288424,0.008695599729201753,-0.011774897059320888,-0.029685450099182442,-0.01624166139183869,-0.025376760579003066,,-0.025528109831423063,-0.04279137446941139,-0.002537664940533646,0.010367575384764072,-0.016383772846517486,-0.014867080698416357,0.00160439360785114,-0.025717196182905355,0.038514692763435,-0.023195914931270267,-0.020319928381759778,0.028735610584354365,-0.016575894393422774,-0.006163488825353225,-0.02878740602673091,-0.030484760329010374,-0.034531716395666434,0.0013004474566644664,0.004260103686751782,-0.0512994187388387,-0.009891532111961587,-0.0022672522243266657,-0.018976948696941,-0.02972588035192636,-0.009304056278069406,-0.014547725538042844,-0.0015600237570543296
2022-03-24,0.01539288797442917,0.02267787120671727,0.09815090903311519,0.0014779010051912955,0.028623631678892147,0.04512994689947569,0.02384015136576023,0.020277482616711584,0.014823128420135223,0.0073823430131152445,0.05802318044764032,0.003257767236821474,0.00605582040027719,0.021849186297729917,0.03494962960814951,0.0003671156008024923,0.006889374330984133,0.03656709475521658,0.06940125217219228,0.00908027570049752,0.006018890295392154,0.05455789277768841,0.02864644198324373,0.011486901210773004,0.02136618497244447,0.012217979350416908,0.03384001992013186,0.04751498320639458,0.047338807840895836,0.01438758713246191,0.015749737790140994,0.010438430910887142,0.020604927661986405,0.036571618364586556,0.0011516896385339592,0.04920713194019344,0.004927798182609466,0.029998056148878627,0.028820613850413013,0.0378441644074472,0.030707623098872094,-0.09028345670867,0.019786375686013047,0.025827628921527124,0.017860389307696067,0.007969247606248508,0.04063107955744316,0.012211090337952646,0.02259931082618194,0.017420981088812182,0.011600141889561044,0.0407974597884897,0.00653420226643342,0.0699158619688307,-0.0012336626557163388,0.027848560937486333,0.0187938042536695,0.01417471453619279,0.027539340285132052,0.042465151440026716,0.044426392059429665,0.004722764848894778,0.007577449536025904,0.05300262762689001,0.02358087909929396,0.006291941183281802,0.004478703214334301,0.009143215777939195,0.004906234112390662,0.00807748593359725,0.01882278403293891,0.010577689203868479,,-0.0011964194393472294,0.005315263083709665,0.009278700230674453,0.02643030093762544,0.026410596523862795,0.039401831304732626,0.017620147467289904,0.007461491573571122,0.0038558823199050796,0.0025286209240173996,0.007505858979866886,0.018621994149985666,0.002841375458810802,0.016172118445825,0.052823356079600314,0.016309046546344685,0.01478314423382776,0.008369324330721684,0.01032645622117645,0.08745905554425915,0.010957217363253502,0.03826105965381754,0.007362825625533809,0.009594099785355859,0.018782869430382654,0.005990559889643032,0.015624984866008385
2022-03-25,-0.001381168757988771,0.003734094727035453,-0.0162699345373557,0.006868294014676479,0.010247301202106485,0.0038950919814420004,0.000713403217891484,0.0014825575964987348,-0.003234937980317265,-0.004300162050307144,-0.007135158210084369,-0.004950587937145423,0.004681730812585494,-0.001203358896706308,0.0022009233764508362,0.008623875609231613,-0.011138527318682812,-0.003092297566595903,0.004068246871663739,-0.013487100731142565,0.007051321291333679,-0.01103974904196292,0.003745655270991577,0.008105704430801497,0.020599149073295075,0.015922701761018843,-0.0014064775813735775,-0.0025169239736870797,-0.006215791694238693,0.008939213457609618,0.00039722773827644,0.003787812112679312,0.00963353937446354,0.004061579423353612,0.011010714879927663,0.00150315059430417,-0.0038890690667910954,0.00038568810193417846,-0.02042632370792885,-0.004605081207413209,-0.020231920047406482,-0.015576256556139811,-0.056703106235652445,-0.0026746800006139937,-0.006490586337769,0.006543016951274794,-0.02113212299746814,-0.019732881131472424,0.007090479364886937,0.004455608306722425,0.00022482912504040442,-0.003244688670956175,0.001782069679215903,0.008270073111236176,0.00955677327526594,0.026521644603993977,-0.013016620840117121,-0.0032374923775335684,-0.004271314945197613,0.026857930738997116,-0.008876719289817037,-0.08347838237439809,-0.0022118663159946816,-0.006694086521930154,0.010700649960851738,-0.009189388128704068,0.004147593180821474,0.01708516254629,0.004010520715835408,-0.0027017930255541778,0.007593618806320368,0.008588393020311669,,-0.0018951540168655745,-0.07658056026117943,0.0017792869638721953,-0.013480754845538234,-0.04312872093315079,-0.035280271592599055,0.02338648689638223,0.013936449822832486,0.023185920866146015,0.0035091532652369306,0.0017629524854974044,0.01123009388598395,-0.0011525426759170232,-0.009576983891557922,0.003617482472672462,-0.033726628575981965,-0.006399505689022034,0.011734397925782902,-0.02319855005583804,0.03568618705249138,-0.002805243380837763,-0.03402005023922039,0.02657807308970095,-0.003876946857868102,0.008480808817070473,0.002126722100118217,0.00923076042762161
2022-03-28,0.023116503228926222,0.005036657947940837,0.01903072641243808,0.025592678900108856,0.00797939299986039,0.006376532187511552,-0.0015352168227193985,0.0030277895271173527,0.0803450783611821,0.017095246845246548,0.004763096043667758,0.012464901928660232,0.0029653244861169714,0.042606957176403615,0.012235754952476308,0.003092562582685421,0.01770051437796183,0.0030385245542186023,-0.006174097978320914,0.04604330818647728,0.008487114409429841,0.004377689436767529,0.004218490021874022,0.007035503923136455,0.02816612830680687,-0.0034379528735689613,0.022535239060390788,0.004487924374579899,0.01285188488845157,0.006969892867617178,0.019660889286038596,0.010634652231334085,0.007350258672846222,0.009841149405125593,0.0008127314156129994,0.024315040941890853,0.004583270386403493,0.004579107838872165,0.042237625242307564,0.01086771400354447,0.02285321686290276,-0.012884346471418118,0.05044033879057941,0.00023316980606691295,0.0007659300350653098,0.016522227535337608,0.0025714189250227726,0.02118491550157331,0.024000732445489392,-0.02389956481557809,0.003709136120896517,-0.005460508811617859,0.016772550775222106,-0.0008068466555359866,0.013738085723831173,0.05539032684936429,0.02578856518160766,-0.0003168891267018026,0.015414369198968325,0.02933651852662611,0.017431606762285723,0.08680785744300001,0.01485254178408435,0.00375833686326299,0.0331319164399595,0.0069160595442905315,0.007951304229445233,0.0025451379941703323,0.015283036218025181,0.0011318452486452912,0.009012418171176595,0.011176108261874651,,0.012521029828573171,0.04315334945229932,0.012285403508708548,0.0038384770542405633,0.0525592452529311,0.017093501962838875,0.011206375632608179,0.005654992091064681,-0.039655981000822904,0.00032781967650064026,0.006585317640096289,-0.044421517729277826,0.017307721651517394,0.0033653668814050963,0.02366397569402401,0.06368532651103687,0.030520738707720874,0.007637919926964942,0.03304092180255114,-0.06384596857934377,0.015024555908861315,0.03664664705366416,0.012944983818770295,0.015685313509350873,-0.06471665203203758,0.0014855623177201238,0.006097555213709249
2022-03-29,0.01515928957202517,0.019134399166084615,0.015486002620149097,0.00192027764251268,0.028042418601705643,0.013572819103209177,0.0074227425098387645,0.009158175975388039,0.007079858095940583,0.008439267370819126,0.024866978927858163,0.03516418909723251,0.014843460914048645,0.03626580843199556,0.011467832635343678,0.009611874957625943,0.01533714004882114,0.01653525040352255,0.014366175549989313,0.010114433614073937,0.005259836028207454,0.027458947252209764,0.028705310433534414,0.004449586476475531,0.023902313955560084,0.0021814858426756345,0.027423020594397274,0.020850146539791448,0.041768717184644144,0.008837829480825343,0.007254064154337492,0.032247184793903205,0.019487891097677235,0.01745783967980441,0.02420012483112055,0.02392428486140341,0.022811734828650065,-0.013978465889560532,0.025934156659714436,0.020594961654835098,0.021542438442192946,0.014426404729351194,0.025580303752967604,0.0394031817546292,0.0040068404880833075,0.003996843345533296,0.04694309968681476,0.04312647168113459,0.019539787643106044,0.02326128034699937,0.018477018200206974,0.028085774340858016,0.031992068175250354,0.02489579012644816,0.009253366846276645,-0.007925272242278791,0.008311832349870318,0.03629449039103805,0.035235115402515005,0.04082166923168096,0.026437847186969288,0.07969940332307712,0.04357804280860389,0.030083949940137078,0.036741221551197745,0.01335739346860243,0.011064458808538902,-0.0005077547111851377,0.00889497888996349,0.022648982903843207,0.0204820494503688,0.00763160304019328,,0.012525461459254705,0.0436792089127267,0.017546380449651178,0.00871825816411187,0.0644506093880648,0.04057581058546145,0.02107781858006219,0.006170013951472431,-0.014001430443724927,0.012999808056637141,0.020585467291923232,-0.008918968406883443,0.015122858487427226,0.015447866523074838,0.03123087760346377,0.030862416609412247,0.029051508094586564,0.00828192005863615,0.025469730609543495,0.009878155784387,-0.0009447839611629316,0.035564954725711306,0.013226883860822714,0.029589777367101666,0.02619234082456079,0.013350309100425894,0.0030303001841676114
2022-03-30,-0.004914296606163937,-0.006649544014093012,-0.03371023082220037,-0.01780118433038691,-0.008744429224305073,-0.016181496128772177,-0.00397869633931669,-0.004226870977857788,-0.00507475414515135,0.0113863476907341,-0.03254079385696007,-0.026415205732338576,-0.0013674756180539482,-0.01344539101969211,-0.002206291685919015,0.00682595797761687,0.00140160355708141,-0.05177879938809482,-0.01569377406362138,-0.02762892193269284,-0.0018836365610559458,-0.039875560607296356,-0.01863775541057533,0.004264362286645174,0.0080794782828022,-0.00506226604225668,-0.03522241660156189,-0.03580404510119728,-0.018520832527051945,-0.0056594383691751515,-0.008662268024588138,-0.002192311413759418,0.012491654130763585,-0.021741668277605597,-0.004915974731048989,-0.027346237908164595,-0.01437302080670666,-0.001232711997580016,-0.024662767337564118,-0.0346617262911465,-0.01602701477703894,-0.012189637129284447,-0.037126959342668076,-0.010486823122301314,0.008744057464076915,0.003184685002995735,-0.010767999906805992,-0.022198402662418126,0.0011587216719992632,-0.008526433507719533,-0.017042323134355053,-0.0380507520442146,-0.030515914465786276,-0.04136031216403513,0.00354573237960909,0.02077042660950701,-0.019085507403078128,-0.02554105573267562,-0.008968609865470878,0.007238723171340888,-0.015972150559118603,-0.04305948655133218,-0.03076925533758168,-0.04249184559436403,0.09579327293105822,-0.027580780073732103,0.007396855907187527,0.0007620674322610377,0.012377069309971178,-0.005582168035614066,0.032898216634049016,-0.0036562911021416067,,-0.0038614469041718946,-0.031665197298660464,-0.02299178845120764,0.017740801402281514,-0.023182933795002025,-0.03699890524744842,0.005107424030578622,-0.008926503993898827,0.0030274503126934693,-0.0144505976358833,-0.011825814048693095,0.018543777996467226,0.010102412188618182,-0.018236790996043695,-0.0434976288394735,-0.028879474961368334,-0.022401942544242992,0.006821632344128581,-0.016763029241352534,-0.10196972920299863,0.010781203627052927,-0.013007899325951477,-0.015829032286622358,-0.014859374472923847,-0.020952351888020804,-0.007528243677310753,0.0030211452072894662
2022-03-31,-0.017683005327206902,-0.017775797863323284,-0.014590135911784041,-0.019864567358571672,-0.024094822673254024,-0.0022342837308224617,-0.02022708464621148,-0.020996218584028226,-0.014981813142339484,-0.001075502886006885,-0.0828720414498435,-0.018035507014434904,-0.0034532139073009116,-0.009650920455958056,-0.019009896610245103,-0.005173968233269766,-0.0020215730161112777,0.0005893511372858651,-0.03636008012421832,0.018836707068373926,-0.018242796329155708,-0.029455080339545137,-0.021178987918571757,-0.0030918909071786516,-0.009065857783115083,-0.009972481540816314,-0.016043509521322052,-0.019961375703232198,0.008788680803322624,0.017347623567822934,0.00872350152336665,-0.0006590965549633232,-0.0009659344310202211,-0.007808764326768691,0.0004780681959661859,-0.020758679614744757,-0.003519931025976475,0.01097844782468016,0.0020445373681365897,-0.02429298372987254,0.007041878467120899,-0.08340945729391325,-0.01683679425403317,-0.003967112271741846,0.009423875595291786,-0.009259219078976644,-0.01077008767717702,-0.023968236889967964,-0.015323707709409273,-0.0166109239193869,-0.014876935686890636,-0.012010889756084997,-0.001998451631200049,-0.017805821308320424,-0.012732054366612844,-0.021739130434782594,-0.008693454487294305,-0.015380986265233876,-0.030090470119838786,-0.01429619889120215,-0.0005556987289548898,-0.008796421263624676,-0.02321565178392393,-0.016363398481312075,-0.031014544266558364,-0.04060135664610143,0.0035204031439060035,-0.00025386131581495164,-0.005191719366051117,-0.0029525317832115316,-0.003068143551888114,-0.006553079685473029,,-0.04314876832355441,-0.015206972844467037,-0.02029706275595189,-0.011621072359552675,-0.03322626475885282,0.012094063305518876,0.008469225698831462,-0.009163519471717008,-0.014875976688648485,-0.01882045335584004,0.00039141070664872046,-0.025167300270715898,-0.010784884199315448,-0.0020375902870138907,-0.028247705823431724,-0.029110585678519985,-0.008304466555474233,-0.0020741361519894808,0.005752417331898574,-0.0686362086620157,-0.0010604629488979445,0.031077111894499465,-0.014866026539303467,-0.007499189252237026,-0.0303502203692656,-0.05667928104931341,-0.003012045380823114
2022-04-01,0.0036003239529385223,-0.0017181321270783867,-0.0210363942773778,0.003450973226124532,0.011198081877717536,-0.004287911698699132,0.007787531347625221,0.007522341940129351,0.006486599368272561,-0.0004861826405981873,-0.010517595893551834,-0.002989922657136934,0.014219079666593082,0.005640681602566033,0.010330959478486834,-0.0017933729758108363,0.018776690991168632,-0.03814946703075284,-0.029257480281687176,0.006426246488279386,0.01879540952266412,-0.033308037086497544,-0.007630226341204582,0.005375848786679516,0.012795067498191814,0.007451932031027342,-0.021954026163465534,-0.022618577548516705,0.008252305714862906,0.019848996633910154,-0.005140124721738304,0.005716133187740002,0.026193227079744474,0.0010897683893449361,0.011946480002916537,-0.01581710261579483,0.0037005450493283742,-0.018312900610327087,0.005131040984869717,-0.00029945085446747566,0.007114180476600174,0.06332587576355753,0.029130397302195465,-0.011778135557432456,0.0033908942498328543,-0.05180246734002947,0.007626996153232257,0.008819685513260955,-0.0035497066541934075,-0.025592777292883784,-0.0323606483330765,-0.016533377611412492,0.028160199712527367,-0.008924827748143405,0.00999513184442602,0.031466674804687456,-0.006389434541001049,0.0016736995491317685,-0.006111559505858732,0.03903440379682577,-0.007988494513986644,0.03165798282432508,0.0016582083506195833,-0.015570910013961159,0.006050957995236805,-0.06756392517287468,0.017440167903272963,0.013709086669071002,0.0045453979146579115,0.011662349488694268,0.01758623781795854,0.008970979918186295,,0.02962306160352668,0.025136433119315127,-0.00915779319564769,0.007084733895812434,0.0444765607372517,0.013401985627101265,0.0006298294903241963,-0.01011776743089865,0.009921218209697047,0.0037917249272667597,-0.006093109405833519,0.0002746037235679122,-0.0023762277129121268,0.000237358934093157,-0.04759622285874299,0.04056772273922671,-0.003651829637646431,0.008036605871832414,0.02043272529638851,-0.02691439506184312,-0.004495792994962611,0.024482102749829204,-0.012098351397771157,0.04149971452001755,0.004012856386981234,-0.020326107619110023,-0.004531681796042464
2022-04-04,0.017936744722768072,0.023693448113463633,0.024258801680066222,0.029264484561530857,0.04020454988100375,0.012552227124227544,0.02012835628204246,0.020913325846730002,0.05611341298759176,-0.0007644638111908852,0.021628581986195217,0.04827696661141467,-0.002591819020113517,0.023178146752657725,-0.003997175660792607,0.0037728904967364585,0.013995120127960892,0.0463976584159449,0.022656415272490404,0.04488252753380162,0.008595384504284098,0.01593280528176133,0.0034600443567496253,0.007198091622025782,-0.0107678485727285,0.00020409399158816122,0.019558911233927834,0.019221572654485097,0.003015373714561065,0.009355704711838442,0.0051522760482936025,-0.03716254897001503,0.007194829446600659,-0.0052007777405495,-0.007712858069961248,0.018819216104729586,0.01675884080251966,0.027801852028576768,0.01543370571555469,0.019618763578501452,0.008935553244632244,0.1559202221164422,0.033395149795977686,0.005584991142381535,0.005178813448199593,0.0028161727272659753,0.02282311654868363,0.04448446492551428,0.012597896282857013,0.02909665901033298,-0.008331344739914148,0.003241381848378966,0.005477747290125512,0.026593490892980576,0.009036581294231905,0.00620476745107279,0.021308819738112827,0.015197294940141548,0.02689640990850095,-0.017627019937324073,0.022654131724021198,0.05219187327506436,0.028252925078352753,0.0055427338914264546,0.04555843164366524,-0.0028366554575292025,-0.008472077551504809,-0.0010017759885205813,0.00804429984352506,-0.009684853512427427,0.0031684485985252753,0.003138047244185538,,0.0005697324604607701,-0.022934498758403365,0.024848475600733888,-0.002095485627366722,0.0399557488799569,0.01993483751526881,-0.006714219384152953,0.02227901334135729,0.008306803497573734,0.00011103773579312914,0.00579301890673789,0.00027463307889452615,0.013497101884701435,0.004699765116777277,-0.0006708186283889139,0.03738345928301312,0.021232902865985226,-0.0006873271719286533,0.023963257932652082,0.025518590619500126,-0.016684366339586365,0.009131904026869808,0.01678948980108519,0.004534195999337465,0.03117501059256944,-0.010487895076866205,0.015174492005633589
2022-04-05,-0.012985352008252793,-0.018941968373500706,-0.052229562230036275,-0.025492089193307588,-0.008764817038383166,-0.03265335317941409,-0.01665012412244471,-0.017957764993883907,-0.047308971544201106,0.00033036433466016035,-0.03356553990270705,-0.028991075615620976,0.0010630325300930998,-0.02182123043365669,0.001026588382775362,-0.017003772706308262,-0.004751411429396057,-0.05428769896147778,-0.021747960939671573,-0.018985476553730396,-0.004988602690126687,-0.05971881343584451,-0.030266618328935957,-0.0012659679208365526,-0.02094288361378205,-0.012444547101849723,-0.03939742024890669,-0.059583556851591,-0.03240881849143451,0.0049135524667389685,-0.009936860451977059,-0.045067473678631065,0.011990847062004928,-0.02747722961982335,-0.0004759294663454483,-0.058656857363637016,-0.015163972255008651,-0.011081072926321878,-0.03657210837755309,-0.050482490863283935,-0.021901763202331392,-0.050304251128101996,-0.03704317356369735,-0.003721694355567129,-0.03960176445780761,-0.009547883930365764,-0.03282113556867439,-0.034547834099674435,0.005078963397747938,0.005299577459156657,-0.019760998451303302,-0.04129014435644984,-0.008474539481517107,-0.0637335743452404,-0.009412788695040364,0.010620056878063,-0.013497937363361578,-0.0097186135226911,-0.033002701831605696,-0.011068611952815166,-0.01384520926424937,-0.07082778241549592,-0.00021462534570571012,-0.05767680927589991,-0.013509299131530317,-0.030211315361393876,0.00655733753312604,-0.007520662864146321,-0.013798866334152726,-0.005546706626236353,-0.00043067661793994017,-0.036757034019223034,,-0.009270501730705094,-0.06079744199931003,-0.009757481352311359,0.0056997884093163975,-0.04320659328978427,-0.06170160841050121,0.009716921905153608,-0.016872391735843983,-0.029443375013800566,-0.03576975906893243,-0.011295667683151378,-0.02497940817427946,0.011059440652618546,-0.019041763328855765,-0.06527939888718903,-0.05460624164249572,-0.01283993071439804,0.00508944652151011,-0.05354805429105103,-0.06244982071719252,-0.006570126626435302,-0.051199325498979986,-0.016382820043309154,-0.004677859423282471,-0.05348834114631651,0.002073736161834594,-0.010463403746286404
2022-04-06,-0.036605779413514394,-0.018450792714411857,-0.05877131764243437,-0.032300120131985244,-0.03683572041506755,-0.01973554877475492,-0.02875716915938442,-0.02755512479846567,-0.041694894294368345,0.016460353512072867,-0.02948887413291701,-0.03104034718512161,0.017050143891731206,-0.031074186439129292,-0.020884487211818903,-0.010014553084445432,0.013261593747828204,-0.04248595936563471,-0.012258469551099771,-0.01177299966052614,-0.002924574739340269,-0.019554656735853992,0.00039511980535444913,0.021957782019935257,-0.024499863716620496,-5.1695322897171714e-05,-0.011124538590869926,-0.010860934519909882,-0.033011360932060474,0.009001419729870452,0.024426244615167958,-0.009034737415784866,-0.0008823811507024937,0.0018752535302521967,0.003174111542090019,-0.003675587676699177,0.01790794468325063,-0.023086577429009214,-0.008727183870298805,-0.027766623761601328,-0.009788870447230535,-0.0326783167293786,-0.04447732432382323,-0.045000010523302825,-0.03973452094195207,-0.01701168928355612,-0.038257127474473074,-0.043858934085728496,-0.0005795085849259474,0.015423865030175898,0.007725729155060979,-0.005997618140343497,-0.013186835298329314,-0.026496817790707783,0.0055586890596663885,0.01016946566306931,-0.03996329794039444,-0.01250496121991096,-0.03597258567984851,-0.013322440248078715,-0.028722643752968624,-0.03891707777399822,0.011164797622020606,-0.025823907164555848,-0.018892329208171077,-0.025100288065442622,0.03138881040182229,0.011366525920814885,0.006911663006092139,-0.01856743638111591,0.014218999838700563,0.023815995938973433,,0.008028218744378535,-0.0458500943822705,-0.023141280592327118,0.030126719629037346,-0.05891340547247126,-0.06555473127391265,0.03995815644137579,-0.00802480638274683,-0.0031000751564087548,0.0012672880931348107,-0.002431947750232588,0.00563065203721691,0.0038284322677657467,0.010115149064793716,-0.035906642237080844,-0.04302005778250184,-0.02353792334699001,0.026276148583059378,-0.052554349164143144,-0.02568493083575185,0.002054655542205852,-0.030405360859564468,-0.030941389974282085,-0.014621832062899909,-0.020475020411051648,0.018854901429682602,-0.0060422904145789325
2022-04-07,0.006243723262729484,0.0018040944846089424,-0.00815342087698867,-0.0061194323502751224,-0.001567425430954894,0.0017441657690511203,-0.0048298041862548935,-0.005183111927230866,0.010996816105212748,0.039774980146012995,0.00048232905026512896,-0.016831850425676143,0.0009281493281272368,0.018882395746371516,0.009522298416883013,0.004782088308594723,-0.003215974220168172,-0.00043076937908959057,0.000420707980195667,0.00979175943823396,-0.012151645127173705,0.025726972661667125,0.0019746465642629385,0.006841942799900247,0.010912092527660233,-0.0047515659133680055,-0.0067769044222362185,0.0103779488343414,-0.004023122682828895,0.012628847383660435,0.01897340719314622,-0.0028790530471725084,0.002985856150022448,0.006051916821129932,-0.005062485357681723,0.025649924683414982,0.0027951658088720688,0.015936105604904327,0.004679048745923398,-0.005107352186567882,0.007908549465720949,-0.06447343618051193,0.007878247872471489,-0.009087046539536736,0.02750685316265522,0.0020191379641949503,0.0075914002927210955,0.004889350717420138,0.00716687088399337,0.036640331324247155,-0.00251556169648115,-0.0063211474342533824,0.011878236675298304,-0.012631523878054551,0.012286670430276425,0.02197988937633677,0.01351351620144059,0.0008816271003535547,0.004069833387852162,0.005848433756630911,0.01821903601325947,-0.023679532113942026,0.01231548999519827,-0.0013180483230751383,0.01990163429872882,0.00544634631732932,-0.010718682554168635,0.0067432680217289764,-0.017076853600884512,0.030546674974774923,-0.009842097512556935,-0.0058155223382126975,,-0.01564342576365174,0.02832754508556845,-0.01314382708758044,0.028087482987952272,0.012254453868636661,-0.00021853848884079152,0.006236197525657294,-0.011613912422616002,0.013993776275825098,0.010355469549666374,0.0053294161207830815,0.011198143827324536,-0.00013620331122299323,0.009203150131097848,0.007262558363269056,0.020943720186044956,-0.0014123012635091081,-0.00560072250846444,0.026053873573778752,-0.012478082251843214,0.01633988909169637,0.015643829805825682,-0.025815238658557504,0.026442070949540764,-0.035535132891246324,0.018054597433228015,-0.0030395108143480565
2022-04-08,-0.01459997334762353,-0.01190892912179875,-0.04498512602147309,-0.021066740550443774,-0.0027808707139450606,-0.026614688861379854,-0.01914067671436448,-0.017986284812101072,-0.03004944796541842,-0.01317327510308619,-0.02622446190407679,-0.017313237938267223,0.0033613550900992717,-0.016301477431775124,-0.0007230953547456842,-0.006406777996982971,-0.003301338876322113,-0.018172667412106325,-0.011354097980127431,-0.024585388553044818,0.005726333707926079,-0.019934660220493283,-0.019650931155542173,0.0015101131923946909,-0.006716544182930662,-0.013181075902222394,-0.01555676048906418,-0.02324468902645871,-0.020684994716647642,0.016133170516851703,0.023607702065225666,-0.01924935094617064,-0.0033123408223597606,-0.015565857406734551,0.008109431406902123,-0.03361843086158056,0.021478890351568136,-0.013366458273201709,-0.020038632971065895,-0.022980961774695108,-0.02997608804806484,0.005428358461988303,-0.010518749395834526,-0.004858514721033602,0.005437072944788124,-0.011801952435317342,-0.02019170652505209,-0.016188975727470245,-0.011790703832744831,0.01326300976379402,-0.0026419539148188065,-0.03134396383493998,-0.001956420091746791,-0.038227261593634765,-0.006408773305523474,0.051058886938848635,-0.019206841275623,0.006085859648829128,-0.012306510816437188,-0.012741022883061892,-0.006772746057392198,-0.040483322918670184,0.015626616545504568,-0.027423415158092546,-0.02576278049788161,-0.015455080583333225,-0.003676162065547217,0.015628807540438272,-0.017373538982620063,-0.007510094284179369,-0.003933088287766062,0.001063571254405593,,0.009267295283429844,0.011572304011890688,-0.01626140997403025,0.0018306893325896745,-0.011230989942908609,-0.021495278992670896,0.0021991325338839296,0.0006483130475318788,0.03680181567894936,0.013096476003333635,-0.009981977212670579,0.038759733313365574,-0.0031786256668877577,0.014694767621057148,-0.025143290932057694,-0.0715090695966819,-0.02590722875540541,0.0033525546603609957,-0.022288382816404217,-0.025627312011082815,0.027173554895708607,-0.027095114509470997,-0.014574591540075787,-0.014456541641898801,0.05895104587524891,0.006872036231420742,-0.009146332820563763
2022-04-11,-0.039431563480970766,-0.025515882364234077,-0.051991886091645956,-0.021613947156313595,-0.026402172756009867,-0.01088588526139267,-0.033491545060004846,-0.031445331358499695,-0.048328086073804455,-0.025614951803239805,-0.03594056686552449,-0.022142308572259628,-0.0030612762915106506,-0.024475667997747697,-0.002108153710571381,-0.02579214706459465,-0.018217391114569326,-0.009730059311578443,-0.009570411709027393,-0.019675254891999283,0.004006799846961506,-0.03101034719151341,-0.012463374655897308,-0.004563166160532872,-0.037604341569479116,-0.004680265947143436,-0.001524821337430593,-0.03230006592154222,0.0008258847510045353,0.0028899584776707066,-0.02229174265013545,-0.01030417532484118,-0.02839594383641164,-0.024253533893706547,0.00015770222858946248,-0.028545442625636963,-0.006581057021397441,0.004389783778670164,-0.03145420373621122,-0.021590039119926074,-0.028437814988539034,-0.008920123639178379,-0.0302464730746006,-0.008604928944570656,-0.00737821621747492,-0.002621618053817776,-0.014210122990197083,-0.012588809795920364,-0.025890160043762322,-0.017013549445547782,-0.005659278877555796,-0.011820870015158635,0.006738488162894685,-0.03832148733442009,-0.0028621305631555405,-0.05217114203414064,-0.006819065128555124,-0.018067467797627468,-0.015920896023253972,-0.026680369692188566,-0.02310695805411933,-0.01597441249287923,0.02963654332005672,-0.007690020183613977,-0.0019487934752216995,-0.006963939567892874,-0.015438356839212686,0.00757209046628482,0.004853572554333718,-0.05965787202028017,-0.017589181321944203,-0.0015936619086129866,,0.004142750465809142,-0.005222558797663535,0.001731747631593672,-0.007168992698988963,-0.00870340698210581,0.00595727970626414,-0.03770196188666264,-0.007288641896755932,-0.048454149000957125,-0.019671762792379033,-0.019025897350203325,-0.02798505395122619,-0.0139850914015488,-0.019231687463620473,-0.007585771186310097,-0.0014336598287258973,-0.0275531295900987,-0.006148076535002711,-0.01089107118936139,-0.012968019807719777,0.015774658440357303,-0.01626366988074368,-0.0055197706657198475,-0.03143265172246601,0.014326663000310047,-0.021796519235582346,0.00461541689359235
2022-04-12,-0.011217878768427614,0.01152340067637625,-0.018843842301941915,-0.002213363562407644,-0.01071794905414336,0.00768161431112091,-0.008608686660482978,-0.010955589258509812,0.011291813566499442,-0.005661309209202825,-0.02331317868367444,-0.011206879012886084,0.004055602105960343,-0.017654942879641533,-0.0099321896802953,-0.020045411344179365,0.007820919236171342,0.005392994416721697,-0.0015031070492361742,-0.024760217415341512,-0.007561449395850017,-0.014452859050674616,0.006164926971866214,-0.00330849383030829,-0.003979012709932839,0.009087553135081583,-0.0009718130780301815,-0.01841266517953133,0.005610301489552549,0.00021344608266171683,-0.009108929128176624,-0.011031226899875679,0.0004329357543293444,0.003938282734555543,0.004100273177083391,-0.0036805780800984733,-0.004200974698614912,0.0016205688378707617,0.003421885903049704,-0.006256884758385595,-0.002406728000234226,-0.017764092333380277,-0.008625786355850318,0.004863087471608685,0.03190206929180772,0.004964899550581103,-0.0008736311366517313,-0.01420633451668507,-0.005358772994955574,-0.008826718549724943,-0.002058633855650749,0.004289460106039034,0.0063283958141484575,-0.009879770766403673,-0.021381918560251734,0.019611051758803066,-0.005457530287060086,-0.019210526820286455,-0.014520421079101453,-0.004182821172900142,0.006187677017096771,-0.0028648113852246526,0.024872163069950215,-0.005166332631875714,0.020122616543484018,0.007361463973473814,0.008974319714212253,-0.003151541045217754,-0.004830129171950803,-0.03350954534453876,-0.0018269512327572235,0.0010641371472457362,,-0.019270915941621336,-0.0031250000000000444,-0.02105925082656268,-0.0285996987345013,-0.02023810523978209,0.0030350408855135402,-0.0039386906052091275,0.008076340748746302,0.030123544127331314,-0.012842595554865,-0.0032519179812430243,-0.004113011265646893,-0.008362197200800003,-0.012154579897171613,0.015478645714724015,-0.012185684567585842,-0.012012244310444675,0.004975830332773379,-0.005884483243221772,-0.0138786082030673,0.010212019617625856,0.009680568548201984,-0.015441529835585555,-0.019044643773212577,-0.004035527792524141,-0.0045014801162662765,-0.0015314285697595187
2022-04-13,0.01971210950407376,0.016342539511671417,0.03250560691686388,0.03152445706895657,0.003969394349203181,0.012767652775927507,0.01706538222242271,0.014890021586442481,0.03588835603591267,0.01673668939912032,0.027760246393346177,0.01839577582094365,-0.0017311197142230172,0.011481651803556314,0.01671974522292996,0.0063682329795082815,0.025943423605987004,0.032405053867148315,0.010967705839423747,0.019063338684696562,0.013968250738880528,0.02007684270926635,0.01219653531995113,0.013877784809937399,0.026525085316865926,0.020210484838641074,0.00583655050429166,0.012012816598634846,0.0360919366817789,0.03478569799612985,0.022492682372368566,0.014162141126107697,0.011598753409883145,0.016848843197347252,0.002827081990769864,0.018985583690149577,0.006977126362541108,0.027978877141748404,-0.013222615349587463,0.031582508022937716,0.01577882405940123,0.05883767916290439,0.01771538905469061,0.07534910180754584,0.07315111854210876,0.01394942006291311,0.07332462337399459,-0.028452672804200385,0.008682723535925918,0.009128266886485603,0.01007159257921253,0.028875673314852968,0.015963232021423135,0.05271907720996616,-0.0031880977683315104,0.03765957744597048,0.011904245815261838,0.0032231354516398802,0.028551066182022078,0.017066646090547755,0.03259619110374645,0.06071637692453713,0.007241391976615663,0.01970369469184341,0.0501648100103107,0.025307640662560082,-0.0005864290883145218,0.021400804741579682,0.02236091083784686,0.022866212172170997,0.009517556824161,0.000797203785420475,,0.024184202751606154,0.06369908252106193,0.019425253920184682,0.005247057384477616,0.01777044142492623,0.054391107875922495,0.012278879541226528,0.0004046536528388156,0.008334557574030121,-0.0003484583641882866,-0.0039615071363843235,0.02477977790311381,-0.0024692451584232833,0.028453322303236828,0.020888231522407263,0.04475990951183473,0.015936200276477797,-0.00481735038378206,0.0817488597647491,0.02889849669862965,0.02326842217287073,0.05112657892552952,0.004553374385901643,-0.0035984510506773537,0.0534845898906815,0.008365338813342005,0.0015337774403512139
2022-04-14,-0.02708437757169113,-0.02998826756681583,-0.04256180246001673,-0.024652684274885983,-0.022373192680976817,-0.031542179657865654,-0.024358276008421775,-0.023279533000414743,-0.03655231880843268,-0.001184273418983639,-0.047882140448772925,-0.026538789451087674,-0.00635841678332727,-0.02601526776704899,-0.002286643653337861,-0.018792010129611958,-0.014015567698214326,-0.025551575358652157,-0.028504577758601934,-0.011287844744274689,-0.006887873458744087,-0.029950367805234857,-0.008280491937571632,0.002011793525604988,-0.01935344292141883,0.0017449131498101789,-0.03108593652086311,-0.034806674000373516,-0.014521446655009651,-0.010174239609516023,0.0015439545016273648,-0.017548173518005195,-0.019423326936880092,-0.01024535268918314,-0.0020359789588821897,-0.04469267359548357,-0.0038672522261671283,-0.0035452468911681967,-0.03896065518867975,-0.024299912545097002,-0.03844913340084333,-0.0883625844135344,-0.06639668428764034,0.028312643333658682,-0.01934461509981411,0.004872513230625541,-0.006691935492750045,-0.02719407302600929,-0.013615316392286414,-0.014114032658066433,0.005646361606363337,-0.006022328168440283,-0.016902818262486963,-0.036808815867935496,-0.016716410102112222,-0.025700900149759565,-0.01744951206709544,-0.03632915441871987,-0.024833992412054195,-0.01341219447700348,-0.02669717439767938,-0.013091409802008402,0.0014573158985151657,-0.02306771818827713,-0.01075867658945684,-0.0068646810129895375,-0.002053780777238723,0.006904783703032047,-0.05035607398701769,-0.023259446163032882,-0.008702566926925948,-0.01115236778138684,,-0.012588934535022633,-0.024578557579488125,-0.02645669771930359,0.0011599511329378753,-0.05118639301342853,-0.04780571193729277,0.00801807965753043,-0.0082511264342221,-0.013538506099927794,-0.01533813307309817,0.011697958622683968,0.001880701035154253,-0.0037830907303944006,-0.006682833462629212,-0.018248878865747442,-0.05343695354149469,-0.045537531360991146,-0.000403474621261668,-0.04307092639251875,-0.049790320367769314,0.011574183917502756,-0.04305668287577069,-0.007410596003951775,-0.019979658503551656,-0.043076955355130675,0.004708585344274763,-0.010719780920716349
2022-04-18,0.0024657916396249036,-0.0013309091345490298,0.02469658460240476,0.007109164667870926,0.0028071729814447277,0.02204413165853336,0.007468594895295277,0.00556372103034275,0.019583733431163042,-0.014007722566538594,0.008918996914137,-0.00958584552646824,-0.008609632228552044,0.011963654148246405,-0.0030766686630393503,-0.0011725143783600789,-0.01654642069750889,0.01760283103970406,0.021239353176998987,0.008449664202304197,-0.015132433648482824,0.013320413974067913,0.016699261979326474,-0.008227744120647862,-0.011977139640008239,-0.01598440021601044,0.01454447900197553,0.03154591374810334,-0.012562342567889018,-0.017293506147230242,-0.013396642741760889,0.001257842441774848,-0.008726003606586596,0.024536717813997688,-0.0023540728657451826,0.019876769666811844,-0.003882204221195229,-0.014343183843552598,0.007972338403169799,0.012895816875949873,0.005407193204888472,-0.0004996367317906536,0.00914807849827981,0.01462522558299928,-0.043491181338530915,-0.008842023991681214,-0.029056775300248194,-0.016909351664760597,-0.0011845691881138265,0.01084214459213717,0.0015529704841277248,0.01911764705882346,-0.0018161266876768334,0.012465119014547943,-0.009866463427909644,0.012150314076745383,-0.023011520056441248,-0.005556518270012356,-0.0009658031084868179,-0.023328078702871125,-0.0040390305084956335,-0.056810897659602344,0.013678657427905305,0.030972042398937916,-0.008239933545119094,0.002417430211284266,-0.0037240028421064997,-0.0030740379593490186,-0.018925148908391032,-0.020069248450424126,-0.006876892418003933,-0.012352386639013169,,-0.03932872319998659,-0.06489821219812397,-0.01213199617765115,-0.006372229137722618,-0.02437878274801708,-0.03623928931995757,0.004079150885557548,-0.0035888647429681564,0.01126840169808574,-0.0015340719458944996,-0.007457990031900841,0.0037543412767828688,-0.009798388691928395,-4.709369786537465e-05,0.024596346499721422,-0.023478465585177855,-0.002373049063227106,-0.0018832310538745567,-0.03149362817971313,0.010556680765182902,-0.005894274801924504,-0.036854756551057966,-0.01638162986112579,-0.0019019410664002923,-0.02893888013026391,-0.006918129073653412,-0.03095972261364044
2022-04-19,0.017039779575436675,0.014115141872437453,0.019051525784327117,0.03488883060861969,0.031029051352480908,0.018959923473465423,0.01826886154814744,0.020084301886036382,0.023758093445249484,0.020923508517052936,0.03237832501107163,0.03181791412443835,0.014552257682109104,0.025689220495974663,0.001920971641834024,0.014087286482193928,0.015907019871784556,0.012417424896577156,0.027658682084238162,0.0341761864388197,0.026675202384096153,0.019064984414104424,0.014159492719580058,0.005715883313899273,0.06698020205982336,0.026708957298907654,0.02220663102136422,0.018361523478009012,0.018219270203479576,-0.0016608404428505308,-0.009651605898906013,0.0203517936888995,0.010563420719676309,0.012348827688355213,0.025798323069395224,0.03034743146738661,0.01948679624164984,0.01743316527151939,0.030997548486918935,0.019105662336447615,0.033264686850360325,-0.005248665165767719,0.056362317597271616,0.030739858424426503,0.016311827544965407,0.015539594691434289,0.026426870271849312,0.030622407784682615,0.013989057751478295,0.012014610139438053,0.02457060427234259,0.031168795939303662,0.016496853106211073,0.03304715585056095,0.013446956583111236,0.053703958891651915,0.02332571807374717,0.03515856849921217,0.03693909643649729,0.023219531757761258,0.01443620824492764,0.03307472078154605,0.02746677007615439,0.02468774114884109,0.04412221645999548,0.03176454354150615,0.007574233871028291,0.010673642423342455,0.03184713331578837,0.028840838551660974,0.012596734540458066,0.021207249045184673,,0.045493777498313515,-0.013117924260399816,0.037006748772294706,-0.004809821135679959,0.07834919725927247,0.04705970666022696,0.005484470044165413,0.015389629969380092,-0.014857155936104927,0.013355362785326896,0.01316408353938514,-0.01843437406046644,0.019506628408799687,0.049308418732371795,0.033168432901103495,0.05703920599648282,0.03479367913637188,0.00862532905621105,0.02334832844704482,0.0045583638521180525,-0.000930091630789609,0.03701858738491626,0.0344141361383119,0.01911562540861622,0.013658937325755183,0.024719066834181902,0.023961599528098843
2022-04-20,0.0037153789132404746,-0.0010155207595194948,-0.0322551065011667,-0.026041044919075107,-0.07772306649211735,0.0001672895598445745,-0.015145177324192738,-0.017509305065883662,-0.04955503671370076,0.0155309468172522,-0.030021702805606898,-0.3511660252264417,0.014864126170862857,-0.018996353485028483,0.02583687373376997,0.022959648556214685,-0.0010538948622998978,-0.005033723491708497,0.0037554830801105332,-0.006432051188648535,-0.01475782738443554,0.007090396791092024,0.0020105027100414397,0.007933101015751065,0.027267207977833108,-0.004361057929312628,0.006462169250866401,0.004716312431625402,0.005546252384845962,0.009840007388512095,0.00474717901362709,-0.012927887662850246,0.01315326190501187,-0.00579104484346582,0.007974302710652248,0.023000381401965697,0.013061479942153786,-0.0038023893637677553,-0.00022843603208311247,0.02715700894021844,0.0097031860493757,-0.06256276159550578,-0.044402125439276574,0.008051723076012873,-0.026983285533672574,0.0002833188232875816,-0.03274154846755539,-0.08450705987609852,0.005967156890846148,0.018581669929079503,0.019790485190192664,0.000783651802023444,0.018496364748411098,-0.013015553161308424,0.013009160483353543,-0.019487264880893473,-0.019944777067606,0.0028234842422778517,-0.00922475394828648,0.009353598128448937,0.016080361405539367,-0.059806615517991935,0.009780207207418457,0.0036284469443168543,-0.0475955359840976,0.01124821594434744,0.0039051208111604563,0.01736676491832201,0.005643733518842842,0.02503745311391703,0.015786396500491406,0.011980748982671319,,-0.03906764325834833,-0.017024660049329343,0.0,0.00834797459013803,0.0004484792879444477,-0.04122963077242503,0.015151515151515138,-0.00588522534299829,0.028857277989982055,0.005481703200528321,0.029090476529677334,-0.03837778396832536,0.00961311497621109,-0.011613359999381512,-0.01738204192391457,-0.029536314414625675,-0.0007204812366519153,0.006814566557805435,-0.03094535067104598,0.0056721353851869605,0.012858595314210186,-0.021610553448016878,-0.021585800988076498,0.005551244558536617,-0.06043281159935898,0.02061408931712405,0.0
2022-04-21,-0.019381156854562098,-0.004843614060203949,-0.06046925356239652,-0.037026427673936824,-0.061620551629364195,-0.008348374621823362,-0.025191303919842922,-0.02579426718179134,0.03231684066245499,-0.01953513245436289,-0.044352247583842375,-0.03523586867093176,-0.003590385128111384,-0.024830008009519067,-0.006128014308674046,-0.004526625356368719,-0.0045214081275418705,-0.030141056277033673,-0.012679289183386788,-0.03382097291771591,-0.009704702201724036,-0.01866143828681166,-0.012206010833553216,0.000313265837281973,-0.02750078157846514,-0.00203725121699605,-0.031147525605895843,-0.02480008752450058,-0.005542224086567904,-0.012583233408673511,-0.018773810979814343,-0.015092916453893102,-0.010489220585603753,-0.016544789243773783,0.0016734059841703175,-0.02777859951168693,0.0023585146144293745,-0.05456984381483532,-0.035133577426120444,-0.021974717650648512,-0.033539133893563555,-0.06861434679880862,-0.06124094793444124,-0.032212321516070896,-0.05681153794585525,0.028328612510283735,-0.04035247199333014,-0.05795574195539044,-0.006097795422450036,-0.021119513412292457,0.005707740634559144,-0.02203695581727383,0.0179261723099009,-0.047505527947385495,0.0010879744385901002,-0.04188970095947708,-0.03493232698613269,-0.01581652557404467,-0.03362714613562778,-0.04830881016676314,-0.056726739171828244,-0.08178552517799254,-0.011345847388468444,-0.022125795307817664,-0.0211468449028398,-0.006572796548703241,-0.006904590798696653,0.014994268714148662,0.012100993005429439,-0.04065140544086576,-0.009381920166035895,-0.013154433624816608,,-0.03158816326163405,-0.037436685984437945,-0.02100113362704037,-0.021205506417279474,-0.05155405024866222,-0.07445673747091297,-0.010149220329018993,0.0034871487607601726,-0.03206474974402007,0.002435901713290667,-0.01446925328430515,-0.0684970806176246,-0.008969627428649707,-0.009209267553180411,-0.038628215621005824,-0.045107371221926984,-0.024240334965128785,-0.0006635092684236232,-0.04618648316753482,-0.021620562904173024,-0.005859399481457084,-0.07159532677149061,-0.04230375501321337,-0.02434844569796335,-0.06779658628530971,0.005801470830517186,-0.009360365711048257
2022-04-22,-0.024144435163431677,-0.02782120498590701,-0.03309719998992977,-0.026608937569704394,-0.021056024669794504,-0.009751435648906681,-0.04149358367880651,-0.04260931735398954,-0.003697576672395231,-0.03386618845788392,-0.019031709666252006,-0.01237282069992962,-0.015385509595914337,-0.021102800916813824,-0.0451644545334462,-0.026904096282440837,-0.026267986831007284,-0.02424511819087327,-0.020210507041529602,-0.048018867485550065,-0.03323386459807243,-0.024980545670851173,-0.022118141756159893,-0.020003133469244427,-0.1433615437292216,-0.027100119896046437,-0.02129151925862771,-0.013588645077018402,-0.011365035097694043,-0.04007659781262696,-0.02553422078111789,-0.013171237684726056,-0.028933828374480886,-0.021800810078126398,-0.01184688369807807,-0.03485220332578853,-0.02352941176470591,-0.03449318948934377,-0.035532994923857864,-0.019952249277202294,-0.0249571531074686,-0.0005755527414006423,-0.03371761828002939,-0.025411265256614413,-0.02015730694923845,-0.04903578007460618,-0.011525598644865687,-0.037695779519718475,-0.02602120851033074,-0.02798874435142973,-0.027355276242643556,-0.023448704377444063,-0.014157409834525181,-0.02518769169330748,-0.03239007041972786,-0.003829549557709311,-0.02974813912079921,-0.022717686015200855,-0.04007588340355517,-0.06722975703186274,-0.05282321562622383,-0.03208262149157781,-0.03470797919491597,-0.02292225656314628,-0.036023847151466226,-0.021993558558573545,-0.01831181645404545,-0.018636356700550416,-0.013169265874025782,-0.038333417498533806,-0.050390405231584556,-0.013596330161402048,,-0.014758364154891956,-0.028788952678957647,-0.012903213500976562,-0.022703647323847442,-0.0634946040095491,-0.028074192887152183,-0.021913954881504716,0.035154344183116804,-0.05278485386113452,-0.037722686599262256,-0.038943428566189375,-0.021573961949698628,-0.02251098126444473,-0.03850727398511933,-0.027788201067929008,-0.0336065471276662,-0.02698903325888724,-0.013280211945179365,-0.023644015563142218,-0.02498076891218237,-0.03218532384148354,-0.018074964036632446,0.03710183933781508,-0.0390720235364963,-0.04102568936201012,-0.02713096390739078,-0.015748016714081325
2022-04-25,0.024413394413778544,0.006737200333224225,0.01983095309769456,0.011943186356370372,0.01564284869515431,0.0015844495381887036,0.02874146475602357,0.030397793194381517,-0.006994645387893739,-0.006104583102774508,0.0289312805697306,-0.026030069131120603,0.009236198972134568,0.012919956458294246,0.013786610476696826,0.01129279613444023,0.001399305519308891,0.028235826134591635,0.011173193973663675,0.008211292970052408,0.007271882075588598,0.014804947905711074,0.0034620397667062264,0.00726979037770481,0.011016877306974315,0.006242471861330534,0.010229059890688896,0.02869606461426466,0.014531079138404346,0.004659341710977261,0.0032699685270851653,0.0007700871329356929,0.015837478608034194,0.02363927967114532,0.01106672683248533,0.021370398118502942,0.00642572732335589,0.04924943674519611,0.02077197693941879,-0.012820687966206612,0.020463285131487208,0.025050358288278396,0.0633790248789492,0.01665825473769278,0.04357556135900431,0.003476214666670918,0.01473510862783911,0.020341741541685776,0.004828552826924515,0.00798276731564318,0.007702158197573583,0.012240095683107688,0.012025671464648724,0.03850102759878715,0.002620689034082524,-0.002562867958192938,0.014553921937301428,0.017735665359718267,0.020500754833918666,0.004175641355671722,0.06309764090272019,0.02528089887640439,0.020780993088193256,0.03072497031441479,0.012181687926003937,0.04010708320217349,0.0024937655860348684,-0.003242227620634308,0.0,-0.0028925462215909636,0.006851875558917753,0.008108087488122973,,-0.008604325514789068,0.07175436502060051,0.02369282262848471,0.001518349122295204,0.06022883435004056,0.027702692035691978,0.0024665761175965972,0.00046840159504313306,-0.03289781866179131,0.015632459897973794,0.006547131380843174,-0.04534164463442114,0.015432098318185927,0.021667639763535584,0.03283122446922815,0.034000618961047335,0.02039640847866031,-0.008075451936356726,0.04998300965958857,0.03902245716867214,0.01409039663831102,0.028837811133668234,-0.02529137787275415,-0.011063957528294699,0.0452114885256798,-0.003293841081759008,-0.012799987792968759
2022-04-26,-0.037403818589131665,-0.03732810442527357,-0.05597426967390495,-0.0457507730510871,-0.03230123732544987,-0.04730556802002028,-0.035945821714025716,-0.03037730868883115,-0.12184121881948873,-0.02543075913526671,-0.060976939358555415,-0.0548330692431056,-0.0025325338292542243,-0.035825623028190035,-0.03331313666168256,-0.02002304829279078,-0.029888972495087485,-0.02240771538737618,-0.03272420039497437,-0.05723488463845894,-0.024939825256651282,-0.04848434517841205,-0.031453056785225586,-0.009120843353525698,-0.041549039854197,-0.021634912922607663,-0.04335426121579167,-0.04030059960934784,-0.038325264299798434,-0.0146863602103251,-0.022467529126154795,-0.030136009263285968,-0.0210516992455414,-0.03844702165083158,-0.026451777076000327,-0.04966632080507216,-0.01404630561344411,-0.0315809069968771,-0.027567782074374936,-0.06566972452978903,0.002911893877196592,-0.02134826837382231,-0.02119166170010134,-0.028660652400211428,-0.061422349809407306,-0.015300195976771791,-0.03377742360080638,-0.046479857459475915,-0.02524638091336706,0.0011634340356685424,-0.029299327349802784,-0.02944918100981686,-0.004845387257344513,-0.04514743657554954,0.03676943606192862,-0.037257100975899626,-0.03457184917286027,-0.034684024243932576,-0.029087092524861524,-0.04291620297290011,-0.052520926649886945,-0.07660271631528248,-0.02442952197844983,-0.04302496873460604,-0.04227226415659047,-0.02755350500624809,-0.012537334688860424,-0.016960955546192147,-0.01755926227573923,-0.035382285226246646,-0.02071837802014409,-0.006702413005724828,,-0.039489494379286616,-0.03071611105306038,-0.0424580970890055,-0.013644656433762337,-0.05474453725609951,-0.019148601456369096,-0.007176589820241497,-0.027467786271685335,-0.0034175831045838434,-0.025929463238756556,-0.04383238203967588,0.01984387166211654,-0.026233343232340167,-0.035191516869767514,-0.039640967652037395,-0.04199033612050029,-0.0409342860810924,-0.004341922768992035,-0.0437289359339883,-0.06107741172507086,-0.009478955269335398,-0.07594171681247275,-0.05979245018199575,-0.055343163034539344,-0.07767442215320675,-0.011456278139590825,-0.0194489277269444
2022-04-27,0.048108948047047795,-0.001466809458308127,-0.01985315568122681,-0.008781047317448887,-0.03315833158989334,-0.0009463625795769204,-0.036708800771723005,-0.037533652240918425,0.005807678470473254,0.0005778808844543182,-0.0029356504139188555,-0.049697585250411014,0.00894404514981395,-0.003056727890430322,0.011563963297668067,-0.031237723082964797,0.03905247510540644,0.011985064445809934,-0.006590492839271933,-0.007357318283161551,-0.0026923700405298012,-0.0010099211549833287,0.005639972301547891,-0.004322254981228069,-0.0375020366788783,-0.007033580637867298,-0.009093628409371335,-0.000962342942634864,0.045829548706731504,-0.0016437014359643731,-0.0019412547707174932,-0.011767809360963777,0.02573331497262843,-0.007133017180192547,0.0001561857602665473,6.350556948686581e-05,-0.002914040858699063,-0.003391907547800166,0.014598815736714732,-0.006334400084512359,0.012340045260828658,0.07405275559867586,0.004804639207989014,0.016643142162156233,-0.0016881645888499053,0.010847227360426315,-0.005292718205229696,-0.013022656841488844,0.003478428215988094,-0.0013440979666170527,0.006203729815401626,0.01794333536116799,0.005680475905804894,-0.021225185954146575,0.0056778301737965275,0.0023352691887701393,0.023873241554875912,-0.010428555210245993,-0.027587667537133265,-0.024746188869724017,-0.020163133383660825,-0.024210786420692187,-0.017276509758190506,-0.011968678858557347,0.004226562957859947,-0.0004409802052375289,0.002922218075069205,0.013471984786652458,-0.0037533347919408433,-0.018394953305211237,0.009111327191879681,0.021862385694215725,,-0.01014478348407144,-0.023046853454181226,0.062177020134593475,0.017368658549284488,-0.042638927791500914,0.009132836038715952,-0.01301109618426266,-0.027360957296509336,0.009968897089756235,0.006928403039776487,-0.003922285940003434,-0.002232845102789649,0.000864352050678141,-0.00024157230026000676,-0.002920590422436087,0.002798616950067112,-0.004360491998284033,-0.0055872996465088365,-0.012300434526979709,0.043232310901988535,-0.012779416815703826,0.020496133200079703,-0.02687785419513855,-0.012937877736523884,-0.05042864366350985,-0.01426341441683543,-0.013223206284477151
2022-04-28,0.0226325952774582,0.04515546870218534,0.07423303763680078,0.04653418536434306,0.17593597780057646,0.03467138216371457,0.036992127728215474,0.03817579330068854,-0.004537702888526063,0.01429393348591379,0.055705988971118,0.05823703923477175,0.015155812433403693,0.03174165638740445,0.02654375218105165,0.026769411033502832,0.018869354723843434,0.09689116022586175,0.03582483167079342,0.06295274733357004,-0.06186726552978683,0.05348772930254109,0.03813688374251201,-0.04284733586957523,0.03360946759373018,0.0191574561228971,0.05581463842845724,0.06066375832814597,0.026051970574080485,0.0052011773561739805,0.0030734618553613924,0.024618731868831123,0.007368388928865155,0.05754017701884773,0.03387975121861864,0.05711929301751639,-0.0004870722393660598,0.017138338865639424,0.05166702656633704,0.06044385298339905,0.03650342683688823,0.014163618918452636,0.014891591926782022,0.024195342309599743,0.02984183861959644,0.021171680740369903,0.049333311281611,0.11475603023238756,0.024189556626013076,-0.12618984074246764,0.008536934436574217,0.038006592304641096,0.012218992029899178,0.07651622107165545,0.018327776364123416,0.020302899277835795,0.042279438088010046,0.03374074787255976,0.08516648203703947,0.0005085031675047258,0.027737086925039733,0.06288005463618873,0.028839488088348686,0.058860086216069085,0.023755731097389043,0.07452487319030832,0.029136959323284195,0.017024242631820785,0.03049868850109716,0.002616426152550755,0.013084332566638324,0.003433731273625229,,-0.042571770534864495,0.0006319708018562853,0.02730693393653283,0.01556124401428538,0.06610556791967293,0.06667219043941364,0.011508667640176773,0.018066345647191895,0.022346824421147327,0.013640812805005398,0.03759306378048066,0.022058779142021256,0.02048749788875659,0.016768151057143355,0.0638547259563449,0.06697860575775993,0.0663623403810445,0.0261750856620917,0.04312366706358706,0.046862935945883866,0.0061412745797517765,0.04908601136419022,0.01298809544789492,0.01855208998839042,-0.025491213180093064,0.0067827094769483676,0.05695145134619439
2022-04-29,-0.041812021078549755,-0.036604775821961866,-0.06243052090921464,-0.140494377749234,-0.025567465202313344,-0.04240506389166543,-0.03723345397075151,-0.03722421819653876,-0.007692220213591394,-0.05387905568838969,-0.04596165522796514,-0.04591020181415317,-0.03261968048525532,-0.03551503328774741,-0.01024782182591144,-0.032589403339317924,-0.06916618308909928,-0.057358795195113554,-0.06938514067917734,-0.05809975111883947,-0.0465228394703151,-0.037337510964384646,-0.03184535632156382,-0.020744981061237122,-0.0162788438070397,0.018902676771811677,-0.02835562631969335,-0.03865916911862155,-0.04637586848301334,0.017048787680641553,-0.02437909843637509,-0.025333016388353502,-0.05006966373528898,-0.03783105129872788,-0.026276016787893597,-0.04056977883102164,-0.036062397192640705,-0.04664199093989674,-0.04992373132559891,-0.045331323013078406,-0.051317456041856,0.13544135141804703,-0.06381730299729571,-0.03814474089325759,-0.040085014728202584,-0.024708859826935603,-0.040878919210856846,-0.04517315884617101,-0.03272462148024291,-0.02684193415081737,-0.023630380335752044,-0.03582514021729544,-0.02425688774215795,-0.04880444604018375,-0.027865700185179976,-0.034252197712936305,-0.04065724260956871,-0.026385691274562473,-0.03349672018618466,-0.011252871985177104,-0.06363196878239097,-0.06820001288589816,-0.04223866375367391,-0.04370788124956004,-0.021521363989172926,-0.04153840499140837,-0.03241237610985792,-0.022471899301090836,-0.03708212577197978,-0.03985724294394599,-0.04282470393453197,-0.015530406067928881,,-0.07150750980154619,-0.056904296710848845,-0.028108771437858837,-0.012198745610430994,-0.030921070587272004,-0.05985835111961524,-0.03227143914701669,-0.043432464559574835,-0.025025085604551855,-0.03656067226621995,-0.032376700270566605,-0.029715322990138016,-0.04062249889732672,-0.014115304258406569,-0.043502183403055894,-0.13520273740246092,-0.040444102940823456,-0.02163455096966571,-0.05079821635261572,-0.032741406082134494,-0.027885845521448127,-0.06016152942645292,-0.03018746343719725,-0.021150939463299046,-0.010899223911810862,-0.04783286125775188,-0.04912835904765267
2022-05-02,0.025043285104370927,0.0019664626031408172,0.05316223942123388,0.0017580913238786078,0.05317505660297517,0.03961103258944121,0.021676575362248984,0.019053362195447843,0.03695628471433299,-0.0052094309950985185,0.05051449794665608,0.04780419244766887,-0.023003972119187255,0.028639969663547538,0.004263421997289241,0.017966538920777042,0.026473949588995405,0.039945606224720764,0.031429202273206114,0.019725396455223976,0.017354186884674938,0.02374266228192523,0.022026431718061623,-0.009734569444208141,0.0056832452695683155,0.017363447396681497,0.035342366130367564,0.029113700777826157,-0.007867736316512053,-0.04121224549929392,-0.010756878181007679,0.009780323725924855,0.005225110856665882,0.02442018975536131,-0.010701029861718392,0.02311597023451295,0.016346498453131852,0.019010061617200424,0.013668477957251568,0.012984030847019934,-0.0023864805819399093,0.03643536062345376,0.029949747849072228,0.0034925366283560244,0.02460253333062079,-0.0014560057320436304,-0.0028066569788316453,0.0409416406417229,-0.01460005580216539,0.006759602182191848,0.011559290176959669,0.03569342493488015,-0.010854345259842413,0.034263047538430014,-0.022642182380839926,-0.017057901319881386,0.008272891819613104,0.011526595169428555,0.019125079990139238,-0.0035243329853441585,0.010414885463714274,0.010192826083066153,0.015535763294681093,0.04079760408916844,0.01751118452915512,-0.0002855439585173203,-0.00988803703862795,-0.015247513713178673,-0.005604797786910143,0.004599471330186455,0.007259513489904501,-0.023262104574515385,,0.009451838789353184,0.057064191354586624,0.012574650274940646,0.0004517888344504062,0.053632107269393936,-0.004802134764999688,-0.002778906729589359,0.01651839811801814,0.010060972900993281,-0.002843057510450331,0.0058218669547240864,-0.003546118914515728,-0.009115415743854549,-0.0005784569792481875,0.06735747995435548,0.046479548383826064,0.015379557462465998,-0.008053561972166112,0.027078968558872374,0.028303681704408667,0.005724887362519526,0.01312936003795584,0.020333028715084467,0.014158140210502879,0.060606082897471714,0.0028301633859970643,0.005000034968058342
2022-05-03,-0.009456190212897897,0.009622619328101267,0.003532495955245185,-0.0019799044812061073,0.004262747481031504,0.008362986949584927,0.006441757799199532,0.008300858517731324,0.006988279761963367,-0.0016447586673785652,0.014358870971850957,0.0020554917753936586,0.0013710717325920996,0.0007119694106412222,0.0022981940089541464,0.0012033204544585896,-0.0011867209182604421,-0.0069526380940326815,0.002224250241430692,0.008969313329136641,-0.001977795538831928,0.007347099425387915,-0.008390843183144758,0.005499758715274972,-0.01059587390075023,0.000863504714591512,0.009348493999632446,0.012663788766307249,-0.03966856672084795,0.027294220986835205,0.0129903537459084,-0.013798605249148777,0.010122131532816603,0.0045526477931727705,0.01410881819974752,0.022532405772403674,0.00033162754614912693,-0.024495139357208373,0.0051597813769390655,-0.0007179851869332232,0.015682108606599465,-0.01679355133368765,-0.006132852854198068,-0.02862920243061362,-0.02086913885281172,0.006999062623554986,-0.05092288808390233,-0.008958808104012506,-0.002937704801478702,-0.011725266344757457,0.01273657502221126,0.006045239119879975,-0.009793531929848776,0.005660065828453575,-0.017745153105177547,0.025773195538429716,-0.034115447845194824,-0.004262333574041488,0.001658928638382795,-0.028835340004815135,-0.018800075086912282,-0.03744227754764595,-0.008586683272823525,0.004862980077903867,-0.014244496682807584,0.005356377496893883,0.004585800369224513,0.009528383283483821,-0.0034545204856178957,0.008093234216242084,0.007050540658994464,0.01806733833744767,,-0.01599855109591719,0.03139070521959475,-0.016454479800105615,0.011139513177329752,-0.028672721351366337,-0.04417635352253979,0.0008573869136507817,0.0209166844685873,0.06752941655177702,0.010908700914676217,0.021629121351110836,0.01908767892269303,-0.010237931150026247,-0.007814057103727068,0.016001427665224943,-0.04989801748586675,-7.14071882073064e-05,-0.007430864581445706,-0.01695240288011024,0.007625066838788053,0.009303396794253516,-0.044133583466752446,-0.004838477574811151,-0.0004985670381962848,0.0010389848188920858,0.009877661439879448,0.008291826228525867
2022-05-04,0.029100760318527374,0.0410083315784322,0.03734308695991628,0.01348046853293483,0.05367167357604896,0.03869778360155207,0.04199125546305971,0.0376323911887968,0.04769864576468552,0.03096117076355087,0.09096895825064255,0.020713461203724304,0.03494252589584179,0.03869183976346657,0.026209293375369702,0.033253279707490924,0.04847520884900991,0.03320399783250294,0.032845084268319225,0.03964352714470021,0.030963587641136492,0.044024555118485464,0.021386360177300556,0.016839672772285263,0.03443785194751592,0.04471180023128252,0.033118166427217544,0.04229588199124068,-0.0012345394196470183,0.017056323084676306,0.0005601827774197599,0.09834518200616627,0.03313176771292747,0.03713734082336573,0.023187508786363775,0.046047918810815824,0.029007126585220755,-0.008370017848960298,0.02388696892796416,0.038480448332682826,0.035917500916924805,0.03279432092263712,0.026659583133024523,0.047387959576905336,0.004964922384491199,0.02809155097001348,0.07710339776400854,0.022158550948266242,0.02746535135599193,0.04074637069940268,0.03443813384368144,0.04408373404755239,0.03253102259889995,0.041383876946112785,0.029392879263416383,0.035343393356561004,0.03209136292669168,0.03808858708706819,0.05449745736865563,0.026884180695246673,0.002931617427387234,0.031068439946846604,0.03454456272896733,0.0368088343887758,0.025217882802551772,0.033671876752953134,0.02170825065834281,0.02218024075077696,0.0445173976568809,-0.056541871684627654,0.030493956249592724,0.000806738238828375,,0.053380953623777705,0.05807295042663485,0.019570673166422692,-0.006252764335186289,0.03631844890738023,0.03577335392275982,0.026343961842241415,0.009876737110225076,0.046873887695268124,0.03445735687845786,0.05623812229526859,0.042539687383742475,-0.03293022435879844,0.02139041915679063,0.04264731762509677,0.04992396885251971,0.03143863269564151,0.017607158197981976,0.02066436634392632,0.04300476196444092,0.005518518470538192,0.048993355865484256,0.02810056617212564,0.02321243826203867,0.020238680870986236,0.03539824188113094,0.024671068626592962
2022-05-05,-0.04355474310057872,-0.05571617733980727,-0.07327625732679277,-0.07561036490424522,-0.0677230412013935,-0.03921078746840989,-0.04707552464606224,-0.047550471021371,-0.08328615317548016,-0.04979517241201481,-0.055823732896596145,-0.07690793394973328,-0.019958594320265588,-0.05395062243675952,-0.029884574151731735,-0.038193120410419445,-0.02122835734870321,-0.049714884336743315,-0.041684624049051044,-0.08497059058583978,-0.029793318010385095,-0.0449456817407734,-0.033762679977824006,-0.007412113319610558,-0.05005887683516197,-0.0387661440355519,-0.03164903211257841,-0.04862429919869038,0.03260535980425394,-0.026781208487119845,-0.03251821976018543,-0.05095536579881832,-0.045089160713285725,-0.03963099235282519,-0.014503687098704643,-0.045738195554974825,-0.011759074346038734,-0.04270977021384759,-0.05631874717075669,-0.04803933422411588,-0.05646079732330345,-0.11179713043909811,-0.10749508791702445,-0.019752823452599766,-0.09686113938434415,-0.02394361898932662,-0.08381352895222982,-0.07862382247143007,-0.03563326581158399,-0.0390555799092811,-0.031928184519177116,-0.04060888084184,-0.041661864359845424,-0.07343822831172386,-0.04498377223776462,-0.02669473368741737,-0.05747009770075984,-0.04830434574363518,-0.026306751461848132,-0.06585717881626252,-0.009917522784377297,-0.10399311522834265,-0.03877981957568177,-0.036775086086983766,-0.05777828323796119,-0.026527391629928343,-0.010524201208765183,-0.004155131727696881,-0.0536244488178903,-0.06369894328498271,-0.059485202764389844,-0.004298759864712509,,0.017531373362498215,-0.08403739776094865,-0.05572753187545754,-0.02696633785404967,-0.1172987939537935,-0.05991594330603334,-0.02128540655344635,-0.03322017919333642,-0.027370404975249563,-0.1275486256327758,-0.033312595992050054,-0.02496953992125972,-0.028987757173239315,-0.04245603602381387,-0.06262726988090528,-0.09369403715511937,-0.055557405362049894,-0.008310634845647646,-0.0886420794663565,-0.02795961888668752,-0.02635543804072027,-0.12377969043989634,-0.03630970424600011,-0.05187204834568493,-0.03967450115459592,-0.015294654052596779,-0.016051349009055138
2022-05-06,-0.009446529870309917,0.0032531383104996703,-0.008968384735251411,-0.014041240035030156,-0.021653517060055916,0.00018963318921771943,-0.0065147369040750025,-0.009306441421450762,-0.008737180698190294,-0.026985273670088517,0.0156598865270845,-0.03902934270208258,0.00011740285540584594,-0.023719756731072295,-0.012635494304543582,-0.005643998706955311,-0.02130282925937632,-0.0074837444447999335,-0.006726440522965893,-0.03452397014152786,-0.009410625509252202,-0.008548525691970732,-0.01661969609667846,0.009174285643221536,-0.03902038546344355,-0.012331341292858289,-0.013185614102040444,-0.006419837718919519,0.010276700812925421,-0.04670196594752862,-0.025525137946499243,-0.01239038038556406,-0.007412130011363094,-0.013334179329529405,0.007665184336478337,-0.006148733744744006,-0.002770956367945554,-0.046767625206976304,-0.0270241729183891,-0.02334399792456443,-0.020281117155843353,-0.05188679781346239,0.01569174738788348,-0.028931663197667046,-0.08934688115082534,0.003751724320152805,-0.05066741341498082,-0.04389558687351203,-0.007239974824615025,0.008035849091521108,-0.00821597150636022,-0.004428958388510318,0.04371383927500916,-0.009264040264983064,-0.009470151537838256,0.0018284675969175712,-0.032478808969817474,-0.030683470719558015,-0.02328743954534518,-0.0722402206206263,-0.06379166861633823,-0.014217373804967237,-0.036540209712496496,-0.007929529040041738,-0.0772701334078213,-0.010448258321992032,-0.0001003625914401951,0.010431172213865025,-0.01882614344810607,-0.04796024877481164,-0.0034512616455586453,-0.0026983886970504134,,0.007825464075219113,-0.05365448631699665,-0.030983596551613757,-0.009083854743839104,-0.11312548396896982,-0.01671585501627393,0.0034115104948093666,-0.03611737875411691,0.03131536512425792,0.026086932184114398,-0.003446127992189907,0.0034353719168949137,-0.013303533548102875,-0.03762795676024,-0.0018105825629171068,-0.049127976480619395,-0.04063526073350299,0.003984076272562254,-0.09174938755688689,0.026215157813740175,0.01827302343675874,-0.05134049187076917,-0.04957170878697703,-0.14627038938157344,-0.05985165312479379,0.0047967771819406035,-0.009787918704633358
2022-05-09,-0.03694545192795706,-0.03318922470255159,-0.09236947791164662,-0.05213354825727934,-0.03710063993759005,-0.02961557214069588,-0.027953299442196933,-0.02227221119451006,-0.09072948807249681,-0.008999521040856995,-0.0941891763422501,-0.043487843643154944,0.007569938726664338,-0.03606047352078612,-0.02718205970612919,-0.007500562190312032,-0.039984223760268556,-0.04026179818173159,-0.027765227165226114,-0.07252781660609453,-0.006000041961669922,-0.06000000000000005,-0.014989516587520568,0.01158564690555619,-0.07178118279533408,-0.00752180329020824,-0.03439940613268855,-0.06498968357452639,-0.07777673065210311,-0.07446929842377725,-0.03736452727361961,-0.03959747663647384,-0.0329584635143747,-0.024851116130590878,0.008367494207730974,-0.037664133865835225,0.008172605385843745,-0.08984488514109057,-0.044774446418269775,-0.06958262587199415,-0.06278610881997027,-0.08483891019319312,-0.16878874413131717,-0.05025503103543161,-0.1281475361328056,-0.033352498220977855,-0.12124553912929192,-0.02632225168763458,-0.025290387543194237,0.0027448764680189086,0.010059221483472491,-0.02635436359001031,-0.03576783823253682,-0.06961039753703324,-0.014523046989568966,-0.04396883201844326,-0.06993560398216847,-0.008483855882814972,-0.038447627517036675,-0.06215017398721956,-0.07940082742715437,-0.10997088112681852,-0.029405592939290126,-0.04810538954181165,-0.07686483537448019,-0.03260321128007382,0.0004014140984931469,0.013764589860536525,-0.0011286940079616725,-0.05896799250211837,-0.0313305968452553,0.00487013824768745,,0.008482555423917626,0.010416735259316523,-0.017763478704425295,-0.027656910540963864,-0.08033517247703614,-0.11336364746093752,-0.0070123633961893805,-0.028189782064285573,-0.09403195880030657,0.009931144509245149,-0.03411084416824839,-0.06473706075032826,-0.04012513490927394,-0.031351724110754486,-0.07817887338630458,-0.09349346839165074,-0.04747887282701224,0.007799667221436879,-0.11477972605118358,-0.07255632836768511,-0.01739765570272067,-0.15678486394878188,-0.07105973007552546,-0.11391290916820696,-0.036619696818606995,-0.003182614207860701,-0.0032948896805450323
2022-05-10,0.01859556155956854,0.01611204121779708,0.03805307934066193,0.0006434445934944133,0.007339009904408833,0.032811114010903975,0.016744985197709505,0.01326892880423669,0.016427173986372612,0.0052723471996636295,0.027443292378786177,0.026343139213217626,-0.0012230137379759531,0.04276881738495497,-0.0029639463263804178,0.012050656936695159,0.010432897461955637,0.014008296881844018,0.02182490442000029,0.011389315180941884,0.013581512533286322,0.013522461514664519,0.02000729357894926,0.006144462409925611,0.012840748356907516,0.0041761060556606555,0.014426664986470161,0.02676954351803973,0.010580328206074796,0.02187047611355486,0.02554313624444271,-0.022179851691376262,0.012155027090733794,0.019507397180316133,-0.005431512024469343,0.013641942390713035,0.0016212463298690416,0.05338294938638577,0.030867748906194814,0.020891082849639364,0.029085914172588323,0.01745352208971629,0.00447478209928831,0.02587726625836262,0.05699771941159204,-0.024985133232447665,-0.027142543508543504,-0.009807604567698358,0.010688613640198241,0.0028521156809635517,-0.01874638726725153,0.0320416931202363,0.0068206257856373576,0.026056235581732867,-0.005382096039855844,-0.01006591508346022,0.04233579916486696,0.008004371125637899,0.00048302025736846055,-0.007847998376193321,0.06757203893100727,0.06777809992890083,-0.040573822577256946,0.061265784341174356,0.03221946464317216,0.010914422278191172,-0.006118974775931929,-0.01651956471877114,-0.02259881323399704,-0.014028162112366238,-0.0011640425173031765,-0.0037695043605051604,,0.009834575078261798,-0.025625888433984167,-0.01877368458157347,0.016938279443573512,-0.02756171665270879,0.007997526802619559,0.0006419597601270421,-0.003927190626658361,0.002702840604520862,-0.023993631600959575,0.01061893184219409,0.025623975950523015,0.0050005585515964235,0.03977821787849445,0.06001572718173742,-0.012926153788282435,0.0058995915700348345,-0.002172486881119151,-0.01828991520502632,0.008607512881535495,-0.022534510104354477,-0.008823977986576415,-0.024116864354110867,-0.004576737993279734,0.014619882714792753,-0.012314643548933524,0.003305781867105173
2022-05-11,-0.03320969279046848,-0.05184127106082803,-0.05484509271871729,-0.03203225709010704,-0.04507962903346585,-0.02456187574103763,-0.006927713193714213,-0.005441439473940046,-0.08254582843646041,-0.024687921456883588,-0.009128875885757393,-0.06354839756951869,-0.004839942879865222,-0.034857421188158155,0.0035740774492858396,-0.018163425328743377,0.0022764128398120587,-0.03296538694041251,-0.02681200944061768,-0.040464422303622904,-0.011414369557844362,-0.030416142255534573,-0.021100825819350466,-0.0002908367839562498,-0.0024599284448760805,-0.01411921722891718,-0.028297844638033864,-0.02596267432681465,0.013286155431591062,-0.021652218808083767,-0.0033166511785751585,-0.025048748072213578,-0.017942910541125845,-0.020809146386659427,-0.005461174459212237,-0.03585791811805816,-0.01974744950002638,-0.03588542289754648,-0.0357843438094817,-0.003955150932478002,-0.03888932184155658,-0.048368986340788234,-0.12235939448749544,-0.006722527506943132,-0.09533849434295583,0.011897480298100227,0.0001722575814522287,-0.0454603407118056,-0.019274008759673444,-0.0069955840519079215,-0.013611910546417527,-0.04242326395789242,0.00915146515386911,-0.046979867629384664,-0.0028333245804107454,0.005785378875539093,-0.057331076845827944,-0.023639981705051327,-0.03073875260854808,-0.03814552885734723,-0.0031704870467287316,-0.13162119682524553,-0.019750102858911656,-0.054065969837454264,-0.035781662582301754,-0.012146254177716753,0.007064967049917659,0.0009204076477220546,-0.02543351938373306,-0.01846081167178526,-0.01589940960945535,0.011351301863386842,,-0.0424577759143101,-0.06718565996796022,-0.04879765726569574,-0.034726572999184024,-0.009371425083705365,-0.0044755856264717675,0.018391801565902366,0.07965949382794957,-0.03519716438478193,-0.027673362713948935,-0.012608862594034376,0.05418565866900482,-0.024990223864961747,-0.020153808593750044,-0.03898270866454645,-0.06464801207010884,-0.04743855497367788,0.006531546753115736,-0.09129008300501396,-0.07016879945116972,-0.011526962267814245,-0.03289554597973343,0.016121303768489526,-0.03013609128405481,-0.04207490064472774,0.0009235072630300323,-0.008237263479545898
2022-05-12,-0.019957712274333295,-0.026894214617107504,-0.027360210272165175,0.014790404884573283,0.013245734487861593,0.007864474419175371,-0.006676782107744472,-0.0070199053417076,-0.008174386751047313,-0.0059294879694609115,-0.009781626800071108,0.04772496648697677,-0.0015235542016031056,0.02414785012089804,0.0029621703934101795,-0.007399806763830452,0.00608371193564583,-0.004006037544001639,0.00023344200573793827,-0.006401433847151972,0.03890560319086411,0.027328753053556643,0.007347085051556901,0.016954794886149704,0.0038886865993572606,0.004686979879488851,0.011200716999022697,0.029584034229912293,-0.009217409172001312,0.025068093383318724,0.034108204218330274,-0.0022837002325190037,-0.0050352613911877064,0.005921401828785644,0.001830426343057523,0.012739470392769237,0.03170406415796578,0.025371173376551148,0.004715757580225022,0.0020333734575392892,0.0010319476414777373,0.011524804606675376,0.06363288674973688,-0.02168190123626712,0.017540056544143923,-0.005125058134747507,-0.0018079989816088826,-0.011706761671593569,-0.010190323918741973,0.024377391806844617,0.010652453144472274,0.01632825320214004,0.00906838546528066,-0.0028549966361834933,-0.0012343638012065616,-0.06797974174292898,-0.007046327971605981,0.009535352261630159,0.024186465315051642,-0.01085925383000741,0.021842415702004514,0.10216767245576319,0.014456508759474351,0.013475879483923814,0.00926883735041617,-0.004356949873666971,-0.012527560786654957,-0.010344845125044855,0.032621543128703356,0.04207852221435693,-0.002453061347765906,-0.014965194708600693,,0.03771607768910168,0.054605832027101675,0.025650548801833706,0.00032558127404058723,0.03461005986891852,0.00980892058375038,-0.0371692670614181,0.003817736680456596,0.014129514807158738,0.016026577868578196,0.014229227007082956,-0.017851702095758593,-0.004243063418994275,0.017009472316004137,0.023372591728289205,-0.0061436276797752765,0.007497354078043195,-0.005677952710750556,0.007761569171460092,0.01366514379611794,0.01999099744197519,0.013952548535861808,0.009025241582388377,0.02051159377888334,0.02948253588299843,-0.004382898117572198,-0.0049834235719935505
2022-05-13,0.02259639269925362,0.03191640803646689,0.0946522260191267,0.05727556035084924,0.03859019772035732,0.02916525131924974,0.02841530911778345,0.029643602695452742,0.05712909369145702,0.02281047452581242,0.09257989218944873,0.07647296206618237,0.019483611755500396,0.04365626502351927,0.024656510141620958,0.02629944985889021,0.018543925456699473,0.02398109054308284,0.01774039026205032,0.05049590092260714,0.0021744419887670396,0.04777068538845919,0.023146544532579805,-0.005393949483631699,0.0566866638084218,0.0031619356009808808,0.062176918348801236,0.06839263569462406,0.023788920186274876,0.024371994886579484,0.018234584450014912,0.08154501893868904,0.006313849940087879,0.03826284339635966,0.010657687956603601,0.0659696036805204,-0.0017605731619316778,0.026122789076274078,0.05315573840172472,0.04969757006786124,0.048740942130747866,0.10195739775457757,0.09963624420985795,0.01873391470062069,0.11787422942077064,0.013030312278053957,0.047524533300062455,0.06111187050178701,0.023994981672081694,0.021338766090330363,0.0031141253113662337,0.047967301942837715,0.03746497517552827,0.09887383786072879,0.003474466577508828,0.021320354659110086,0.06031872514910641,0.036762675240639586,0.0649554394716707,0.07453775693245812,0.05583890722214635,0.12379940844563198,0.032989168776977884,0.02445359111506118,0.052006831785448515,0.012868538102156268,0.01177310135472287,0.028803756107835587,0.008807181476244708,0.04089662299044017,0.01492412559718459,0.009495346400585802,,0.013175439010759904,0.059460748267956776,0.04695927869142302,0.027502011484566546,0.15789469206656115,0.10148738837871019,0.01919304465434024,0.03298888461213845,0.050299053165961505,-0.00217573647154512,0.015288705284514315,0.06894392897083867,0.014683882287134908,0.024650026274138703,0.060400165922771976,0.12280068787895848,0.05832715735298377,0.012780350414808739,0.11334731011605692,0.06177061665386274,0.0013191246426131897,0.1644749952912259,0.035024962364837986,0.07423419890339122,0.057860884617339625,0.009036130468657033,0.025041753105013997
2022-05-16,0.0014552883345526624,-0.010672335787539122,-0.024963279283241935,-0.01985316173972196,0.007149321336492376,-0.00946893685687622,-0.013834488278230195,-0.014787728065626338,-0.05875856161837267,-0.005510065547711274,-0.00925152289111053,-0.006022196154807924,0.010073681715997207,-0.006388030034504499,0.002169943490540227,-0.011299462424809614,0.0017414803887785268,-0.007559394271389075,-0.011926528928092761,-0.03273620913504638,0.009402106893741102,-0.012336825012409847,-0.007305322570017259,0.0019309828779330296,-0.018597181888801884,0.0022219187582421807,-0.020161248403205434,-0.01921046501276269,-0.026585542377749904,0.030196161281540457,0.014701310489589892,-0.04206349694920086,-0.0009099439088386951,-0.008189511192966403,-0.0037661947927714046,-0.017478166126033923,-0.0020842914164539428,-0.04649600229417905,-0.008188627588006647,-0.02438356240625361,-0.021482712062241838,0.0031813077412867763,-0.008994193690797236,-0.02445908782882278,-0.0633437476599007,-0.0050853120577524225,-0.0577191822394475,-0.014968923985371863,0.004681250525069958,0.005050221826430112,-0.005611909453250519,-0.02747403620572897,0.002474982812619375,-0.04064617274608506,-0.0010921879380213495,0.03625708698236152,-0.03417629029016478,-0.01563058247865512,-0.022783809439744562,-0.03029212053140007,-0.021239618736226262,-0.10744808394135086,-0.0027156203196820883,-0.01641053996946873,-0.01661875426438475,-0.03895717750834782,-0.0030093594584286176,-0.00474145586208452,0.0003795873654384163,-0.005466841097769959,0.003091278382825857,-0.006181121953649948,,-0.01707719311057232,-0.011964390627645094,-0.020793935607987257,0.021381034006509925,-0.018297322452726972,-0.1072018932896791,0.0029959210575618567,0.01960938770904197,-0.01596334962858803,-0.010902091200691855,-0.0010038866931714185,0.02403986162859728,-0.023948703591820664,-0.003666293633174278,-0.01833390483627284,-0.06299626406025971,-0.026397458566847498,0.004564424446715343,-0.0858186664696291,0.006253515510608043,0.012860747366710168,-0.1189735304846633,0.0016374083933055061,0.0007707138912995681,-0.04917134133920953,0.013777320306076257,-0.0016286241469254392
2022-05-17,0.020344196268522907,0.02542264929033622,0.05288464385478875,0.04113327357999652,0.012897430102211116,0.043729799459800045,0.017720301309253284,0.016629976054232776,0.05141017778952928,-0.008209810463703948,0.0873302583137856,0.021714670371776545,-0.005755938335952893,0.016854512217182593,0.030151197319849832,0.03265303008410392,0.016357107985079056,0.043163308350594676,0.03064066013740696,0.034150001124497065,0.02316697505249876,0.057566915167529986,0.03845694793791732,0.006068852322799856,0.025736773688795678,0.02629403314184331,0.05690367627029902,0.06176553616836178,0.049159132968524366,0.030176646434277865,0.019159993902168493,0.017950884902331765,0.030488976146987534,0.04065036710645531,-0.0061998495349046,0.06344164300417265,0.015102805291764554,0.01087191182089775,0.03317132286499325,0.04987380515369688,0.025039389525845612,0.06131077392888318,0.05974791824181924,0.015585527941593735,0.006011372952261507,0.015033073518716522,0.026738880577711344,0.02704440995305335,0.009477633410481578,0.014886604435006667,0.02185398270675165,0.048872781671383425,0.001346681020761853,0.05522359700054147,0.006746439568434681,0.04824173060390935,-0.01544928580268723,0.02948915730875723,0.015889487638899302,0.023290195367965838,0.026272850877545162,0.054567507036519025,0.013615074972660235,0.0495980074007325,0.0043728986241453605,0.0352026434304602,0.010162009683397422,-0.020871187509670874,0.010244752891418907,0.01710153507987866,0.012993546724227922,-0.027312015522867772,,0.01897096865022574,0.04418027678812897,0.019305059628913934,0.017832246301328736,0.047086475450324405,-0.022018719373307905,0.01429490076618678,0.008477916918354644,0.0011423754226818073,0.03485806992931728,0.020570998198295776,0.006584584604262034,0.015000882310904018,0.022784498953621446,0.06074339766879455,-0.014519815391066393,0.02053659960679921,0.006280919540323726,0.012135900385641607,0.05461396627520165,-0.03158867105065055,-0.01873016357421875,0.11779131004276655,0.04055786559745034,0.06682170755700212,0.01789347844907807,0.013050558272844404
2022-05-18,-0.047747564438387124,-0.056419176219683176,-0.06816305825177116,-0.07156196640827217,-0.05122885141725553,-0.061793990925267495,-0.03926662491470623,-0.03685041721530158,-0.06801379812405906,-0.12451323663470759,-0.06040794737646216,-0.07016160415869266,-0.061962698620735335,-0.02873181786656165,-0.027292348681795087,-0.04426873382051899,-0.026278940924685967,-0.06614650534521849,-0.046171238317704866,-0.04990990884528057,-0.016573274555176876,-0.04707292170820088,-0.02674587261430994,-0.0056653733648655,-0.043653907505091016,-0.026072553526876097,-0.04605263360070022,-0.06791341913148907,-0.0448200173945027,-0.03624347069623646,-0.012523196989239538,-0.03309824201035161,-0.030052133011263304,-0.023925770608911767,-0.0727328439624001,-0.050240400476460056,0.0006331262319425601,-0.0732563084808876,-0.03620802065971318,-0.05934515036602839,-0.045985807307130644,-0.03909361804754563,-0.10250576919955834,-0.06575273746062316,-0.059550512786268106,-0.042653989878622345,-0.08059575506981387,-0.03222570150249804,-0.060449471402665766,-0.07476020256433502,-0.046180944538313895,-0.055214393631222713,-0.02925025789712421,-0.05610845103389561,-0.04917274771026492,-0.03438976611635647,-0.059940000052816855,-0.06090248623720018,-0.03915356617259669,-0.07126087779012902,-0.04324456585040026,-0.08287685807049328,-0.002793837456015802,-0.04421961984886302,-0.1078958386384613,-0.12972913234814976,-0.00517932534420229,-0.09545873369904112,-0.036619732637360625,-0.024647884977480827,-0.034369348879933814,-0.040311390429002336,,-0.005570509935002521,-0.03211970835421929,-0.04631546757231575,-0.03534429793413574,-0.048529140049139996,-0.07343506715231518,-0.008624312989405025,0.003891959175286619,-0.02350700958256624,-0.06497133822077772,-0.05166520987132772,-0.014789546644493057,-0.04628516636336144,-0.035436113350921894,-0.045640994340945484,-0.06845145722622614,-0.04218390948824724,-0.005444935531112249,-0.09655806573053305,-0.04125002452305382,-0.1442277081641301,-0.07000160807200317,-0.00024373398481136732,-0.014020243586032488,-0.04901968932242173,-0.0838896433682369,-0.027375213405743004
2022-05-19,-0.003699631748394272,-0.024641393553644142,0.010981228933358622,0.0019278532990965047,-0.004941802850005783,-0.04269412173591569,-0.013543361029955125,-0.014728537156721067,-0.0005494634476534976,-0.015067539153861387,0.0040506792126413504,0.03549857892356423,-0.01497095655128422,-0.008796621989161868,0.002031814970590684,-0.13730354230448727,0.0051101836519080734,0.0009199722405832667,-0.008028339193345113,0.025529956910364415,-0.0026109804785837687,-0.005388885340899763,-0.015736981130621608,0.0033202063301456253,0.012955622043454795,-0.0062928831249295936,-0.023223102815026375,-0.011204670311672604,0.02585863233232799,0.01228448888348721,-0.003109811521552208,0.009118989015298506,-0.007913639791292004,0.006378215883815708,0.0027896617570331017,0.013988266661011384,0.0007908768759115059,-0.005084349690122392,0.10254239622265904,-0.004353563971442043,0.05524577117168139,0.08966050973805517,0.06975846841424493,0.018958564393881217,0.029891692344031995,-0.04269799423876841,0.05683605904867539,0.05312255063370541,0.0015072238391804493,0.0027673232420355465,0.00307990857697793,0.0022805969432484474,0.001616247808927218,-0.013270306571716017,0.004131383406397404,-0.0008728917270616199,0.009634902446284954,0.04082588784167407,0.030535193231325142,0.02473339532675145,0.016926608527944698,0.05217658061286112,-0.0010776519421000774,-0.001965486159927532,-0.004770247487803636,0.00845773243826109,-0.008410055676707384,-0.01229506995337748,0.0007797449536499634,0.02098900255180025,-0.013624029889763523,-0.005504015764468351,,0.010798737644768464,0.041173465198693915,0.025636432556234157,0.019267233521525817,0.05710912949177227,0.09600320041276866,0.0046678845962235815,0.008141451824606571,0.011374312144942778,0.001281451425158453,-0.010871549659470792,0.00952661191885884,0.010390988470536655,-0.013387207021085423,0.00429872570120593,0.07545076061525346,0.023651280086225634,0.0016023868014427567,0.032867568383416534,0.010057756180658739,0.013228731181539999,0.06679132290654954,-0.026737105517530835,0.003919780038263765,0.0022910033003906705,-0.013602078783092053,0.008278177326266567
2022-05-20,-0.002291229487450197,0.0017472895792529641,-0.02511097240025184,0.0025345295167615856,0.011762246217628558,-0.005529044524564153,-0.013371553108143308,-0.012935018890666394,-0.06416505716141863,-0.01536897385516689,-0.03279195437042692,0.015642088744314275,0.006265569384280356,0.011942774473258755,0.014418990321007241,0.02924250647913329,0.00127108091516126,0.007888479141609395,-0.008569312307488808,0.015041570968469253,-0.00023803274920286555,-0.03864907767618031,0.013065281620341151,0.011153309963994662,0.004263353521465341,-0.015053174089601162,-0.007204610792602817,0.004214920072425743,0.005942759617926896,0.012292031423608352,0.006071658047844819,0.020297498655336366,0.008653581016753842,0.009320243427646924,0.0013090822379058231,-0.008980202428226391,0.009009004120439812,0.09695899817133702,0.02063094780277397,0.013003853337393068,0.019258876709983275,-0.02734834083345472,-0.03233651792521741,-0.01089592638757364,0.04276504577690221,0.0,-0.014189324193473962,-0.009104304563031351,0.013433688651628195,-0.048143933905523295,-0.019773948962329202,0.02457481932539296,0.01002760599085084,-0.0038688115179684734,0.010358678675555621,-0.0101345102393261,0.008935091068127177,0.010910721982184013,-0.011924414330154787,0.016164798013635018,0.036778568932635425,-0.010754199016098642,-0.22470328896871816,0.009998424653172355,0.010397490271832899,0.0197508761310361,0.006663934032853591,-0.004927449031105535,0.0021425907679124556,0.020283487340470252,0.01286261688767576,0.007282260025219367,,0.009397963179816227,-0.04972802789789277,0.006160860159486692,0.025875397354441887,-0.019374085499531346,-0.017974624013721408,-0.004223800521376941,0.00569135679171584,0.003543301718735181,0.0072525901371414125,-0.010805804464196989,-0.012010350843051354,0.003982868648694682,0.03397378260401607,0.006955580377583592,0.015164485816791862,0.01673384635679187,-0.010531940981584942,0.03469384907039608,0.014198791522466614,-0.0567235351135591,0.011290931609614141,-0.030394115937872446,0.011381123543775962,0.013714272635323654,0.008618529151951826,0.011494202474604753
2022-05-23,0.03203197820752979,0.04011922682885327,0.012219918870846058,-0.0003160506951839226,0.013898948717174564,-0.0309836650420664,0.02368973720031864,0.021529851532753552,0.01656871415985961,0.03133784439178755,0.016791440586355177,0.005849188635310032,0.02089883021599448,0.019218756416135685,0.016625486622634078,0.009548203552039336,0.03054584612944722,0.003951284115160769,0.008403324400927614,0.009761260399712368,0.020709421122163896,0.03259441339981395,0.0007066434186013826,0.0062221950954861605,0.011594436487025295,-0.0008959060286972687,0.01001443826895354,0.019362171539532458,-0.004371662378619079,0.03774318381934605,0.031415370475100124,0.00040875840777165884,0.020705556637540257,-0.005478942232652773,0.013891196402925576,0.016990525523994382,-0.002819553645763695,0.04510322538444389,0.0008477105000983531,0.040856462350563616,0.007025912253847855,-0.011002463231076454,-0.001740522888674656,0.017586877932534772,0.0035632564187395577,0.009372947743148563,0.006485968083033811,0.007946354387550647,0.01831583452929486,0.01142214566548283,0.025685969746215953,0.0032202644444461193,-0.00661867191417187,0.014610706861220235,0.01545061164915329,-0.000882666379717012,-0.0012049653618421141,-0.014450118078337182,-0.0412727078215781,0.008374069512206095,0.0038207814352824165,0.0238561697354156,0.09572835662296075,0.004949780112764479,-0.004378967193159111,0.028291821243638493,0.005717148568420871,0.016158529159270296,0.00932943702854283,-0.010477458289105401,0.007500189548152347,0.010988930980238232,,-0.011189247782437906,0.010055010034403677,0.01172151828955803,0.0030207609183250383,-0.0026595629040977453,-0.009072693343657123,0.015694545913500724,0.02301934759922042,0.04474978420080511,0.014259416641623224,0.006554326290636903,0.03357452599211119,0.012019650581047259,-0.0012521913731168288,-0.010095637691587833,0.0016911108347210657,0.009042232141527995,0.008757767652765702,0.009350564577427223,-0.008363619717684623,0.01649990839118276,-0.01632407477679798,0.06458835534449525,0.006488980226742935,0.03100344709725511,0.029052794629025325,0.011363664512229699
2022-05-24,-0.003951654722485598,-0.019215987619813357,-0.04402889471841631,-0.03214110432537598,-0.07618609424524436,-0.004103604386052617,-0.04949409616330169,-0.051407485376648854,-0.06925464690507588,0.019162662424845545,-0.041127548598569263,-0.03787881994791953,0.013405803978747466,-0.02052809003600653,0.00021839087356645415,0.00968862741467702,-0.005158196721022579,-0.02717224092164383,-0.007857186453683052,-0.03338986471583816,0.004430938012505381,-0.03038300698638219,-0.012181440326306303,0.011443969564523426,-0.014530035701614041,0.0020044565837231687,-0.042678455921853264,-0.02551207714399406,-0.02686248136771141,0.00048446014479441857,0.006027256600700248,-0.009534145542082983,-0.0010800665809387322,0.0018570290689607916,0.015473872828915214,-0.03250482612100092,0.01083880974493967,-0.046235072948735745,-0.034562562673219666,-0.014749090156745082,-0.024588530534114472,-0.08627939709866106,-0.09613845229881357,-0.033679457445551675,-0.06297319545938851,-0.010246548175303127,-0.06214690140704682,-0.031165296498965045,0.0017824448101038115,0.05019773110382664,0.004642084843414773,-0.008688955133131171,0.005054506566187111,-0.04484139732234127,0.007218507542069652,0.0031802174916679693,-0.04234265816970173,-0.021178354449565284,-0.021579159575042195,-0.11049026630429715,-0.0018507349956223829,-0.07594746934965735,-0.014476182725694398,0.0014925145391206929,-0.05618672767199662,-0.014316571486872154,0.01944753807640187,0.015901485129383275,0.001155427940273679,-0.01675123702953174,-0.00313004609971812,0.009439411890638683,,0.01129473142541193,-0.04040108818387367,-0.006571002180241536,0.003613881200648983,-0.18514288039434523,-0.0864473833727285,0.01962836611790464,0.02175366906166265,-0.00242452302971774,-0.006124649699900564,-0.015131798086240322,0.01596190729313296,0.00011703880572921932,0.015747239146248537,-0.02487027025993993,-0.07613955549609652,-0.024407466233713593,0.01856550472361107,-0.07498010239302477,0.017235031370184117,0.0016154430818080545,-0.0837533381922202,-0.007523056823435459,-0.019627097048311337,-0.07818481320915516,-0.0016607281682122776,-0.006420539603621989
2022-05-25,0.011170148490201592,0.0011399519906925004,0.05082336916607977,0.025696475417555487,0.01406665417546904,0.01417396509492419,-0.0015570530681008332,-0.0008166273922526335,0.04877737911795821,0.005483068568999494,0.01634486401835078,0.04153269183354391,0.00685254347690889,0.010265797294988,-0.014477781747461616,0.005254730176625699,0.01718001237990574,0.021006745303704832,0.01271904529117851,0.08212388468696341,0.014627375727400915,0.0182006051980379,0.012808256217483827,0.0044463659530007416,0.019185871391164344,0.002526825176744074,0.018763133420377054,0.03526760793365025,0.047393690590714854,0.00879017153974515,0.007084320009907774,-0.003300300601496775,0.005499920991131946,0.0029039308185290214,-0.010000016954210045,0.023902616668095122,0.010256467408850112,0.05945843161491737,0.009447711835470107,0.0030196446684460643,0.007361094156901116,0.03652603685765543,0.0330637772308322,0.04526994031538223,0.04840211988846366,0.0077644701489139045,0.03915666176352617,0.018690415666672733,-0.00886938190345643,0.012512719002940598,0.015564187173795041,0.0307615560285166,0.002743233501248721,0.029770944907765218,-0.002880790179196513,0.04209227617172617,0.03615286313480692,0.029033743368899412,0.03887494073462627,-0.023635155808793606,0.005177746958411555,0.092882277748072,0.0483185152752057,0.014306991152062576,0.012232510492898419,0.019798786787577294,0.002543554423063421,0.006816471941510471,-0.005962711353775796,0.015738849215307438,0.0012729254119185907,0.0014168103078326943,,0.01793243817565493,-0.009162437357620457,0.025239351500145446,0.002400540570921317,0.08298277590124226,0.03402873652741878,0.0038910223138297617,0.004902059289128902,0.043968193212367224,0.004061637385571082,0.015427221118986756,-0.015435434879708776,-0.0012870084097403867,-0.0008886772081945216,0.0319266363021431,0.04008041605923207,-0.003464670881162757,-0.007343367064006734,0.037321057535222524,0.05659696134744907,0.026036862281924922,0.03210944347830247,-0.00497188522465708,0.008907015061084378,0.021945368830983192,0.009030352587521273,0.001615468812962817
2022-05-26,0.012875228646442194,0.02319950475175747,0.0516052695542617,0.04029499229486544,0.042430522624518296,0.035795512079709546,0.018784585284487676,0.023209644626690284,0.07427138936829314,0.056531334691118706,0.06583916215497587,0.01900650604604026,0.006746756118912511,0.015155294667119623,0.01418388596542175,0.022500038146972656,0.009890467343359521,0.027508959291949298,0.030331724079516675,0.046260781711922494,0.009839823745276588,0.06025984510353566,0.024233930410549442,0.00015813029441735793,0.003234797442627446,0.0139676729048972,0.04022389298748852,0.04436196209543697,0.034598243345404844,-0.004393747073905718,-0.010768877936579213,0.027731711006379944,0.02047688175686524,0.010349880482851459,0.0020843525788289963,0.04526891323637372,-0.008306428207704997,-0.006765441453861376,0.023164061786744572,0.021876349913354964,0.02488625859030069,0.09449226839257063,0.08359613062435156,0.06656217432814704,0.06273865920986643,0.013804183320759611,0.03532610028963368,0.0037443261617471357,0.04292125402221525,0.03793508699435422,0.0074233816551154685,0.04332990190341879,0.011398608933496313,0.05615275473320103,0.015925210069094975,0.055771559132644644,0.02212631153845912,0.028034888318045903,0.02734147931641795,-0.0024527314923997734,0.024293468804740037,0.07608059037785009,0.06919858912466204,0.029385837081145505,0.10289268375437155,0.03819219773001237,0.0009757852346354845,-0.07046141670085515,0.016253872825611415,0.04637641699427486,0.027205688131115124,0.005376305203413256,,0.031234001443484427,0.037829550763079256,0.007979582238200056,-0.0016464693065598723,0.05827750575292234,0.010143061675135678,0.002855964674440603,0.009683192669560192,0.03301582134589953,0.014646329845245276,0.03261819387822196,0.0386337403767536,0.017514090158063267,0.009191542818449694,0.054943102069127336,0.025944320209553506,0.022598626795348853,-0.00977540150068279,0.07203200271431043,0.014841398199153089,0.21865414712630127,0.009835800244799131,0.009829594775914607,0.004826788189747244,0.043528730117578185,0.013659958633084113,0.020967761038742205
2022-05-27,0.027604349403438144,0.04075671623385313,0.05377853565027135,0.036632083603781895,0.01826436315200408,0.05923811016454983,0.04196947194760359,0.04158053926666194,0.07333306253742577,0.012408911272136613,0.03554432543018193,0.01980150818067239,0.009758413121822906,0.04801760847800107,0.02903261855083561,0.01400305023148074,0.01032089091828503,0.03648767652452656,0.0246090088796993,0.03951576454895567,0.00067978197531815,0.038324530058269746,0.022052467870054215,0.008733418013933347,0.02624272516912285,0.016830657158331652,0.03852693030439891,0.04283110787722233,0.020017902466177295,0.015130788734265765,0.013695401671143692,0.029802675317069482,0.029228536368388625,0.02164636007169407,0.020159973144531218,0.050922753330323145,0.005118688146522166,0.009380832420781138,0.055079990249529365,0.04161979262192461,0.05091819074092108,0.151919839864596,0.035739814041591655,0.014044775315068314,0.07045695100326732,0.014882815531664484,0.05424319144973855,0.059562310676314345,0.03515638120079578,0.012813896782550183,0.018183986962929888,0.017131224156778257,0.010593877791601258,0.06720473598098797,0.0262647187591174,0.06611168837386305,-0.05566459084211273,0.019928316635933863,0.10306319207202286,0.030110756306980457,0.012130490902148017,0.05970950944102604,0.0036785803274228535,0.038966649330103076,0.021462302331864302,0.01218586487387574,0.009650983097075905,0.020501811235153156,0.03046455560120953,0.035565757680194876,0.023762417123181834,-0.009850787676498163,,0.014119811779540026,0.08733431770123978,0.03587672404304709,0.010494821734098547,0.07056910025114926,0.09416493026930661,0.014035773573040533,-0.0010815828122737736,0.04254600353714655,0.02735778872156458,0.02750421398957492,0.0021563836750693177,0.028438126715142342,0.009695405522004874,0.030507289781446678,0.05480081347693089,0.04613559323874261,0.01840978215411715,0.12572992685057227,0.010253770019224895,0.01351349451475592,0.07294259065512088,0.02027903978548573,0.05949004310324302,0.0433815743328152,0.015566871623917677,0.007898924381912087
2022-05-31,-0.005013889496967017,-0.005346184543042365,-0.007389290229856904,0.04397010379074828,-0.007635962977907473,-0.005400535344677881,0.012869910148036068,0.010992985967809732,-0.001803563389055185,-0.009643997898594159,-0.003911612727584557,0.011527229734399125,-0.023403412542765123,-0.02741579141774897,-0.015016873869813652,-0.01249451355041209,-0.006114438300550251,0.024756774827276784,-0.0029180936103605504,-0.018983192867578103,0.0027173671263451826,-0.018329447437860025,-0.006798936368869524,0.005797993259376355,-0.006632938768416752,-0.013903798836088943,0.007092152826387865,-0.020695999830809164,-0.009894139431171012,-0.018558495181215218,-0.04050230665849697,0.023334649157747966,-0.007656018840318413,0.005073057769291678,-0.0031367150800981625,-0.017291952218416062,0.0007715342593941354,-0.007932101399891534,-0.011642244697575355,-0.012153359381751438,-0.01606509010097812,0.042443049056770654,-0.03149955324077014,-0.005679159372996012,-0.04094234223225046,-0.008112272315830782,0.003070562212299066,0.0,0.003577594157503583,-0.015710513058669773,0.013657034456106443,-0.03149083039652445,-0.006133550056809933,-0.027458043033950053,-0.0032441254969041156,-0.06786781901838557,-0.015681027392501656,-0.01851061459351655,-0.01717288673933448,0.030649011625458078,-0.012522277853311725,-0.015110676541403523,-0.026228392848030024,-0.0019233327089925867,-0.0032691689938074697,-0.0223367308505501,-0.014869179492759121,0.0,-0.010347331294270012,-0.017535913527630398,-0.002014829112755745,-0.012507067165779762,,-0.005902674336616398,-0.01577950543998652,-0.009105713386845737,-0.013649824156043544,-0.008382595300749474,-0.027327422387227962,-0.014042065590143982,0.0008662031202257836,-0.004192318710177556,-0.0004015309426400604,-0.007247255692170218,-0.03227543714604009,-0.020878790120196333,-0.030067880892347576,-0.007523701162328367,-0.04037228869120413,-0.016098593621916013,-0.013099293266584322,-0.043187522888183616,-0.006821961028645518,-0.028303019205729196,-0.051627624522728066,-0.009937987057809905,-0.07199876775491332,-0.01652449158636604,0.0027454300868348103,0.0031347931924397
2022-06-01,0.0020230930975291272,-0.0008733514325567349,-0.018851779399360113,0.012266042992872705,-0.025821111422020038,-0.0112216394787924,0.001142712436773996,0.0008593513753636373,-0.02359349020027357,-0.019797543996742273,-0.006283127683227141,-0.02294367262602337,-0.007511144601108466,0.0040337894531903284,-0.015615398049123264,0.003995567330169925,0.009528129165215171,-0.02234322665108046,-0.006978783686904189,-0.014693809929662849,-0.007904211467249067,-0.024128244598555892,-0.013238268899132155,-0.01293133984463779,-0.04942013719101945,-0.008831688349352329,-0.003927319887799152,-0.027383073956722903,-0.0022241393606832194,0.0028289960278868875,-0.008755313971958723,-0.028280270327428303,-0.01623753062503408,-0.02155575864364223,-0.01022658136933341,-0.02154314303865068,-0.0012336443012657128,-0.0020884249199041305,-0.007330910920990252,-0.021916058519784398,-0.0033174690757151737,-0.026812284310494428,-0.03008094683864948,-0.005769935205729104,0.009125516625727581,0.006605821907041287,-0.03433442071296933,-0.03203844333847128,-0.01890392145490849,-0.019712161425477492,0.019576262866201954,-0.02735027051463279,-0.012006279868132741,-0.01876585936968944,-0.026240881938965677,0.025289942791832276,0.0016634325128570548,-0.014144723080887212,-0.0017809632596269553,-0.04729138827426038,-0.017270667974718545,-0.06449104768812786,-0.027758093085616387,-0.02050926128664665,-0.00932731204877646,-0.0031752510751584806,9.803132755203947e-05,-0.01533179495060355,0.006534698751812007,-0.05615134699083679,-0.01267866972146392,-0.0028785919397449344,,-0.02278418708666896,-0.013280175533293748,0.0047587942576723385,-0.005415171362412652,-0.009413984072081272,0.022119725588136907,0.0008137761869451143,0.00634695219294068,0.0057228989128841334,-0.006961133391032104,0.007947757557192459,0.039744311377689856,-0.021095372055985773,0.0,-0.023236648653936154,0.010884235258643793,-0.020894098512379333,-0.0029200106451020558,-0.027108197764436293,-0.026302558735890158,0.004241206686305565,0.019650026489747452,0.0008030071075348921,-0.017872051343137296,-0.04281847603574196,-0.013004870766800236,-0.014062523632309976
2022-06-02,0.007928834292874942,0.016811242600575316,0.06943232223031526,0.03145034300738625,0.054177275518290546,0.005439132428691096,0.03275470905380029,0.03161990526174008,0.04677398003874078,0.06700364509402834,0.07281164817532204,0.06313821183226476,0.0011411326587107418,0.055289829047996175,0.04245802054429593,0.012381193432648097,0.009215260966574546,0.04413649826603194,0.016549524646005453,0.04527754354006608,-0.00295927765108428,0.025074285947389807,0.013186578809214256,-0.020282532660353847,0.05000234463116482,0.026731225710649564,0.024745066204055366,0.03461906908446122,0.05976584827677667,0.0023755024763743027,-0.04282761402756363,0.04116412480201381,0.020016410920316696,0.027128731594323385,0.0020664611100071895,0.04140171764926337,-0.02022537635462396,0.031112383158406143,0.04402579325866407,0.029947141338851457,0.053452567394312256,0.07489792181521038,0.09773824642432172,0.022451503096749814,0.07785696848448032,0.018437504768371582,0.03889651189210297,0.07080499636521531,0.019012342439722607,0.015225516704271413,0.004630630445483952,0.018258628073128502,0.02600787287635531,0.0584079830491786,0.024626920594722712,0.0015710678982534532,0.08226881121400154,0.03338939439191213,0.032356019370670897,0.09857311913724653,0.048986382048145094,0.014176571448567099,0.006653706726308828,0.030354074220839022,0.043523229028452626,0.03908009103347321,0.0020580074734271037,-0.023087264707424504,0.02281579569129555,0.04520734581700392,0.030181537277417014,0.019630494144263322,,0.005732965218413488,-0.02245468171377707,0.04507597839073352,0.012855390786641108,0.05915436687013931,0.12902565980568914,-0.004065805119449539,0.01411883636449529,0.006606020739537755,0.010514947102830519,0.028736627393326497,-0.01336541037261163,0.027857293648777315,-0.0074500274658203525,0.07288678355760592,0.09690373845013944,0.04640672334861118,0.004792340218171098,0.07989790319203127,0.025636643252747504,-0.011862545608864128,0.18564168190589414,0.03546502363594195,0.056675178588493136,0.019252556938029297,0.003929773237137502,0.004754391454896645
2022-06-03,-0.016607173798493968,-0.03855566147871903,-0.04450796908023502,-0.025185068024527135,-0.040631609203736874,-0.023268688035145035,-0.026198195552239123,-0.027024265343735476,-0.09219359988526965,-0.0232972779328382,-0.0210884369035913,-0.029791802230495934,-0.010979041592743766,-0.026105848997324488,-0.003841763633575801,-0.011792987655176668,0.005964635790803641,-0.034062898984205114,-0.03233721583419236,-0.04195748901078322,-0.019862989658425256,-0.02019946057782085,-0.024841553640359226,0.0006847034387833517,-0.041459500679463024,-0.011266677007496173,-0.07204458149528237,-0.01781006600731283,-0.01538130325165088,-0.0022587868140551137,-0.0005549970101773605,-0.004658714753435711,-0.013544383117208625,-0.023635073683341168,-0.00999367162064968,-0.02509612622852808,-0.00015755313075083155,-0.00920093102973818,-0.00946163932744537,-0.029093523706451352,-0.01765693599438689,-0.033605405441422875,-0.05717423139643685,0.0013186316360138672,-0.06849786160378624,-0.014728430192971764,-0.011792844136430336,-0.020267220580982848,-0.0053738156075610055,-0.003958256773090918,-0.0074198757566593665,-0.029637156815273014,-0.01671457347848715,-0.04020838691897277,-0.021248651755472747,0.02227448108149499,-0.04314210017272402,-0.012170021985184354,-0.02671774169062735,-0.06105884246937643,-0.02170044637945645,-0.06756201483764035,-0.005888689690671689,-0.02836881941778724,-0.005882737980992481,0.002654372012548034,-0.0029340151761155786,-0.0024732111595883177,-0.012694972264922888,-0.03548685506298821,-0.0011115473842049362,-0.011041885419539987,,-0.014351077594167205,-0.02161505876451919,-0.022972357901934415,-0.018963778547286703,-0.06335834180190059,-0.04215115654494339,-0.005307248975758849,-0.0035335689045936647,0.004938335255141091,-0.018676648118701844,-0.003065965650095648,0.024654561126363994,-0.013295433738014895,0.010629190815270917,-0.010221756947935035,-0.030769951903227843,-0.028903435632907648,-0.007949206105334783,-0.024309896488030835,-0.01425939070818849,0.004902569134971557,-0.04733172914697892,-0.016117797612298146,-0.06260812632285717,-0.02777777777777779,-0.006677432960846219,-0.01104103627391928
2022-06-06,-0.004703314811288162,0.005227641225136415,0.0035256606456668393,0.01994280728922404,0.018188495874336352,-0.003710194611046047,0.019901195740951394,0.021354832166177617,0.0160472016783606,-0.007937005310859613,-0.006114783699135207,-0.00924714231278867,0.004185545387143774,-0.000698106626324968,0.010876818124517795,0.0017679962664018944,0.004099242779384893,-0.005523288291705009,-0.0011523216815826354,4.88788680161889e-05,-0.015140962526397628,0.0003479550786873453,-0.026518930399008545,-0.012115091744046125,-0.006244550494864942,0.0018991638603715888,0.0072918857454029595,0.004436027439815193,0.004893222254320984,-0.0053444270648691505,-0.03382239567669487,-0.0008855116017945086,-0.005301786332140401,0.0001815467096319967,0.0006409376001466072,8.276895236392079e-05,-0.022379857629126865,0.00280929255428064,0.003387499676365424,0.014264131427478732,0.010910669489003766,0.055992109797326384,0.019127855689344386,0.016948221112573325,0.04238121442636089,0.0009342503496310162,0.018275847271531642,0.0032358578902911272,0.003357865894469958,0.009800355575380504,0.003964213136712802,-0.012940728593182627,0.028481354577799767,0.013229352206681977,-0.015854293714350765,0.018720289319947847,-0.02016902592968217,-0.0028631079727435838,0.0011038584811540186,0.012056418170961258,0.0011124914555422638,0.028071663830312676,-0.01680366742185868,-0.01417735172827106,0.002726088289548567,0.0032066271812289937,0.001078966293715622,0.010743785064608602,0.005326982418127235,-0.0011002969614277713,0.0009538411009517578,0.05067278678212328,,-0.012930958944359139,0.02078021312685374,-0.02223287555136011,-0.033181074455694404,0.02952098292253691,-0.021623660152738422,-0.003693829404200377,-0.0046098857906693436,0.007435625690251468,0.004350186316541382,0.0007973084604377956,-0.003701728999950138,0.003915655081433211,-0.01749573617916622,0.04877666947102077,-0.001574240647676639,-0.0004632300541586032,-0.002270274775384773,0.010450613171350875,-0.02603810114024785,0.009819814970486451,0.005345408519670025,0.0001574910835169252,-0.027342555195133955,-0.037142835344587066,0.005795085849259252,-0.0015948567902865918
2022-06-07,0.013953488372093092,0.017585926747997416,0.007452325625124212,-0.014344105316090427,0.007207175786277276,0.020953994217847827,0.0028162415146861797,0.0018716420635334075,0.0025460558898939833,-0.0014604153483258608,-0.0035021556198595594,0.00745663602137725,0.006161678831881234,0.009220933384828323,0.0007451342515074622,0.005294459608980562,0.010352104599406386,0.010324671909965,0.004383909230273542,0.018778865571699166,0.008278200069148145,0.00582607103430699,0.01245834325891404,0.003952090983761591,0.025504802750375033,0.012449370589616704,0.00440035772061198,0.013907706465664305,-0.008763288855911044,0.014402930416278048,0.00812759787491868,0.0062040749929459515,0.012619034858454503,0.01016513966449506,0.012650134601698282,0.013104532744787845,0.008221862748136743,0.025251987320617397,0.002250646963543268,0.009305755394531268,0.012352679950479617,0.10120927677598113,0.025734154271466414,-0.0024210795174405275,0.045629350768646715,0.0130678902183754,0.007211972684991075,0.020504536681911878,0.015550280476513967,-0.004640892120024276,0.0038357202195886675,0.010110590410298714,-0.005582335079063916,0.02142615907823542,0.007172969525268247,0.002410056688964657,0.0024549879651896145,0.013660486301708685,-0.006855263148269897,0.04076669233828789,0.028319345018404496,-0.00028587053522255435,-0.010082376446118757,0.006407474394599433,0.015151539679732373,-0.007470653555998408,0.00362534543830062,0.010629687079404704,0.004202440054084544,0.012277704876769935,0.006511551598801235,-0.007901932138927759,,-0.004476839045777892,0.038142830984932985,0.013577588775641969,0.03243075186469446,0.010444345587812931,0.04749896978032142,0.01029866133588575,0.004417492627183828,0.0294589333791917,0.002842434925279358,0.013486658132349616,-0.0005307977070511116,0.006366872970447135,0.020141044129724506,-0.008029067749506624,0.05560520099586719,0.01676191917509673,0.011645064345380929,0.0267389168098211,-0.012580835688662861,0.003035029435901171,0.07647765861855693,0.03669577219549147,0.02855252006369091,0.018991079381584397,-0.008988232199456547,0.004792289436792885
2022-06-08,-0.007669711331708684,-0.005043372780172639,-0.014688781887270186,-0.014796745486375773,0.005060084457185532,-0.013316122467848968,0.0003798757917525819,7.250005775927271e-05,0.012474516432601446,-0.008033423533698514,-0.032104837505779305,0.021247677396579068,-0.004983200307521085,-0.010567156448596737,-0.02132476606462863,-0.01426380360394719,-0.024388409793899002,-0.020649747610013813,-0.05283710777760098,-0.005256216185017704,0.00492608677483064,-0.027751354156539287,-0.02637627804144893,-0.003774229620342795,-0.015093448482938143,-0.015686625449455538,-0.030525771578565508,-0.021607056216265796,0.008196081418752721,0.00985810099965101,-0.010130575753262039,-0.01258336459845788,-0.010302291248465267,-0.011620260418499395,-0.009803964739506621,-0.015630930274206922,-0.00255836017060862,-0.004022761016707843,-0.020149862396311002,-0.016585513530529505,-0.014420481512717909,0.09731370932882655,-7.275253325722542e-05,-0.022519417537601005,0.012225513649828601,-0.02303445564237172,0.007078886138209839,-0.01219092726385218,-0.010505502199783523,-0.01576776722036133,0.004495387958958208,-0.02617826793654565,-0.006714371167824806,-0.027368108343402975,-0.023817335203941692,-0.02674690198446794,0.004960711372890447,-0.015278959478943088,-0.016604732692042434,-0.008138713676140163,-0.01588187204974767,0.055198063685205856,0.006707252530109287,-0.02504239721878998,0.005160150754980997,-0.04928101872755741,-0.018549267990023655,0.008629980556155603,-0.020924267291455245,-0.012792290705458287,-0.00907299034223985,-0.010436722595653758,,0.011190601078989726,0.021948551821826312,-0.011458991203416313,-0.013113763134180334,0.028190190298983175,-0.00657041551465587,-0.01794089871158111,-0.012413988684444988,-0.0005610744471019613,-0.013227099149387911,-0.02111178908910083,-0.004514024684920237,-0.02906805889675257,0.02809823873600048,-0.02550399966443717,-0.0002489571831630899,-0.016827558417639388,-0.031886790205383986,0.01695233589467815,-0.03132183145707057,-0.00419913501493463,0.011570125748859628,-0.0018989746417806819,0.001973619258690107,-0.029120558985339384,-0.009302361066951259,-0.01271858890162647
2022-06-09,-0.020783236718601383,-0.0359557115626985,-0.032175032912197365,-0.04150848957443054,-0.06427989945525714,-0.01616671657926738,-0.02012473006054616,-0.019788803249433107,-0.008930555308462429,0.008675394011227633,-0.030421966905798348,-0.04959817318826987,-0.017800018248307903,-0.005643090501869841,-0.03015825769335967,-0.01469278437923871,-0.016197044099263702,-0.01619170906225542,-0.02959013422867851,-0.033561752518679544,-0.01540615884830332,-0.04641651487816745,-0.022918264485930928,-0.015194703407437782,-0.03957003162743422,-0.012903607395099992,-0.0376093569743734,-0.036475099091402896,-0.02897090950759007,-0.054054039032574774,-0.053113118300303075,0.0056072694604489826,-0.019500924759307647,-0.02060477552675466,-0.022197371660137133,-0.03292028342477993,-0.019236946816161837,-0.016632393406731172,-0.01799383013592981,-0.044110441965993785,-0.02576124120470502,-0.09622781337901021,-0.09241835320986358,-0.031988038956210385,-0.02957947547783546,-0.02011944043990499,-0.06503995831540843,-0.03885271903645915,-0.02113374457483086,-0.009122500601970396,-0.015104011853303345,0.040379474788141856,-0.010416609422251755,-0.048357186279224584,-0.02829734162883546,-0.05496368292578635,-0.03880274753558244,-0.0203103365259919,-0.042556316451997755,-0.030860773445827383,0.00988257045839136,-0.06965712597744189,-0.01591611186866415,-0.033086725983517584,-0.017773016915109685,-0.006341580980726347,-0.022580291163137756,-0.0034759642462923734,-0.01802641137237715,-0.032986501528094014,-0.023885350608647715,-0.00888147948004081,,-0.011661035554994648,-0.09755608706827634,-0.025469410176179874,-0.03121137854857614,-0.040212041669798526,-0.034559842917622596,-0.0313472779516667,-0.02449363333005261,-0.015470000407383333,-0.03200661944672223,-0.004301938830757024,-0.03761002358722154,-0.0208982253585569,-0.021815869008094513,-0.018022277090253502,-0.02360560468687989,-0.03098554815800947,-0.025830250607421612,-0.031104722639703097,-0.029137763459926136,-0.008743572189942928,-0.028861926360181145,-0.01651444649727163,-0.03879586179913497,-0.06238751992160996,-0.02065721326146419,-0.009661826475196755
2022-06-10,-0.044563626537879486,-0.038628677302390724,-0.059507926022940416,-0.05596211721574329,-0.0458151775857677,-0.026877767716568246,-0.031993621459449284,-0.030373844185028087,-0.031190911234383223,-0.018514967610184896,-0.040283433542492975,-0.050993420206397744,-0.0015972140851804317,-0.07640358347149934,-0.02447515683960888,-0.0173971231872323,-0.018869415764593,-0.02567485621569321,-0.020744765088148487,-0.04825861231147177,-0.013039336962571313,-0.049981356929534315,-0.023517780719739312,-0.007197540819706583,-0.022290987110302196,-0.029842174321478177,-0.05149951354229154,-0.03858548601460665,-0.07589651612164716,-0.018559904111118297,-0.006377255568763451,-0.041059502506649026,-0.018915168700877172,-0.029020496403029172,-0.007022706326809125,-0.045540315583441626,-0.00719187029281132,-0.04055024230034243,-0.03686758048087613,-0.03849476388977191,-0.043001072159843834,0.021294718632937304,-0.07578729939261697,-0.0464061978081588,-0.024373354382929868,-0.02791148017657752,-0.05884892401276087,-0.05718698756021379,-0.04133838920246713,-0.018881337278458865,-0.033284131843525744,-0.030669817929897092,-0.025307973784956972,-0.06037535189535681,-0.038254210975675274,-0.02319879415429571,-0.029578125187535886,-0.036391105615286024,-0.04091046768900919,-0.008770470556431875,-0.050049455946877264,-0.09424619194311501,-0.03209635305194425,-0.03722040867128873,-0.035395243537955534,-0.020176840331687984,0.0,0.004829629808557945,-0.01627556033058497,-0.038393097275307264,-0.01606852565433725,-0.0061606668061080505,,-0.016733726953932382,-0.05162631219160685,-0.018428522355986243,-0.014513554008598772,-0.06170249414083262,-0.07178697882305618,-0.013930594256419737,-0.017450814813283477,-0.014826055317387787,-0.01215194322100177,-0.036004378891940636,-0.023558820556565108,-0.01612798903350543,-0.02334092172985258,-0.040217051769874,-0.06248087398011426,-0.03564452186288025,-0.00378783175771924,-0.04245105121757853,-0.02624894996232674,-0.02408511702540972,-0.07462639666419058,-0.00990481174351776,-0.09034614277636677,-0.049264264371453925,-0.004314484657456319,-0.008130112188539096
2022-06-13,-0.04241278609173382,-0.03828483784046022,-0.07817841312014895,-0.05453719355874542,-0.06441882067303795,-0.04369357910224525,-0.04290151926952068,-0.040842655182035004,-0.07102153990705962,-0.023871700625659464,-0.08257753486875508,-0.072428117542219,-0.01710557904389587,-0.056342683952212425,-0.03075051505588755,-0.005748447697204395,-0.04513058009473292,-0.03408403446057828,-0.03598774467660848,-0.04519702778226742,-0.034350234650150635,-0.054573986145324715,-0.02693624054304189,-0.01349939714399151,-0.05017782840831586,-0.009984972206035225,-0.06036408246203562,-0.05760843337803878,-0.05968760308033616,-0.03723322862272904,-0.03936624029263913,-0.043742535201383936,-0.03241659941704822,-0.05830992864678208,-0.026315764707210976,-0.0592818994251636,-0.026177150290589646,-0.0353176476112671,-0.04957599764964993,-0.05359239383068992,-0.04996309380824315,-0.09241035604710324,-0.09361129952935099,-0.04860192188018986,-0.08740847160145904,-0.02772277801117795,-0.09163532293962917,-0.07036572025618604,-0.04512222014479317,-0.021681125472843066,-0.024911878140191246,-0.05628046502518547,-0.02929690975339716,-0.08027130857414855,-0.01397525255562937,-0.07208565491377539,-0.04722670893225889,-0.03167128539725472,-0.07472736578313643,-0.07354097471595078,-0.07568239928863585,-0.06111288546816296,-0.030699419829983032,-0.06500392649188558,-0.044650271806331854,-0.030261331617362552,-0.05342967520722475,-0.037650195425561805,-0.036552476489304264,-0.028014692622032378,-0.02835114189516741,-0.022259816234572627,,-0.04158670811103793,-0.07858720325139912,-0.047277700128855904,-0.028807291918114264,-0.07489341571799268,-0.10457378251276095,-0.05064112369825835,-0.03507200126607701,-0.04945657064591413,-0.028894352262146428,-0.03860398946127741,-0.054782864895072,-0.014808091676958512,-0.0270379561412184,-0.06767541962304646,-0.0953158397539069,-0.046719262500889536,-0.03689624936999214,-0.08222124101704731,-0.0626087280863149,-0.006346189058743956,-0.11056526515518472,-0.037201989998963625,-0.04838633020560168,-0.055854639494093083,-0.03033226067550443,-0.029508169041433052
2022-06-14,0.00920503193631994,0.006672653862921818,0.012078988783176259,-0.013118555361940287,-0.0032265846646842844,0.004926370343153907,0.00303590987443747,0.0029706927578414533,0.023887157055640484,0.005638447303413452,0.0,-0.01267021700948956,-0.022661889642488275,-0.002233247910389591,-0.018949297147725974,-0.007631864436745017,0.0022468205193852953,0.012435805993978644,0.0042361621782618375,0.0021704128303450254,-0.008955238893513906,0.003114649633599642,0.0035823816591600277,-0.0045191844613368115,-0.019849182402203125,-0.006181538883890947,-0.0023793234072974068,0.0060168258973754,-0.014050248205489502,0.015037297569518993,-0.001729496137162334,-0.0006910316657827709,-0.0030767222158838425,-0.004060405266073652,-0.012331073189670083,0.008251549310564155,-0.022992401948739527,0.008163626295506266,0.016916463952142635,-0.004882639511515907,0.012212308928534865,0.11964709317753908,-0.0168117810098245,0.0007889225008039791,0.03067557664583731,-0.004073283625728674,-0.0006064647569864468,-0.017091727012568447,-0.01511807620465544,0.004072194172044963,0.014220297802908233,-0.0013648883248083,0.0422535185831161,-0.005941424039500931,-0.011863061531779073,-0.018745510528268894,-0.02003790290612195,-0.012205648661844148,-0.008723337448769297,0.018366148175716024,0.010281817933915471,0.0013702983023944348,-0.011091832296471149,0.01617207782771124,0.006892144160672853,-0.0009595149372851886,-0.027631433564101804,0.002774652374606612,-0.018969663103134193,-0.021445632691459715,0.002218259007433998,-0.008645510964396141,,-0.0055009131368077835,0.03782122777302899,-0.011644599237415898,-0.012497917363395117,-0.00394910701941098,0.011260752583888367,-0.031364444192149676,-0.010795214504145667,0.012381608885446704,-0.00029454475248469336,0.010069586449649393,-0.011111079290145542,-0.02127792713779486,0.010512015899124316,0.010344245304289235,0.00835888776095306,-0.00351308839680875,-0.0367013036793562,0.008015356199870816,-0.02308800186842319,0.006515771894827438,0.008368200836819994,-0.014449214579271619,-0.025217404961403456,-0.0035638055371705057,-0.0019860481326166024,0.001689147283075343
2022-06-15,0.029735321895909328,0.020111466401181888,0.04363477920861847,0.052389802934770247,0.03432486729755224,0.01257288824301428,0.028571328481447722,0.029819791016910013,0.05482367080362738,0.008773132935459671,0.02655483670209824,0.07502690598029993,0.010696888426698692,0.016450045798586554,0.0147824747627614,0.02074107184370244,0.012970337048809677,0.0059112874630171675,0.018982367912210973,0.0377213932004814,0.007279139418088221,0.008279811629291034,0.01194182448094816,-0.0005091010553294195,0.026321290521425844,0.009220877633469016,0.00715499426723154,0.008604455008775602,0.011134957217749486,0.01778542092185309,0.023415751667990037,0.025999238643164224,0.014794439530854797,0.01977307670255457,0.009748583597128269,0.023130177571282218,0.010382392535312812,0.011191130278876305,0.02737493722731954,0.028829066835153183,0.030197376731192493,-0.01198292127671885,0.09132053179402755,0.0169491644354538,0.031960390382037795,0.002726650418882093,0.02629714172037856,0.04650845693019323,0.006809652365960872,0.0038881283660296972,0.02008080486123709,0.0038624349706180006,-0.002157560950252102,0.014014845399016762,0.009588593131324208,0.06906690358338397,0.024608929226721754,0.02760884942038988,0.02983862978756857,0.03174151861391805,0.03079153373271737,0.08826547944272267,0.027027027027026973,0.009844109378353227,0.018609630020332002,0.01160896465162975,0.002321971238431919,0.001106832213694009,0.009769988434782384,0.015046087583104883,0.004086113242113942,0.013081306054700592,,-0.006571235287035848,0.0573379513054324,0.02138844198548462,0.0221059974754505,0.06035237382553116,0.025714589003267063,-0.0011818258126877756,0.014838594013492079,-0.019180714310771396,0.009135038928795636,0.008307729867788494,-0.0361372767394289,0.012387074301905221,0.01586158176551855,0.024536616985146198,0.07144567932736101,0.03912781035906843,-0.0004553548959858045,0.043205962728010805,0.043680095410095765,-0.00948603349442001,0.05526973993451767,0.0391236294928341,0.022279716694537655,0.062231821725383885,0.013184048986025987,0.013490793062236328
2022-06-16,-0.026970104203543177,-0.039651446559871295,-0.056029585080418665,-0.037243378610853584,-0.050073874701514365,-0.05606506059307148,-0.033990977860441585,-0.03401109011311276,-0.08540769912654234,-0.015322911677159046,-0.08118700730388484,-0.037532588328953786,-0.0048164936889107945,-0.0314125714572564,-0.03423443897460776,-0.010958893849253415,-0.017704694302900892,-0.07792108051279223,-0.03389395398636341,-0.04995509915794094,-0.05532023826600385,-0.08037366021580017,-0.029181651521235308,-0.020672362167141856,-0.027634722041554816,-0.027517955907981673,-0.06951963268955585,-0.07790323982520941,-0.06436115253518415,-0.010058726867669843,-0.007911763256812199,-0.04367172646641915,-0.03480565613089548,-0.04410977502945157,-0.0072832028880048805,-0.04135400813820911,-0.011474536323836548,-0.04252393573374624,-0.04534362367368694,-0.07357567067804371,-0.04494990072284022,-0.023758104964322513,-0.08917925049674025,-0.0622738966382661,-0.043443864462964,-0.012576507079330002,-0.08091060397856342,-0.06066198553403246,-0.01676806941398834,-0.023388607097077907,-0.0498543827638781,-0.06286252494207734,0.00022757075727053433,-0.08455284111592298,-0.03127680541758282,0.0010308858729768389,-0.04166372838008736,-0.034476263730939594,-0.07017151651944542,-0.04922394304722766,-0.04969016925794234,-0.0823640042713577,-0.03144736039011098,-0.0718115064781989,-0.05032901029460912,-0.030134171524284104,-0.016105891449498255,-0.00414597912143877,-0.017738380513779184,-0.019674214757699038,-0.0350996142158877,-0.011764702019042228,,-0.07494430711911892,-0.05796309825720003,-0.02111798862346903,0.004787863909335943,-0.08122143533414494,-0.08237269989974627,-0.024609492241748576,-0.009902454001997074,-0.08912511802012524,-0.03942177007528358,-0.048275882621036104,-0.058286086793016834,-0.010050568611112087,-0.02904793616092538,-0.07891112609940376,-0.07747967207617878,-0.046282735295320676,-0.013667449456853165,-0.08242833875685074,-0.08147996065293184,-0.021806621351069366,-0.07592801298077001,-0.009987334334620734,-0.030263907775543997,-0.08080813010865984,-0.026025076975309314,-0.04991683515970158
2022-06-17,0.010940085163190005,0.011533138767930717,0.01788352440971086,0.02469609751257895,0.01784055736363932,0.0029566781494800853,0.010468395396956875,0.011529875451044669,0.017174980283869212,-0.011222789123918053,-0.005850132103356609,0.012460273015684198,0.00019103852467727833,-0.011750789375288284,0.0033135146038703045,0.0016158747764853931,0.026633389049768308,0.0014070366609395535,-0.009908916185666472,0.028028769667175712,0.021102591408086235,0.002678931833626663,-0.007729392922550593,0.01738110350718003,0.007183656174072572,-0.0010007111945965486,0.013452130540733576,0.0027731381686855183,0.032839720298288855,0.0483343532814513,0.04346656884962963,0.012966960365213165,0.0017004918162399907,0.008155570292694092,0.003241744151686987,0.004929119875585863,0.014033221439073928,0.019407762889187774,0.023109615762499924,0.011107577218469444,0.014247196489570069,0.004084439845513765,0.0367552767217576,0.0004821718356566862,0.0425544615286062,-0.004130772290406037,0.0668024403263312,0.02344515078255638,-0.0044140229879426895,0.0029401208600428053,0.004290797776083544,-0.0030950320268783305,0.002616945710898211,0.022202486227198337,0.006500262845126059,-0.002746307106448631,0.0184130079002085,0.02111303945045795,0.021057797853312854,0.012060593037041212,0.019944677992343562,0.056697456286987524,0.015622897926143908,0.008226805482560495,0.025023987014676896,-0.01213020166735479,-0.008745361116110462,-0.01248950772934132,-0.005130309918909726,0.0020771380576214415,-0.007117103734025965,-0.002613244952863969,,0.06406641377279909,0.05740003999950094,0.01631619884642066,0.0037791577379184815,0.04680080751182292,0.04439565171957294,-0.0075206541511531055,0.004375604895378915,-0.08520341400585241,0.01079189959860738,0.001667272686709298,0.002676477930399601,0.0204313624401129,0.05330761123030303,-0.018705574581471485,0.077289713611854,0.02151958375470353,-0.016012273282458134,0.06020732569948928,-0.0125467684568622,-0.007144286856759052,0.06272076012807748,0.007285796810228895,-0.002556377352112227,0.04175829043428991,-0.00882274994393828,0.02451836524523543
2022-06-21,0.024591204307581105,0.032760699593918474,0.04319899545666672,0.023159471438541024,-0.040857470483507186,0.01026771318531372,0.04107106248984849,0.038469185530465966,0.0935443480214786,0.03675923530952563,0.02721590326111012,-0.0262092814580277,0.02323958494849543,0.006097679085753205,0.027865715933707902,0.017285088973265195,0.031977442967000336,0.028101509099183408,0.020557162467920165,0.020881235019695632,-0.005941605468251843,0.05944557752468582,0.021704459599612314,0.015720869215302136,0.011661836067318854,0.004507499011405347,0.018834067032476254,0.032374999681699324,0.015952867276325833,0.0269110083560562,0.011567209849253413,0.015166220902119942,0.03275413220779311,0.02572081238410573,0.017346946785686157,0.049017436296400874,0.03382879862517085,0.050488049475761576,0.0203930336089031,0.04436463447601091,0.03529249549935565,0.06864405486543301,0.03381512309842849,-0.025132507084362987,0.00451498182258292,0.002073953173503673,0.027942495114971155,-0.007270216299086529,0.0318698924131291,0.018117680347702336,0.03161618875151406,0.007983238245062418,0.030866925857127248,0.02150299400701461,0.02113638175747412,0.0392427307035077,-0.005596202840950415,0.00962365093472628,-0.00530487791013623,0.023979095835221953,0.04468566328883239,0.022369931898778672,0.0045478374555296686,0.030381945249291054,-0.006040314407965819,0.026928047546937783,0.01741876736051773,0.02894881186874687,0.02599014331946803,0.01213233084721188,0.02902653786988374,0.01717613329829959,,-0.01015926853377036,0.015308964559516358,0.00017835036190283482,0.02848259410903098,0.01641473323442577,0.05465374816404056,0.016866258354499397,0.014392455267968396,0.0816910441489831,0.018796992481203034,0.02323946833376267,0.017017025043927214,0.020454810337277474,0.025527876257834592,-0.009721660892749728,0.024922973241015445,0.011736868684019353,0.013299988903892501,0.041811113079031514,0.012929068400939547,0.041908246374804836,0.07927923040227736,0.023607036629341716,-0.021624154723425937,-0.012658249071424987,0.019837202068939686,0.010256400642336239
2022-06-22,-0.0024040379803964562,-0.003827107031419197,-0.012435093040293888,0.0024843268523027096,-0.007640859120815913,-0.015225168385225252,-0.0005064877281888425,0.00016959507643021787,-0.004007805884153504,-0.006801826771437702,-0.0004773948572655007,0.04669121500527007,0.008213502646290394,0.0064464486648232455,-0.0012718551588628557,-0.01291345044644232,0.011392116813697895,-0.017927451872989053,-0.009276397518353852,0.009034797785767434,0.010914812594568168,-0.01292419618791607,-0.005604069938267786,0.007256388997799457,0.032420685238331304,-0.015400802525599722,-0.008098575539636998,-0.017111591344661337,-0.024493014615999176,0.007920879536957859,-0.001412282537518017,0.004660142153942504,0.002707394935740348,-0.004718653038293774,0.007689720608816009,-0.008495809452130132,0.016526194475932288,-0.010092966283931859,-0.003242707240982523,-0.017902308069684625,-0.014715759988949917,-0.04266453067818299,0.03152126057903182,-0.036163264945406004,0.0064990726930604925,-0.005519139312705756,-0.026791805551069192,0.008290706803233183,0.0022319841610352054,0.01920152708976075,-0.011122950319628178,-0.01345150191029798,-0.0011008198827875404,-0.013608322480547774,0.001855556140443193,-0.01937730975398111,-0.014502234322585794,0.004624366440196814,0.013602522454777777,0.015043962139751788,-0.009145580976387957,0.03297925861929851,-0.03049268924175097,-0.006571177753584845,0.005172698906268591,-0.01111814175545911,0.004002230378714833,0.012018536448332506,0.002010423617745616,0.003252677698509787,-0.005589968461494621,-0.0017171597295909669,,0.024618805823529932,0.04677284078870536,0.03121098643704001,0.011459452252474467,-0.0356991129653742,0.008636904001584123,0.002163465285795141,-0.01043025244817608,-0.04671908347600473,-0.003985190303563146,-0.0012513104295249766,-0.03149603342816265,0.007024697929025825,0.0005316864550053424,-0.01809436819251864,0.01311472074581621,0.001062337985190176,0.015750410892833466,-0.007587350347077804,-0.013864376594581729,-0.008632856256317933,-0.008606851833443674,-0.0013976757065335965,-0.009059177102956895,-0.004985733263134562,0.008728236961012215,0.0033840916147014344
2022-06-23,0.022636512298898515,0.021573683319320303,-0.008251870740526912,0.0320330939965241,0.01860759565551895,0.0009675074840653775,0.006767518266407313,0.005806318490491957,-0.004306310889948484,0.03269851470633989,-0.0157611903859608,0.015763918239366514,0.012775457259851741,0.030958389652842477,-0.005261418754463509,-0.014688992291282177,0.02080051295748153,-0.016945049624788155,0.0008025355387821786,0.052279182474428865,0.005398433836383054,-0.007025799925021725,-0.009567540337297231,0.012284488030898766,0.019340070667164033,-0.017779713493970895,-0.002129906488458788,-0.0036417035753238958,-0.028986532308191815,0.04109288142826428,0.035018040441249454,0.025920788777358927,0.015332729161783298,-0.01429055670554824,0.012607865819856068,-0.011650840681951768,0.01739560297056464,0.01770111547022135,0.026590127557078125,0.0,0.03494101541612249,0.06411535300611537,0.0313551660302156,-0.02491579208553507,0.05545825122369119,-0.004162360026047862,-0.038279891543475664,0.011511529722330716,0.020349639590648838,0.03181563497283735,-0.023812393032592638,-0.02191782420066357,0.015869544581301076,-0.0028023511495075537,0.028538640752120426,-0.009457820760895852,0.04099865475991793,0.034852107282549394,0.08430393307818718,0.051593996289204025,0.019968386675822902,0.07858779734876498,0.01606930143622498,-0.017808671190041925,0.030408743130030613,0.050572754871790915,0.023253307056653627,0.02159242249755078,0.012038492622074015,0.06757530772266729,0.014529104428618433,0.00946095201410646,,0.015371262713161471,0.05284035272729404,0.026980307532423975,0.014162041258637625,0.046055533349389055,0.1044022671924798,0.012952768849010976,-0.0005424480050519875,-0.054401274332762206,-0.0014820109445852214,-0.009459435691513862,-0.029132811552019633,0.028143653397817436,0.02115944387832136,-0.010586103089560872,0.042394826694223564,0.046523437345662444,0.02280328409601773,0.09154311475159882,-0.025663947570516377,0.003096147399332727,0.08749007747647974,0.011275247895983886,0.06592136303556284,0.010737266690272973,0.010877592544129566,0.028667804589392887
2022-06-24,0.034149839124277825,0.024517243689154977,0.0555315532008378,0.03575237064906034,0.07187403881643695,0.025192335784568476,0.05107715359858145,0.05194592229283268,0.04524889345059324,0.019726305509868425,0.05641151896959218,0.05029992324000565,0.012370497890270338,0.02941797509913524,0.021561246179904847,0.027253625917264435,0.008386048029827009,0.04171873002755455,0.032077005288265514,0.04209605768480973,0.011761674182917403,0.04373929979038804,0.03182478217558593,0.009379237375641392,0.025281164640319487,0.031219549290160797,0.039487679790165764,0.061568611337171175,0.05230890933778731,0.031922355530753954,0.008396541699634996,0.03869685877929285,0.03898751725562666,0.02851456195352764,0.026376156392586392,0.05875380815420628,0.00798977285666802,0.01518672156882439,0.026580440487318002,0.06129765142250254,0.043426437605026624,0.026934386378983488,0.058427811846362365,0.04757253830751984,0.057690176951358474,0.029954741824310238,0.08138320952969713,0.05243195873986917,0.03451284734841442,0.017303674166959437,0.03223830757617696,0.03784778206818373,0.02603603295653434,0.04236928167499676,0.03406206938561662,0.010741640870034486,0.0693438388146499,0.02469129902765399,0.04945200307688258,0.032708404659195445,0.04102115954843932,0.054646423092778784,0.04798587809242871,0.04610606096836123,0.02455208713364221,0.040788330113389115,0.012877337570106118,0.014531124806619555,0.028945339788269075,0.01647830816489826,0.04364506736968177,0.015620541078147587,,0.017555402079966642,0.007050187102839889,0.0584371395013179,0.03801403713958651,0.04255320003831575,0.06838971160205687,0.025100672147316816,0.009615308388795762,0.0038577582414769385,0.0427427278155077,0.03933722117872129,-0.006629467378548304,0.011814963198446327,0.002601891287085767,0.049534375659465724,0.062403048536546546,0.04222446339088126,0.019024952475040102,0.049520847194697515,0.05107648992281222,0.010931851759254707,0.04294419192523802,0.027450918736302343,0.0019632633326376325,0.011331434044538957,0.018586503975905444,0.01475412360573003
2022-06-27,-0.010496815205299992,0.0,-0.015006377133377158,-0.027820692849391482,-0.003937459770368523,-0.006639307209189704,-0.018152106621525554,-0.016159412365813197,-0.0032016505127857586,-0.0054090780675909444,-0.010564976453838582,-0.008959951056746074,0.0013242714394567923,-0.017151536870802175,-0.022985855516185594,-0.007482948475634799,-0.0039393677976997665,0.01662671348061573,0.0005180123659027647,-0.0308893109700471,0.006570688355715948,0.0025677896305746906,-0.00211607462335639,-0.0021192037495193494,-0.008251040886379402,-0.009610104128815355,0.00581793567039024,-0.0008885001761815836,-0.018026492174490705,-0.017877219917886822,-0.016473682804924672,-0.005505060834921971,-0.0021938650864682385,0.00601238480730637,-0.00031924113769432605,-0.0026804231579068416,-0.003963221191235378,-0.01728962957452207,-0.017671010954010025,-0.014012345386530733,-0.02011164996286463,-0.018496076980545673,-0.02995432309507806,0.00573931455097787,-0.016541503467850216,-0.008454514798109991,-0.019418433916995603,-0.022399560465161228,0.0019252360367871812,0.003223480684855229,-0.004631249097967416,-0.0028873129093640593,-0.003912061106141174,-0.011820814607932717,-0.021927356770189088,0.002361663166857708,-0.02630713528258466,-0.005581123925823772,-0.03434123419094526,-0.013776229175347598,-0.004735372720044206,-0.03926600510245992,-0.015348928932577555,0.0014855783289939861,-0.020043546014593017,0.009079607041778459,0.014743642150742753,0.006770789354213491,-0.010211995730479262,-0.0067777252754479544,0.0018786519346587482,0.0036353767957799654,,0.0026774707364152217,0.007555252690171876,-0.018615723108204474,-0.005829587156251037,-0.0333400984020743,-0.021213307940823767,0.013859978319055388,-0.03533025024531844,0.03918130794467922,-0.004981475426693915,0.008762337066416492,0.03407099557772475,0.006416559194776239,0.0077384735767271895,0.022654274506098693,-0.01514708990556679,-0.02393465212337964,0.011231101223462936,-0.03857868700457179,-0.010241909499984492,-0.0005088851067877043,-0.013857209872314313,-0.0330039557287265,-0.002990700738256913,-0.014005589146010688,0.012965115991521836,0.011308589824603255
2022-06-28,-0.03174903996766787,-0.029789645006425114,-0.052581628957344084,-0.05140434227234392,-0.05197954175379471,-0.01435601307215184,-0.03303020201706841,-0.03473596396794332,-0.0500435578248114,-0.027275588268681927,-0.06244202244827046,-0.05043879304704557,-0.014066795977293545,-0.04051749585285447,-0.009653735822810594,-0.01622113495652755,-0.02570671363283583,0.034753937629609766,-0.022003682767690713,-0.04553763742882322,-0.017574710789836745,-0.026534207059624615,-0.009381772914069941,-0.005472785637232858,-0.028614008263844193,-0.013124664456828139,-0.015651551344865733,-0.025634181640887488,-0.030491892685965305,-0.03880688296065116,-0.01324708031290045,-0.017250308470916353,-0.019467729593370176,-0.013945088623381396,-0.014529775377497,-0.02510410848499367,-0.009867940928112273,-0.019865308686746963,-0.026261695339321878,-0.03470200099654874,-0.028034975180386112,-0.02749457581142456,-0.07292523140153329,-0.010699764418842461,-0.04254378357596311,-0.006139164633332417,-0.03911331251924266,-0.054253392337733186,-0.02216317903337739,-0.01653352830463506,-0.007277552056656256,-0.02920810381355421,-0.036089603639952506,-0.04889825302081585,-0.017754562197063617,-0.022551268582686523,-0.025667024474355093,-0.030289545887562608,-0.04874373377414465,-0.024804197959883978,-0.02650803056995399,-0.05266854158330947,-0.04663345204834357,-0.02010874308267785,-0.03102829096579729,-0.03591477515024677,0.0010528371297831018,-0.024055879690802362,-0.04282656820485031,-0.027351495300133144,-0.022664326803295,-0.010587937435987738,,-0.01578513826232497,-0.02180791246309044,-0.021725034791795328,-0.008720520409346677,-0.07713207807147915,-0.07490491903050989,-0.00022780409369427268,-0.021656060937481292,0.04349227179560211,-0.025747431804718945,-0.03866572390703793,0.021399427626972667,-0.0296381589960506,-0.0517863578128398,-0.025106089009136356,-0.0475248518435093,-0.042504001325348706,0.009519630971929649,-0.0566887767204185,-0.023117553487231435,-0.02265638291839167,-0.06872095934379607,-0.023450245733686037,-0.030618118649372694,-0.02982955103478402,-0.029153818020218214,-0.022364271278590753
2022-06-29,0.014737985875625803,0.013023815878466127,-0.02753102836710153,0.014152668728781626,0.020288834417630408,-0.016130019757292002,-0.002731957741161084,-0.002798243195581751,-0.01793718238090891,0.0026248074620205397,-0.03453826389809744,-0.006904261976747206,0.016584362610839287,0.007849451847113498,-0.0067825162773421654,-0.004180220609268925,0.010072888447618,-0.01041041270848364,-0.012969769179506874,0.008724002802665387,0.005111187259905892,-0.03241416870629732,-0.00895176991457014,0.007884679118956628,0.0029703986752298572,-0.015629440452954113,-0.03180090102278188,-0.02557847333287655,-0.015279472165861896,0.01513557762445128,0.005383419634320985,0.0011789883626243114,-0.008735845737247727,-0.008216049401111314,0.005346694909764915,-0.028840586262198986,0.004340145663674466,-0.00022361938064408005,0.00787033301010509,-0.011806465002111133,0.005329090579394791,0.0017471507616124704,-0.007323300928101517,-0.006921960465555377,0.010046500806432102,-0.0006862920670528405,-0.03691170428769941,-0.00487327312180863,0.0025842472149804063,0.010483386961252394,-0.0009614220216324076,-0.02723380180908963,0.027970498665506938,-0.02206531347603269,0.0047486158440839255,-0.013257583221217506,0.014280745640164572,0.0021130304102694453,0.00022627987938639293,0.010040161052746077,-0.002094654296811327,-0.00044475582882375075,-0.01332785431399397,-0.02354922637362944,0.015867365976712566,0.018227473050332454,0.0030500726750366525,0.006626027114581268,0.0109823253129262,0.025801122493896544,-0.04195861607056772,0.004787439923349401,,0.014900548272067216,0.004360328479795728,-0.002154475767094599,0.01653263056037102,-0.018346576337403442,0.010789180590324854,0.010483114705457597,-0.0004068637978578149,-0.057704201210052486,0.005432429059849309,-0.00809432970857693,-0.014632542019391903,0.014087870536393376,0.013431441876866623,-0.03200156026242751,-0.0012461344006140518,0.005496824050860827,0.0031433237236460077,0.00019364045734215907,-0.02952439914647753,0.017451276603270616,-0.005676368080466898,-0.005151383137635301,-0.005335325396559232,-0.0358711403068569,-0.0021972693994031234,-0.001633946443083012
2022-06-30,-0.013179217185338099,-0.01802768500939822,-0.024642915172932822,-0.024880638358707907,-0.01640845676068403,-0.009379918984452451,-0.02451625541230651,-0.025691186517258324,-0.017579227799377373,0.0200919515473037,-0.01948963565458084,-0.01956719825757569,-0.00041979288204418985,-0.006621444888483707,-0.013314590556442907,-0.005597053929302653,0.0012651497739286643,-0.019120002652683654,0.0032179921946529078,-0.010829957350106834,-0.0022883332925967004,-0.010441582107684533,0.005694430711733922,-0.008678603624607595,-0.009279775201179619,0.0035219435398365917,-0.013209597865403877,-0.0021074673275033318,-0.03388330708176135,0.005136445193707484,-0.010859727397679153,-0.0005233666801992554,-0.01013247151390717,-0.008012547703789119,0.000644656180808667,-0.004648035430358077,-0.010723402270392035,0.00435136107435774,-0.007710858558412803,-0.018034728906019537,-0.005897160087771414,-0.020136363784823197,-0.03523549845269369,-0.012488210804171285,-0.041946145165425275,-0.002060486660775629,-0.051634179265022784,-0.02280684000240829,0.0028996819354789594,-0.008428413472969631,-0.009503153217024773,-0.01326493425203401,-0.006963058773472808,-0.01782493052723555,0.0027950861075729527,-0.000872501318436858,-0.04599819451739007,-0.0038503681875236007,-0.027650546909148366,-0.012193481857612487,-0.010320034227517483,-0.048205281641449216,-0.02200242661714269,0.0005168405579407676,-0.036645788508597676,0.003877964351130858,0.005976718867659381,0.004212739582426295,0.004224483772687249,-0.02090891130827821,-0.008532831872521851,-0.008127828280463212,,0.01011125060028184,0.0002801522694897418,0.0033217200793984603,-0.014174828347152224,-0.03345640881020795,-0.031818692644300595,0.02210192915795761,-0.00960677593084136,-0.00948406553731751,-0.014456855207847008,-0.0032895006733153487,-0.025649623457955628,0.010331478741547162,-0.006285598172722229,-0.015845022995267244,-0.02578502130447735,-0.008987051136405633,0.007833685499640586,-0.03510811583444795,-0.06316769934871092,-0.0025599609374999943,-0.062398344109551473,-0.02389866987312339,-0.011103321068244631,0.01898253595685251,-0.07266937811659235,0.003273319229047278
2022-07-01,0.010707472428365339,0.016164360995803317,-0.041955279134483714,0.03154127203651247,-0.007565899043120106,-0.016405593258178808,-0.002069458348894937,-0.0026651697946213915,0.012429131666979787,0.01352030337763388,-0.036615705597762616,0.029050162823246906,0.01638062923047756,0.006610974823456406,-0.007268794027627257,-0.0009381077884595967,0.016872338232046813,-0.03295756344823553,-0.028601970039789704,0.007446022984144651,0.026758389198457744,-0.051769691581443955,-0.03325740848251657,0.009247842054162847,0.026854661996660978,0.007479449226271084,-0.02948620277517855,-0.07349526639164206,0.010857689489595312,0.019624538172421824,0.007223486366753518,0.037570398867825316,0.01518759542646042,-0.0217673540659572,0.020132066305815544,-0.07151804490085856,0.008898223990304155,0.02897115590284738,-0.0081330297050477,-0.05474072884604975,-0.0025994760569327813,0.048867321926318485,0.03623976206572088,0.02330709725001845,0.06341956927052195,0.00963526124539893,0.02615628404985526,0.022336845214608436,0.00851335283959398,0.006838051249589805,0.006679588640911893,-0.01310546819836611,0.020388343601604353,-0.022513199396238526,0.015254072277596453,0.005937830292601198,0.019845280384891417,0.013896507049009799,0.01104904525646977,0.04159396920562175,0.013962479237610737,0.058906013513433164,0.0163746809271772,-0.03305788435109824,-0.033857822400917725,0.018456418795294027,0.020950536331948877,0.013109596434228266,-0.0036056990601111005,0.021982696699937243,0.021867022075261033,0.019214476318264007,,0.02644444257724876,0.04970241891051508,0.01506372868251371,-0.0018162970657835675,-0.005490559694139363,0.06100383576550339,0.016548985107024405,0.008877943423822643,0.0004952336594146178,0.008001199179430207,-0.0035541861339868364,0.007620343157576981,0.012767963259719517,0.03280377739197271,-0.06897239367887009,0.05394877769278961,0.003761165032075686,0.026427290287347693,0.039194708217875185,-0.037927584866375375,0.0026948870869234476,0.0366474364763969,0.019015766377763033,0.03623341643342437,0.061847982040792004,0.017414243293933485,0.013050558272844404
2022-07-05,0.012597348410524178,0.018930432746441683,0.030365653045826946,0.035962053023039786,0.0509904625654789,-0.0032228540028551578,0.04161855210496568,0.044058999270150334,0.025535704813974602,0.005146574336587051,0.02076827497386624,0.032953642873780664,-0.0022433725968578067,0.021737893533508634,-0.051884800420129884,-0.015023460389023913,0.005482055503135186,0.018618983845916537,0.009631218289804178,0.030671380435710383,-0.011417202135018512,-0.003129670262808637,0.0037701147347168895,0.0048055086993117335,0.003153779122926803,-0.01724632666286685,0.05740909466464306,-0.015348372121387954,0.011301021894746022,0.005777542878300901,0.001948224885735872,0.003280273780324361,-0.003517328776568296,0.0011196113498652682,-0.013577527759390584,-0.0023628305675984507,-0.00032072574675945376,0.025361502693307614,0.005577109233839028,-0.03874795633034367,0.01336541037261152,0.02776925424610166,0.08124857053622803,-0.0035205507986799667,0.043347304169935486,-0.028289022474079495,0.04955692591416683,0.04201680582475409,-0.0035836748006101704,0.01796942580915384,-0.012426069528692962,-0.001232067083942856,0.016069397730297474,0.010105765285214341,0.0022961112120314375,-0.046180554129827134,0.028240174508658455,0.01915222515585313,0.017485294348674962,0.010691766848132112,0.028412081200324346,0.10228116099741058,0.03418328012459271,-0.0003561335081555539,0.07684710251023241,-0.007624308177836103,-0.044614550825322175,-0.013457568995277391,-0.0014073885637159167,0.023518559921780202,-0.006789282497279947,0.005267497319559,,0.0006237789748664291,0.03727906936750469,0.00896932876382528,-0.006671642644002329,0.06313012668622475,0.07253828778120597,-0.05317996047685458,0.01645886570369992,-0.05832851867193778,-0.004556777365224529,0.004777070063694211,-0.030594684942593986,0.0006845129212693646,0.009257925760990604,0.009820646519516307,0.055085844693474106,0.02081685311285897,-0.037725429813927014,0.07041258148431284,0.045349091967423316,0.054840928080398976,0.13166789942506574,0.017459557060061748,0.01036437948028257,0.01333330388654752,-0.00129675959483877,0.0016102660198471508
2022-07-06,0.012782900032497047,0.009607238159132114,0.011093315082064903,0.007312791463036872,0.009394148332955377,0.013247948184572422,0.011557155490027782,0.011647509609344464,-0.005720802000385383,0.008991078611919612,0.0019947012229555305,-0.00979130232628389,0.00999942308937185,0.016839747409868266,0.013524012844378541,0.017397510919071157,-0.004070933182120928,0.00977505928348088,0.008176698364317225,0.011718560859280913,0.0,0.006511599518532085,0.011468755097775896,-0.005998442642431656,-0.006771433598473431,0.006508282874139182,0.011281498233962628,0.007510902359368243,-0.020749891718204072,0.007543749023818824,-0.0027825753508861073,-0.008299749252723254,0.022496229647078092,0.011392951286635755,-0.0011203536385575585,-0.00866151569813245,0.006256005593420655,-0.011858603605593876,0.022184811130236515,-0.008140585252909505,0.029016050607981736,-0.07400186005134901,-0.01264069318870864,-0.021919449790234302,-0.005881756381061143,0.013328627068253995,-0.03189498759766163,-0.015591446751595628,0.012681185931864292,0.015814412256084598,-0.006596639524811598,-0.0010965914474233562,0.013318060255625541,0.019543977699730375,0.007868731021503317,0.03312704296172719,-0.0029377105289714045,0.004542234964153735,-0.0009609845947466944,-0.0014019960697824185,0.014745744608216427,-0.07396529776589122,0.0023028741485788817,0.00017816416706817328,-0.011423701749364579,0.01995990134746517,0.01303698650172791,0.0020986839794419065,0.015099658297730967,0.02276012269918226,0.012113883616645893,-0.008549298757403845,,-0.019907706554100457,0.02584547027120987,0.0032325968384070425,0.014959482454314665,-0.02935198036098452,-0.003229364116910882,0.014672155096744355,-0.0032064250571455233,-0.0338181236288112,0.004429938230295916,0.0025990723430071583,-0.024822721418482963,0.015391614276736298,0.015993949888035486,0.006553940344424358,-0.0025912629575046697,0.009094970045004036,0.016025221868122053,-0.015392926439625643,0.012570917921291835,0.005763145895095079,-0.0004270436091721175,-0.011177567370213692,0.012278494791877037,-0.011772792767291484,-0.01895610423405658,-0.004823108357414729
2022-07-07,0.00822659746704435,0.02399949607133145,0.048116316143143045,0.01749322109655349,0.01425456858127605,0.03300806795730704,0.036754168442133084,0.03552100009641568,0.055279044880592876,0.004668666069303162,0.05242209233744499,0.028306024030064547,-0.001991777058986788,0.02105380549820235,-0.0014947816155769234,0.012415146663006471,-0.00489049758354243,0.057767955917878755,0.03108942035682838,0.014645211583188544,0.002761656806365753,0.048405759699449824,0.025727769681217705,0.008848106703140957,0.0163623107401214,0.0033484588059842224,0.02579744761706415,0.05920498939687713,0.020024478763052134,0.010337991921164136,0.021095961132846952,0.004818631124485329,-0.0034060123956769495,0.026745061904602796,-0.0006409376001464961,0.07225260555540736,-0.0001593866029996338,0.004446963871107545,0.03165063991998385,0.053674661330881834,0.026595804497783426,0.008753459678203734,0.024228241600984468,0.022336888430743995,0.02302064770572798,0.012114932117137212,0.049741633109404715,0.0245767764098781,0.002025727510105435,0.005883686989262671,0.011313354489610683,0.043018897238154,-0.004107213557713818,0.06344132356589749,-0.005830723536905502,0.04140243760237805,0.011374562384126596,0.020657875805850212,0.03123411082389782,0.04556477044480589,0.029229998851194372,0.09573240096911784,0.03446415901312605,0.04630451297357108,0.0368785083023746,0.03595896859158021,-0.0029536540050376647,-0.0031413332326732935,0.0073384125350866025,0.01945522032199687,-0.003847179387368116,0.005563303440750733,,-0.013230473577617197,0.08047127434415713,-0.006283218810470781,0.006467142713055818,0.0590834380474643,-0.003054724009845411,0.0029372135798746424,0.010052271936779711,0.054588359984558465,-0.006468609728409458,0.01049572346783556,0.03527270230379975,-0.0005052567951813192,0.009167566559385998,0.09241751007717847,0.028482068776062297,0.01988520816973649,-0.020138012422987517,0.02247323771469456,0.055014562336867856,0.018095181383006587,0.036740136844716886,0.009552594507285406,0.03485335779654308,0.01751927063632186,0.01138169187584559,0.00969304397817461
2022-07-08,-0.0027570426646894575,0.004714637197412497,-0.0012611738298203834,-0.006791033294013538,-0.007607860735349692,0.00030086631747394676,0.004802903181778007,0.007229335100688905,0.02543516968760029,0.01331446848239315,0.0006304592741395165,-0.012099162536211128,0.008922307272923202,-0.00370951457620472,-0.0007302913811354506,0.003933321706244719,-0.004474441444719535,0.011979171751983708,-0.00393281891929842,-0.00980916856980607,0.000500762605191829,0.004848511751033069,0.005430191509685933,0.004284203243223539,0.00047908984480860006,-0.0025893144923557765,0.004927798182609466,0.0005784569792481875,-0.009205374861152471,0.00040791077169721746,0.023244702993561184,0.0005048071252615749,0.0034638831756914623,0.009221209191959012,0.0011223295818982848,0.00849852880937152,0.0019132482389869754,0.013475110710660765,-0.005916739737015564,0.0023235634537037697,0.001435768300354301,-0.022979275521370024,-0.018001150636444696,-0.006345469213289934,0.0009464139719166376,-0.00854993166747342,-0.0015384771885016413,-0.021455231752514847,0.00047255813714985884,-0.005652776914205182,-0.014226700718776297,0.014866428386526076,0.005052123971095668,0.008369167749271211,-0.0009195696247306095,0.009135525460183702,0.0027776990946244418,-0.005472592666622478,-0.013278453601894724,-0.008300785160827329,0.017526807039521808,-0.013684222572728166,-0.014110292894386367,0.011914906603224695,0.009184140810825747,-0.0024480741779299153,-0.0019043621621730455,0.007615469718638135,-0.0029533672607799932,-0.010639906210222039,0.002403076010627947,0.0013831047012475839,,-0.003975088370815727,0.022215788669658343,0.0019455079651595764,0.0008966704965651662,0.0021964043817157552,0.005478217121665185,-0.0022527252871378245,0.00023884378711236387,0.0002579430654316983,-0.00828655183212712,0.010699483022855505,0.0,0.0002247292321304606,0.0038539012296570085,0.02807158135526122,0.0014501452607853516,-0.010660230167413687,0.0002873906659985881,-0.0032251884952206877,0.04453161740610967,-0.008472022825175007,-0.0041841234888125856,-0.014903007366318222,-0.02551930633030719,-0.03650142354934449,-0.017272961612823323,0.009599990844726625
2022-07-11,-0.011768638770777606,-0.014757877230874183,-0.04331355220898858,-0.03280250030721621,-0.04681647806299105,-0.03174320121186647,-0.030807659112157548,-0.03034076016559495,-0.06548005948146851,-0.0052638166516302265,-0.030245766503217197,-0.05155631409734074,-0.008203418792492534,-0.013557926114925234,0.01129054523744899,-0.0032265358750347417,-0.007294470116855911,-0.027718470450216803,-0.02079496921883861,-0.010447137547026197,-0.019769793133812108,-0.02818291069216239,-0.012666374565453609,-0.0028171159058202333,-0.014798124486465447,-0.002884504503076979,-0.022488975821501556,-0.030617632502838443,-0.025391602129752666,-0.000747566054963622,-0.01143875230108049,-0.017406625563399225,-0.010954134652788605,-0.0158730481796715,-0.0025624575741689526,-0.011583079638223581,-0.002864422417866108,-0.015852147106458103,-0.007400661460847613,-0.030665667897341264,-0.01589579279930109,-0.10032892353069056,-0.06873830015243498,-0.0002903377651366501,-0.026315840094178422,-0.004829230450284938,-0.02311248110186792,-0.04031048716016439,-0.000787304969639413,-0.003921713793844983,-0.021956296046960477,-0.015037542674267934,-0.006360306988417164,-0.038093229444331245,-0.011666092656021476,0.003185224171814216,-0.016688070484247253,-0.015110452963738918,-0.017294114322888854,-0.034588843334361075,-0.0066985961488350565,-0.0485592240408983,-0.011396774725491943,-0.009756128235682948,-0.03964008419560039,-0.012782911049784795,0.0071020333299582905,0.006254930548547977,-0.0027646009347515044,-0.02322633970510557,-0.004965768971749718,-0.0016574964648189416,,-0.02191775086200387,-0.005504177746237904,-0.005501620659956186,-0.0035832409844036572,-0.04646072095017817,-0.03952349010169032,0.0031609705747230876,-0.014248196725791473,-0.016676716331731067,-0.019695609682797266,-0.018200968635078474,-0.009483616330415279,-0.0012916885318555726,-0.016179197877270957,-0.016270857054799803,-0.014247024596742985,-0.021269768429457714,0.004166679912143589,-0.02678411670591918,-0.052573471262403526,-0.007110435211916788,-0.010504259842370578,-0.017850022824671408,-0.034104680221723305,-0.023588272273408317,-0.003195710634431359,-0.019017414682609757
2022-07-12,-0.04098147970386723,0.006833751132270249,-0.004619831893506676,-0.022639810105564928,0.002394396966828527,-0.0030857604265761562,-0.014315770728699162,-0.014357712322864424,-0.005433611636988744,-0.01669670610177232,-0.00766726915255711,-0.016296376730165485,-0.0056901578797273755,-0.022438554339377026,-0.011670269888222728,-0.009017326928287606,-0.0021524032904985946,0.005368961173514375,0.0002687720787135639,-0.04145966450374139,0.014807297885311765,0.0012412616445760527,0.00586096098972666,-0.0032690191403028646,-0.017450886236575314,0.0044550120850248565,0.023698303050339042,0.00859817455726919,0.007944072821304493,-0.0138062279643415,-0.007111927482536751,-0.0017971679962281994,-0.012099241988461129,0.003320720393543475,0.004495867043710078,0.0019477770074025624,-0.00510692141084379,-0.045221098494386935,-0.027856209623682737,-0.010408616930784875,-0.023120250898690187,0.027605087760003588,-0.009531425309483477,0.009872246403755947,-0.059232864092151005,-0.014904689757022305,0.015247156686666985,0.013622804992809101,-0.008692905570546139,-0.0030673123806924663,0.012990249212451843,0.0018425820408398685,-0.0011356660092752824,0.0073008409466222,-0.016082310288194623,-0.010193860441111369,-0.053318639994573314,-0.007981567123345523,-0.024841553640359226,-0.004845049750597741,-0.04271033878530428,-0.0026640835981388555,0.00630028458869436,0.005605602803501197,-0.008411396348115274,-0.024932294182977932,-0.006736126463093517,0.00492096927494079,-0.010098976664023818,-0.019477390401187344,-0.011788011806852294,0.0044272233014464035,,0.032444453957558794,-0.011468644127782035,-0.028636484668901563,-0.00029962007351613806,0.037692559586564256,-0.06432076054227753,-0.0045014801162662765,-0.01501932361078362,-0.03479321399401303,-0.008371315797724654,-0.002459167656562067,-0.025177339454344083,-0.021142569637102704,0.0014866084380977806,0.003231976969090944,-0.08700185147398476,-0.023491815995762444,-0.005580188768841254,-0.07080408896469748,-0.03287479289991346,-0.012276543952649877,-0.06311521598702563,-0.005786463750053317,-0.012242548031670797,0.02122986567294638,0.01442695461193133,0.001615468812962817
2022-07-13,-0.0037450110580655727,-0.0025366455206311533,0.00543689182872753,0.010803884746268588,0.0013474687018197873,0.000747898441515904,-0.023390529006727667,-0.02318256539286334,0.017033448479672808,0.0033634218803635374,0.015191147504490576,0.012095159915523457,0.0035398590177913025,-0.009586211912451903,0.004350378022346391,-0.003733080847727943,0.0035703341179889048,0.02023318919257644,0.0,-0.00663435247878319,0.0032704671223957593,0.003944533538595252,-0.0011006954573640204,0.00048586920109494613,-0.000346348006370123,-0.015782532593348164,-0.005407226988409342,0.015128032922622658,-0.00012654721882643383,-0.004413636551136024,-0.013227568012893487,0.002057562092585119,-0.0057467897710549165,0.007700097035796105,-0.009430948523600602,-0.0021033962160653674,0.0019249106767893487,0.0016850402218320237,-0.010900415449796363,0.028815438359112377,-0.005706165710329225,0.002490649207057327,0.003243417684853034,0.012075963150768976,0.003325889288862127,-0.006685451567472134,-0.009425205938331738,-0.0009799761238297178,0.0002914636560991113,0.021230993255198838,-0.012450152052402852,0.018194882512640564,0.0005168274083495739,0.013397773483555087,-0.01509181424167172,0.00996117098003979,0.01647557187235238,-0.005453250554471323,-0.008007920084428521,-0.02178096747170377,-0.011908740308496535,0.008575855952563716,0.016784363145766035,0.0023648545243952768,0.005655128993259595,-0.051329821390707964,-0.004980409102723571,0.009793842154312893,-0.06441290483273066,0.0024002514420831123,-0.013147602579818174,0.0035812967175632426,,-0.005255269008764163,-0.011601699895156914,-0.00670019297767277,-0.00629493646974022,-0.021926946733309638,0.00020547311065666207,-0.014243750274372746,-0.002459444527804777,0.0016302207210505681,-0.0016884206872638252,0.0006321498447838803,-0.026555094518527,0.0036190537464717565,-0.0048705958012779105,-0.005495564013865306,0.00934241484851972,-0.017309324296583273,-0.004316590672774234,-0.013053281504137315,0.008437856622008244,0.011027828579460941,0.01380311655694988,-0.006967771858397032,-0.036225398257304975,0.016487490971712093,-0.019225691829535596,0.0048387436663333006
2022-07-14,0.005381452215030169,0.0204824772494705,0.013716709571529373,0.002083294604712016,-0.033274220188546644,0.006040735672978359,-0.008854684026927573,-0.006658472390971726,0.005371861218914864,0.04006338867132109,0.01393191276861705,-0.010081551902526242,0.005173366210744934,0.0027423482469663973,-0.02082044549908224,-0.008665080217185817,0.005484772481522349,0.046151537415250576,0.013437248382213607,-0.008974465741349191,-0.007522548370752169,0.02907494706615177,0.0230735172227321,-0.00607066260160849,0.011135306479193252,-0.007959271078686658,0.008324802220327499,0.01774228146241419,-0.03689234019916643,-0.008935742706586591,-0.0052490516547074595,0.00359341357644527,0.0006158602336321373,0.02761575876242528,-0.017589158159056817,0.019066176909171118,-0.01040662377056023,-0.006911126437626147,0.0064340965530351735,0.022124748696443763,0.004434641651300808,-0.029281237903482915,-9.149456133239475e-05,-0.00014207579564884387,-0.012687896240583973,-0.0017711384297310895,-0.04799243378484819,-0.025364315346308897,0.025319801290213606,0.009922741799303969,-0.0030257156615033365,0.031030339899603687,0.009814017750952253,0.02102300029333648,0.008051127245791045,-0.03176197819411386,-0.015208888514092522,0.0162696409761236,5.855376311014737e-05,0.001964656566820322,-0.02155831711175027,-0.033593477899055646,0.008384637420355112,0.02679474466631837,-0.0070470547664368555,0.006337183241820643,0.00394031002316364,-0.010719805522489856,0.012187292906677749,0.007513860917684356,-0.0017645752135544424,-0.0010980212789528654,,0.006678947800288437,-0.06610609063937833,-0.022934243302681345,-0.01840122420131285,-0.06680255373941835,-0.03657281377159849,0.012614749335009057,0.005013154247383911,-0.0350845228492751,-0.00891761720311135,0.0029690537690605368,-0.015695069981376264,0.006982919781533203,-0.0012119261097065515,0.029916152982445654,-0.04879932860386982,-0.0002985768919446796,0.0015896042659342413,-0.0194024803548849,0.061917193987971686,0.016994046185008438,-0.055374942636133295,0.013207846146462865,-0.021801507384486163,-0.03878703659365301,-0.010204109854671684,0.00963080940543315
2022-07-15,0.010390425734504882,0.011450103955445545,0.025370764152447434,0.02639434033114041,0.04207525319886685,0.02026241438970766,0.012775464052516172,0.011907715546821684,0.0073572315408600986,0.021506445507518457,0.03193387003762971,0.08198879695124539,0.0008188056681877054,0.01850062755944548,0.029627154869244388,0.017481640249461083,0.012604978688760982,0.017406633734635468,0.02413152663763407,0.034459147882560215,0.03335016760379572,0.030544377742841133,0.017041413231578373,0.01262268882992501,0.03235280059389112,0.01940893547010991,0.036731261351697464,0.018625387346602462,0.014743881771829948,0.023379355527179735,0.014494193781682707,0.01815864263114597,0.01387314383005589,0.03039595418640828,-0.0022995957160348857,0.02237617828945293,0.01278105619281611,0.03869392359811963,0.030424231570216564,0.040993677471073964,0.019348108329275693,0.00018278466898991041,0.05231128683563213,0.018255486194795223,0.029811831528129495,0.02413059963845665,0.039648550130189975,0.06268871918103192,0.0029705625551614823,0.013980798629467328,0.012266074838685803,0.026029209189567526,-0.00613809180686542,0.023561889109966705,0.018060439489590463,-0.03901930927105823,0.020229180553673176,0.025915446386395757,0.03070893655723128,0.03450979594311687,0.044760615169576745,0.011106254474689825,0.013122023128652405,0.023797813157343528,0.02659598439894184,0.017576738817812965,0.010077486066258246,-0.019349846039166008,0.01478666583614685,0.011145760577651487,0.016439814569432887,0.0065952647016276345,,0.016746679687499988,0.04370938952725334,0.034000712243631215,0.0350337848055946,0.045862640903589824,-0.0019193890756961096,0.001811959537771024,0.007114259056903549,0.022772001930692287,0.02171891941922377,0.01725760635285356,0.01290813024366999,0.01648388152108793,0.012787558593086557,0.03737281195701869,0.021137440547184916,0.027261090256130327,0.00937817845584843,0.022319661920555678,0.03489426194622047,-0.0047403876452267735,-0.005162964477784637,0.00904351172943274,0.06759584311419475,0.02421129280523049,0.031741675246113266,0.009538941676219936
2022-07-18,-0.009621382085378105,-0.020643210245224752,0.021507419709841047,0.0018493974357440823,0.015361255775201643,-0.006876175939895535,-0.024580059928059006,-0.025335378898117544,0.001999426810217919,-0.012716367260413808,0.003945255731922392,0.009571136125810398,-0.016713421528518402,-0.012188634085660066,0.0005415332895333247,-0.010912496494853818,-0.021110824776622072,-0.018563363347112838,0.002330402772579676,-0.011985931284346885,-0.008801970584861207,-0.014078562653423776,-0.005419179977396049,-0.019502215834584447,-0.022093702363759515,-0.010706053650713754,-0.017552381566450004,-0.00929459690333001,0.023666731848832834,-0.023152570905901282,-0.03430221314485171,0.007661399011666736,-0.013169603791687523,-0.01721846679549588,-0.011195263193692795,0.009992885811426655,-0.027156501432583413,-0.006130198038369006,-0.012313061621041732,-0.004520307538238844,-0.012356703448447415,0.007494056923288639,0.0026812513910026148,0.00865008846584625,-0.003653703871752789,-0.0010395248098070686,0.0317979546840097,0.00297650629695978,-0.02408057621538806,-0.015310336337474362,0.0032479489271861617,-0.012562493061754498,-0.02192490838247807,0.008295265471911728,-0.008376559812021345,-0.015271262602430946,-0.014000434416218233,0.0026726889705817047,0.005731765894975371,-0.027167065231998522,-0.036864848483927126,0.03338094177204609,0.014619124654693616,-0.010099407780184366,-0.00617991337956203,0.024245045241464425,-0.01942867517753044,0.011049776432235259,-0.0031224297048342287,-0.025774053513190287,-0.0035652492357336474,-0.012831045782093597,,-0.005434318725812348,-0.021029355272980665,-0.013854081430001441,-0.014697117796899084,0.012064976245321768,-0.027350401712896932,-0.010626299470211542,0.003734971344550031,0.030969372112151117,-0.011539661846146632,-0.011392461150834476,0.017990987134404612,-0.018621046787219875,-0.012303572353950742,-0.01997501227003129,-0.004870549906919708,-0.016030569035170417,-0.020154317483800366,0.010045539287598881,-0.019142942021914022,0.009168809386607801,0.01333481886601584,-0.0016148320606074185,-0.010147525815787928,-0.005730653544946063,0.007625583087981003,0.0
2022-07-19,0.02076695685072516,0.026721917998667744,0.05533820238551135,0.03911741266419111,0.05112720965255524,0.03653321901722539,0.043841133933907095,0.04285323380529005,0.020716718219316865,0.007611839567498002,0.054648126385421936,0.056096830172761125,0.010697748190433343,0.033579338584398544,0.031104517610182958,0.03356808348348861,0.02268166151610207,0.040087462614944336,0.039008064374668416,0.04020601507163546,0.018993597443870636,0.05464895856388474,0.031126706818424443,0.014271698813125955,0.039658722740338215,0.03673588120155524,0.03225807672999981,0.05619623445859756,0.055216563017229214,0.012375056194974476,0.015391116539694716,0.028916859002271478,0.03615540901007286,0.03993556810461962,0.022643968773851775,0.048833035341818265,0.020032797626243548,0.015340839110958848,0.042135158968047204,0.052547042721836856,0.04204826760684788,-0.003084146811312305,0.047568761371198365,0.04377897497322136,0.01861778872641917,0.0308705997920109,0.04638065797299484,0.04869824287205282,0.020478742553019735,0.024645505441214244,0.046445042781750656,0.05255678485097759,0.013049942506544454,0.07116419118020323,0.03136486489328161,0.003466495565562333,0.02234388584393776,0.043938095238720054,0.04254594986004312,0.047408775518313684,0.020689668326542288,0.017945822453758087,0.025909951354897265,0.04485824523184467,0.04110448667557831,0.03499041643015066,0.0023561484934908616,0.008066650294802802,0.01273753639853692,0.04575707077293689,0.039968600902557494,0.008849549119871458,,0.01886036635772026,0.022888651363924817,0.03469869961958927,0.026970029251950356,0.055020669065733996,0.02108961060673553,-0.001371059435443911,0.025319504804043547,0.035727020906453744,0.035637476946277946,0.04922653410464117,0.03902796288282695,0.02564102564102555,0.02761966161281859,0.06969968995779396,0.019258366195024523,0.046131803792047066,0.004522210719081876,0.03328463579026608,0.03903300766416584,0.004188830170307911,0.011203164441623503,0.02684997698224345,0.03924398722299394,0.026657052053921104,0.007306857555499757,0.020472459274539112
2022-07-20,0.010557508755298262,0.013509889312137924,0.04796380204271289,0.03857539627705431,0.041586059900773575,0.005442021637862338,0.0007908265461373798,0.0006979078672422201,0.008023464466653252,0.007631301323126616,0.04133678580918354,0.07345135743661424,-0.010584517685516381,0.03522162838113618,-0.009133807004593208,0.0022712307878913762,-0.000509070113756338,0.029449764134337864,0.008453509255809788,0.04107865957808876,0.012345637970928358,0.04072075601448777,0.004190976943417191,-0.0027899176005672377,0.02229061147582745,0.0058116504210738995,0.014423039890606226,0.04063186012196374,0.0,-0.014157479340833001,-0.001913540782997436,0.00872190871824885,-0.013245005420894795,0.010343748532127162,0.0004884824957436251,0.031454441973284064,-0.009175784040969304,-0.018302169127814905,0.02222497673755197,0.03222569634531225,0.015100893760092049,-0.02766151841054787,0.07579164218803891,0.011131778127174696,0.020769869491084947,0.0003364814640942626,0.054109653364197374,0.03215847785821868,0.01396465867333263,0.0009284724679934353,0.0035696741109774166,0.03549846454119776,0.001454387975706739,0.03072193582694993,0.01051641785724966,-0.016909096457741524,0.03849412616213255,0.006753971419903193,0.06289245898167972,0.019221268148431836,0.007432409139163987,0.04651478715137092,0.01613903187803034,0.01596414231683152,0.02176558104454074,0.022058013505762197,-0.009402684986127063,-0.01239038038556406,-0.00020615095944753747,0.017793665729181063,0.009482293363892724,-0.004660037584388932,,0.0005176519177576555,-0.0014957520695999538,0.019139508400165317,-0.034771165188471564,0.08170356984207472,0.08519791573737456,-0.013730029252704279,0.0066271900425296515,0.019135024112068244,0.01038274394316363,0.01002810211193017,-0.08256555564845225,0.010388861762152812,-0.05797688791495703,0.0222865158301504,0.1119578128203138,0.03719836173327673,-0.018298026794397848,0.04562372162108974,0.03564572119602194,0.01827154977779677,0.08177405529357396,0.023942610513554285,0.030928916416658625,0.01333330388654752,0.008290147862020314,0.004629661993834189
2022-07-21,0.009799090372039299,0.015094177461599134,0.013646277170960452,0.01515028639903937,0.0004369535892450038,0.011548163802062028,0.003862992152039224,0.0029642892443892954,0.09780470722853529,0.010034356434825087,0.018561959376609538,0.034374433364832147,0.0014857958407328287,0.01848119158189432,0.013738729708301367,0.0101971618410992,-0.030993049119092175,0.02735478025725402,0.001232722765474925,0.033892257310681684,0.010760420043598007,0.01574873254513931,0.007318644176358191,-0.003446482936735551,0.025225794856781558,0.009929341001932324,0.005371250500566083,0.0237153271007311,-0.002937657785588188,-0.008371329766856395,-0.0036159779292516125,0.0032425157120914427,0.009442227527504787,0.012690089419948869,-0.0016273765268799423,0.011474249397739111,-0.008773369979218404,0.020111096211447244,0.024070127490938287,0.054138714564589074,0.028837919792282563,0.044357082506982115,0.012210162657346535,-0.010484967493580966,0.025501882096671924,0.0423814412473098,0.0038057738785770567,0.03128118398621993,0.020148419929786776,-0.005942426358807595,0.001897081464797612,0.019662292071110032,-0.006535320257680444,0.016579720279223276,0.01065185868922236,0.0016645118012921234,0.016836358969168908,0.01219011554322269,0.013850703498689887,0.02190041816395505,0.03722336088904199,0.005701729322877158,0.013700257122055248,0.009916001010269238,0.015092891699438615,0.020099767394755164,0.0008629255942693703,-0.008102393418540244,0.005568088961034334,0.03788335019257061,0.014546965549511182,-0.000826290081503811,,0.019743331511457463,0.011983941562193179,0.004654910418599556,-0.006535952260099398,0.024307009418271575,0.003469529272848604,0.0037122935748634678,0.02053460656145889,-0.02357493897030216,0.012624788251270447,0.01205598490154558,-0.03746617752885406,0.01561561375118381,0.03166413750779973,0.017973007382508843,0.00535110507686376,0.01201970988356238,0.0014792674020454033,0.010371294710383117,0.0028853954725394093,-0.009462350445033296,0.03368334071872536,0.017383354058261746,0.03159571525059124,0.004847690480104472,-0.011819093168398354,0.0015360601679110797
2022-07-22,-0.016915915451880648,-0.008110780277571505,-0.04049860143265238,-0.017732481209791984,-0.0758857565946135,-0.009967495784143465,-0.05632320288852066,-0.05806676157870372,0.0019752262198982073,0.0004909695155079774,-0.03282465675680113,-0.01536538487752348,0.006527838937594899,-0.017143160360091114,-0.005191061006555864,-0.002691851539997847,-0.005330780845803629,-0.013858614485119602,-0.034720507909884124,9.196693402602207e-05,0.007806908274986979,-0.02089751777228721,-0.015852044530304754,0.000691668035599502,-0.05739708074075367,0.007998680504195166,-0.03692643772248905,-0.02549726865339108,-0.01067558881387265,-0.009960711216663087,-0.010684655093778583,0.0005984608788049961,0.010316841844107527,-0.011622968342931972,0.010432000330296232,-0.01808403887702692,-0.0034420437674154147,-0.006163264292609938,-0.0018307302618648658,-0.014771256896239704,-0.006162923177083335,-0.02544799620717908,-0.03203247453858793,-0.0005960022376862995,-0.028941805400545584,-0.0032268597033977553,-0.03856110775366328,-0.02054376976727723,-0.008150152072897376,0.0034118142265864293,0.0027219332795889173,-0.026729634010370207,-0.007309146630244401,-0.04672895824301071,-0.0043854275444333846,-0.002954206939861259,-0.011884088622004407,-0.014144843054747391,-0.015821240877489928,-0.002500286817643138,-0.010184304266072197,-0.05360138679801163,-0.004425340795132349,-0.02235643196020365,-0.009305002237982363,-0.011411160621875971,0.01681213000540782,0.009749642277901982,-0.0061525686502753585,-0.012150109862513414,0.0031954066357791078,0.004134551569072942,,-0.01428740951996843,-0.03179581465210568,-0.012462035107769887,-0.0016829958586955795,-0.07295550300548603,-0.07349602088990403,0.017568242388307453,-0.0003840185022622178,-0.021902223754343586,0.0017395638061452612,-0.006715292826186103,-0.03370787118845042,0.0003789294726090908,-0.0364850866470553,-0.02860879601739852,-0.05560738075731131,0.0,0.014327935959062232,-0.028607912605248198,-0.010275380221288488,0.0019221915490053032,-0.05133207844552612,-0.01406214977146425,-0.025652162118810384,0.00964847604686958,0.005200227969329285,-0.009202445238506662
2022-07-25,-0.005876474363873285,-0.0073982699509488326,-0.017033298150337717,-0.010455798059483823,-0.015478290954369811,0.0011511078549713005,-0.0036144521235701443,-0.0013842887138612037,-0.013994935471540293,-0.0010948351709634263,-0.006356385565185252,-0.008755252736323604,0.0014150432893129672,-0.024732526977759628,0.008930404555085536,-0.0026990313620288697,0.015700497419493198,-0.0029277615951659453,-0.0010204314986942409,-0.01964387500386089,-0.0030515788280354172,-0.006589929979461395,-0.004270878427758196,0.011262469228832117,0.034552711137770364,-0.0011572530581062113,-0.018600087658990794,-0.014095084301366523,0.013697062233750223,0.01209455930469261,0.00199628734291335,-0.02500294807338388,-0.00889530492717483,-0.0014087767520620798,0.012421303794445171,-0.00966042318594662,-0.0008223558830255939,-0.011542106654986672,-0.00109453055210873,0.008815859041304996,-0.00029815186784365455,0.03365204083143003,-0.001492242170362701,0.013783061298652255,-0.004958337428006554,0.014891583066053427,0.009425754698788147,0.007402818649345777,-0.0001512301992092624,-0.004359197830263173,0.015342821993050704,-0.005766783775012607,0.008099259972000672,-0.02518264824612293,0.005986545738081217,0.017777760823567634,-0.0172972808013091,-0.00918260830837736,-0.001224752427214315,-0.014084510890054802,-0.003756321149041897,-0.023008779880584695,-0.007328215113002412,-0.0018541833176548561,-0.01044332570043105,-0.012223988265566366,0.015368358252114245,0.001565797854093498,-0.003301689030848043,-0.0456151349687961,-0.007513931558275733,0.009058413768679996,,-0.013835703215586248,0.013270536400730615,-0.0035593142827237134,0.013946416277538232,-0.01502007779980985,-0.035185019933308026,0.009086726647479892,-0.0018439266011939237,0.057833003093930246,-0.01273512695875878,0.001998802620169826,0.01328902391354192,-0.010877770971503775,0.006400035511363589,-0.0013463146890373423,-0.030750981803138178,-0.008648191120707138,0.011504309546998215,-0.024010482797152788,-0.03758308511266073,-0.020870858976441364,-0.040383254094137566,0.0027605291023864442,-0.010808705975417054,0.0006826094977632202,0.002327991540173713,-0.012383889045456176
2022-07-26,-0.026774303733336557,-0.0088263541788981,-0.02884165591915777,-0.052253606265046715,-0.04500450209832396,-0.003936756390129248,-0.023160686854129864,-0.0255983427271268,-0.0356637312112531,-0.03252451429909464,-0.02615948014139391,-0.021051626746449115,0.011657319142704958,-0.032401219426265504,-0.0051025764149721375,-0.011501991875916495,-0.004830513587080976,-0.021402928413030153,-0.005107271800785518,-0.028108894047869537,0.0058865079541869925,-0.02069303304842207,-0.01446078832403419,0.009729809251640908,-0.0108591728005486,0.0008827301498308682,-0.00814632861241038,-0.022341241552044755,-0.02118636822215758,0.01600397864544023,-0.00803710581463557,-0.014601256949769992,-0.0021522172826918817,-0.007728131493630941,0.002868073772940516,-0.013377074614258633,-0.002139935277617022,-0.07926458480101817,0.005152930864994909,-0.02745976324740529,0.01843013402360416,-0.01867993691803127,-0.045871745359910454,-0.012746010438690947,-0.07365018786475874,-0.00606062302219057,-0.028966111238974412,-0.056460508563376144,0.002924277372286399,-0.014375418046720045,0.010926427378769477,0.0018951462803711294,0.0005217347002135497,-0.024255562304140388,-0.00517687024810054,0.009825344332655028,-0.031146855770453397,-0.00992963974674066,-0.013489342900632417,0.0012106353022804939,-0.07770494554863605,-0.04264221149518799,-0.056516983228534934,-0.01718261334168547,-0.05943848143757113,-0.008891242235488317,0.006471765108948313,0.006774317725311452,-0.012215324263094018,0.003834280676236146,-0.0023863832631974002,0.008433117177522487,,6.263054534394463e-05,-0.028909460283313093,-0.014450387846135504,0.00846429152957362,-0.08225948707234698,-0.052712971109221574,0.006303525563625456,0.006388560981777092,-0.014251180222655702,-0.002198791017221313,-0.001994815377965642,-0.004098376353816935,0.0013130723245879938,0.0158018917163385,-0.018368725139619957,-0.04305025406797913,-0.01616785519012376,0.010797581484098595,-0.09058876110829894,-0.004746438257785313,-0.06293783968631506,-0.07853360413207788,0.002523528487214266,-0.0011027077678336106,-0.015688918460454837,0.0025806057837700624,0.0
2022-07-27,0.06685191244907629,0.034234742570348864,0.07602970983012836,0.0536538959419941,0.06553571055336826,0.03267522708155779,0.07655685747975283,0.07738994540757349,0.061655036992220635,0.02027621946617697,0.05360703454339255,0.0600252261141212,-0.00139676127920918,0.03564833798856615,0.013362700282922635,0.0184804363393809,0.05227391388669411,0.023004580383813034,0.03131420044589661,0.04572449998935402,0.015215301793264802,0.04600136744415373,0.06652572240653232,0.002309476118755649,0.039439103817273446,0.012347070420969164,0.03737847046496534,0.04568117562308616,0.04553953948265521,-0.004267611481224898,0.009183561535907492,0.03299715610058973,0.07402133611559458,0.040487100390533604,0.010962860763607418,0.04402882491136362,0.004618980516788884,0.027642836887081135,0.04163107960977852,0.04199021402070158,0.03437771664531475,-0.003081910250463671,0.08777258111736796,0.043432290181286026,0.04604840473629501,0.021501928099322276,0.05347852764594219,0.12175489540430995,0.028655518183247075,0.020804100593821984,0.02414628383808548,0.039894481183262,0.01564292428352987,0.07093779645721932,0.017143318932891116,0.0005405185458895456,0.06521894970241515,0.026577519971765273,0.053555684185202734,0.037484960313308946,0.0296836479464202,0.03959245038616732,0.02963054881633309,0.05008657121451998,0.04290604955711763,0.0013914495581097697,-0.0013482395341907205,-0.05952379071922842,0.011947174717295894,0.023766555583761617,0.034479915775212255,0.0010790643608482586,,-0.006409067162752802,-0.017899252537425747,0.14794068252663162,0.011540716861190292,0.09127080663841247,0.09729346965847152,-0.005369164974730389,0.010936846468690309,0.042357137199323214,0.032760443175132714,0.02763078647617423,0.03127573056556887,0.008305580668186652,0.009817367823140799,0.07313301839541975,0.051543084790181215,0.04480786253078817,0.0005697324604607701,0.04762247207437298,0.028181209775845817,0.020973244233817745,0.08706411757746046,-0.0039664702383792605,0.039540394140606505,0.049896001256232836,0.009523880594963119,0.0094043795773191
2022-07-28,0.028540647862066004,0.0035717382573059453,0.01090501690817991,0.010829110898360028,-0.052246730243454054,0.011027127392550184,0.010260071529792913,0.008714770044605746,0.02212352234272652,0.026555101725066033,0.020596732135456763,-0.0032193857884853516,0.018940498102233194,0.027292635200415916,0.022310140115026522,0.021953395063521786,0.0056063676502851045,-0.04543085193514207,-0.011697392163597886,0.03562192387415708,-0.09130733645375633,0.016431515490819892,0.024542420885168115,-0.007826160857896447,0.023076227180038433,0.036916033127008197,0.002908390805476113,0.03694991798311209,0.01882747924649264,-0.02149894811703168,-0.00942317409196558,0.02061233248967942,0.023243901031715586,0.007960531832201356,0.00895797376330032,0.02447803062337517,-0.008210180418263713,0.029555764908557824,0.025739678349188555,0.02660300540430116,0.039633111728689,-0.07419533927114519,0.015258905036967585,0.0031090749708040377,0.028989542435530646,-0.0037700546503622867,0.013785355058915316,-0.006479953372586222,0.026366536514117467,0.025543929109270946,0.021443763313778286,0.009370504715026318,0.015607395851596095,0.014719734942258755,0.04159791900603271,0.1631550109446711,0.01805457258415566,0.023935478044325942,0.043016566749268126,0.013869402910089201,0.02537547407145091,-0.01890224739193702,0.014077549894978114,0.010499543975730496,0.02801366368074798,0.07196135690065142,0.013812460467431675,0.023390161545185473,0.03355432451412388,0.03264588657496148,0.02280520314836476,0.037456194200673476,,-0.08480063802602811,0.00031643494751198986,0.017795606462955638,-0.011409048265502486,0.010722710455648876,0.017648348981460282,0.040710782963626846,0.007565441484422397,0.0025955040347795943,-0.04935990142345181,0.019164707015105975,-0.0031923354114503644,0.021568285665569453,0.0060116418857059095,0.03279474151504447,0.03837189462215851,0.042546767452643186,0.027900342839468406,0.02925150056039194,-0.000632485327932919,0.013715579892680019,0.02445500831096603,-0.0017613395949912514,0.03176136452773792,0.029042940273044104,0.005609316653711005,0.021739109509576693
2022-07-29,0.015665086338766177,0.03279306134837845,0.009953339531650895,0.10361464095050721,-0.010079611155321633,0.003504423021535974,0.01838555814811582,0.01788989542955366,0.05784976985791013,0.009549023065251738,0.030544377742841133,-0.0049553595027209685,0.0006864011581459994,0.016406431517193232,0.017074756505836453,-0.005480052736811181,0.009597746221888137,-0.0094912899871189,-0.08562069477637191,0.01689742783326409,-0.047957355924033274,0.0077976385152949135,0.01786628386713196,-0.009129124241428976,-0.0016049064282234182,0.010607037631615412,-0.003383262212101612,0.03210707973322946,0.011897919451451022,-0.0014600229734913484,-0.0011676299972226412,0.0012991686870249541,0.00684816861076909,0.013496838390023802,-0.0024921501607521046,0.036650622076701334,-0.010761614394999786,0.013998057380558926,0.013401679779530218,0.024486775571526342,0.01339727033701954,-0.03732079221319207,0.01239194024591761,0.004617692474151669,0.008292656356711614,0.019552278917776,0.01966195416250649,0.007803379503639629,0.013023192618875745,-0.004837248218437451,0.005935380628326881,0.004150337406565674,0.007178233325095373,0.03552166321650696,0.002249330902331037,0.023378266323645036,0.014985986398198703,0.01852595629036835,0.019607860059875692,-0.05644322512117006,0.004208754100638812,-0.004566857374310174,-0.0017198941894851494,0.02211663652997431,0.021918721501820393,0.03530497330544735,0.009629120933871693,-0.00967993570711656,0.02925849779213885,0.0015555879189717015,7.791772435505884e-05,0.006233809830306303,,-0.00798930294326694,0.03808432172286946,0.023547634123834094,-0.0073440925480301456,-0.04519416549634325,0.06571250350304947,0.004754727005113146,-0.014641816004520525,0.0356767546342045,0.016908532432403423,0.01897280380922428,0.028422778416020922,0.009230308969644385,0.004014942215705863,0.034386637308780665,0.021820849829237154,0.009370464526351041,0.013433059590104657,0.013066771409259825,0.0860759047471733,0.01236686860383096,0.05205208897598368,0.01825845425840189,0.013707568073830334,-0.03784478170707084,0.004563902419963073,0.015197554071740171
2022-08-01,-0.009724230831777425,-0.00615346768692393,0.015305834413705588,0.0032604850044939404,0.005216760153520017,0.0016620876240012183,-0.01255157400535667,-0.009945096354465388,0.00042631152414229767,0.01017921649710507,0.024452180890705,0.005824868176678377,0.011373972096545781,0.0023651644207836053,-0.006390704224441213,-0.0019836930726626623,0.005102724311455864,0.016338033621089654,0.017901340859209247,-0.016901641374280407,-0.00026658145278346534,0.003962994486146565,-0.0005030819956268751,-0.0073948431002860415,-0.007081743475603086,-0.0024420721412624635,0.010992568678733328,0.004575289170372532,-0.014992017492148069,-0.023465700238614162,-0.008612851767431984,0.0015334381302709588,0.000829513151466621,-0.0029076528290207238,0.013272930386779569,0.005475324755512823,-0.002510485788768335,0.017150866467467774,0.006829958545918391,0.006458502118390719,-0.005589039846775834,-0.026933273618258036,0.00031946113904135487,0.004722326945048705,-0.0016340034955590887,0.008351272124180964,0.001982281353885451,0.023517897732783455,-0.0036663554828503253,0.007674871974863162,-0.007539320778385816,0.0033717375501627345,-0.011343152496060993,-0.006285892101343227,-0.00980144880043421,-0.012102805458860777,0.003094749894585469,0.005932821784737419,0.00841342457381633,0.021320662292406256,0.006873425598056926,0.03268815454189067,0.012798435739440395,0.004356709978197593,-0.0016102540474537408,0.0009225355681452552,0.005478905528648381,0.016291024824635736,0.003504678797443539,-0.002630361772218315,-0.013252237016052604,0.0043881817650979205,,-0.012821125819643453,-0.01572309030796737,-0.01969958324732446,-0.008757387915698578,0.009555562337239643,0.014116211958202562,-0.008173823497434785,-0.0027432799060589375,-0.01640373405273643,-0.005002889088742024,-0.0001101981633639948,-0.04009344745945098,-0.006465154941072582,-0.02696923238910376,-0.04672055988195112,0.006067212732821847,0.0007885631327428921,0.000136678548630087,-0.010060606108317938,0.05944058664531382,0.008043068614813631,0.017761665988053288,-0.03895124188475074,-0.00493812119991488,0.026666641235351562,0.006814751767860061,0.0
2022-08-02,-0.011474415774077928,-0.009287350944318873,0.004609244768976728,-0.009084834427092181,0.0016257723849966155,-0.009620174863442688,0.002350658555038132,0.0036369774570161884,0.011134400598203698,-0.006126397836349939,0.025935132960214657,-0.021175051512998477,-0.00825087019077586,-0.0027488017049281943,-0.008098085834868818,-0.007950543729169923,-0.010014515959755999,-0.0027131107397123655,-0.025703484482459293,-0.00332245966812017,0.004532177852564434,-0.013251913927524006,-0.008836699128004555,-0.007042809525474869,0.043493492313887216,-0.014948748861194017,-0.001119278762383935,-0.00029831722379858316,0.026029676734269813,0.00010955257191658241,-0.00298253923314451,-0.014132664301982789,-0.0029007632429364216,-0.00402427629994051,-0.0020033480450102337,-0.00764965277195262,-0.0010066704719766673,0.005968529131013645,-0.004459404801258393,-0.021707252958856338,-0.008592717226442836,0.027049715929429174,0.029018338516763942,-0.008334911136228418,0.0264047804544989,-0.013803588015484425,0.04622301736249912,0.012025007425662482,-0.002759849339206921,-0.0007334652652544182,-0.006605772204363536,-0.02184281181190717,-0.016143734108816754,0.006867833740151541,-0.014084568674464726,0.008269422065796839,-0.003342359341437784,-0.00597551038967703,-0.008985086271895315,0.0533222130868094,0.005161464394031867,0.05150630497496267,-0.030012164387767548,0.0015904131742736638,-0.0139027690165624,-0.03169954446144496,-0.006458117048463552,-0.009083626765049146,-0.008925088791259084,0.00200936323099854,-0.0017380409031495514,-0.008995077756197234,,0.02599867873538053,-0.0043340782121849,-0.0023890639346659803,-0.005940584624277601,0.04996699191096088,0.028226253112416888,-0.006072408926275696,-0.015129485760017602,0.012865333307966687,-0.0007394713062228719,-0.006500979072735391,0.03081914978039202,-0.00021166301987918246,-0.000525664786577118,0.03031725565668486,0.017189849655385725,-0.01113851741248617,0.003552322696587895,0.027882728203888485,-0.03281996489695216,-0.011638385104038806,0.018174954339264415,-0.007055455579410563,0.01637214771719364,0.03896106469689564,-0.021057913397859673,0.0014970402902425572
2022-08-03,0.02783637905758196,0.038247675683253046,0.019809987464994183,0.039952299225118226,0.05374867644128356,0.029235081454314304,0.02562324891872736,0.02484898374030564,0.02265568716125621,0.006532196756778852,-0.012085855237907062,0.023981562652449107,0.007635741614600455,0.035564487739631945,0.008130569785835595,0.0175868421133083,0.009483602296053828,0.014486872750436364,0.014162792557685266,0.04201623985504055,0.021231402085489348,0.03828940236456724,0.03526689965551055,0.01324257176435295,0.015514915357803805,0.012584628512377849,0.028493656867529582,0.04384762521147234,0.005203665790798784,0.00427230515707655,0.05880408422587968,0.04252774575951568,0.015376993941128125,0.032734064519737816,0.005713327748340324,0.0345971678118302,0.045851519990897094,0.03599059284829509,0.006732574342897868,0.03228431851806279,-0.008176615017460032,0.013679093301436795,0.06361103469885565,0.0069514080292045755,0.038163112351776496,0.010886421695481596,-0.011346052401364104,0.09249136639029865,0.007829495416155297,-0.004375592070417489,0.0067605501611247565,0.028148732735044257,-0.008771913939486176,0.04505478688708231,0.00823366142653903,0.02020051496098385,0.03418033751583849,0.016785144950757003,0.01045429661483288,0.023669266881741313,0.041576978311072876,0.04964354690098394,0.0595014391964126,0.057023311232282214,0.03166500585294574,0.005235275107933424,0.011476714035397295,0.00674036125563493,0.014487036751037019,0.019903247655433276,0.02065527538575962,0.014004073692904795,,0.033200043372406896,0.1596916132357591,0.02155231476739794,0.0009193618852250118,0.04884691780063277,0.05687689448290145,-0.03316605710309417,0.03406004663229911,-0.04829860136342079,0.017167436249052148,0.009039011070046898,-0.007474450569919799,0.04444919750863008,0.021276654730545852,0.0493978605589942,0.05102465960136526,0.021876162301341484,0.01170865413319988,0.04759788670895437,0.025402846494557263,0.002063710700398236,0.04789997019870729,0.024869681078548034,0.018070670461333593,0.044374942779541016,0.003585131687162013,0.004484264979760733
2022-08-04,0.004177408824589834,-0.0019262464022948844,0.017043356510519247,0.021860686341448332,0.010485807111734635,0.011083874724429732,0.0009315769702387122,0.0007577367251232481,0.004023022853486102,-0.0068188523101216925,0.05933334225205367,0.014025528136963894,-0.005428980964352403,0.014250689384269322,0.007265189273873762,-0.007219383569612048,0.0006262793305629177,0.01240272726807734,-0.023548756833838946,0.0011808648265565491,0.01169440666041388,0.018805571802497534,0.007848707864093862,-0.0006474211479506886,0.0011562228365444849,0.004908628936847181,0.009338497651690147,0.013646101719521297,-0.009778884432968482,-0.0006544474296626968,0.010168047444538253,-0.004468882830871768,-0.0013506950767923076,0.003402166599223877,-0.013511397060158581,0.0037127806629866367,-0.005781284851535284,-0.051732302356409465,0.00391007502251739,0.007878663954550502,0.01995056303213394,0.03242692338720521,0.16159480252622394,-0.0021965034063662348,-0.03112841287663004,0.010153902493990286,0.03651542949240638,-0.009599620400216002,0.002628664533843139,0.0021974110093969657,0.00044030272922812586,-0.006952349898706522,0.00322746016391795,-0.014943365309869727,0.0024196937037976873,0.0043174173504954005,0.013594366846370054,0.0007677429400279046,0.01602270628493896,-0.009403678281454164,-0.16332697651577033,0.02339623409247249,-0.009694959530293423,-0.0062824238842349445,0.0032341587858459864,0.011430416725407344,0.003614827026704015,-0.008302125656781234,0.00906988080800919,-0.004546921930143277,-0.0031014491176120096,-0.010741641568689397,,0.016077711639185033,0.04123538503997248,0.004826339212870012,0.014849988138931236,0.008594849403708693,-0.017167766737332335,0.016926201235734517,-0.00030006967661400097,-0.0406162499318804,0.00014541694089609258,-0.010661696910447493,-0.06024575843606783,0.009626070774557016,0.01732208259605139,-0.011332249869924538,0.023407676497947172,0.03718008679997453,0.003364284863592859,-0.01996483711664354,-0.00850432766084297,-0.017747851116214353,0.004627058841517373,-0.01864261778337195,0.009771369861683254,0.0460802214213869,-0.005358486650457239,-0.0014880583864411712
2022-08-05,-0.002608814561247841,-0.0027742082012610636,-0.011761616334234448,-0.012414983387324718,-0.020284965499769325,-0.002460176160625771,-0.006091896148830989,-0.005468171202659411,-0.0663030068235908,-0.004804237678489143,-0.01539799872126335,-0.013614043899597195,-0.007505498959900159,0.006595592935378036,-0.0008932934833094652,-0.008153431861463778,0.005355061606607592,-0.0052975817632556765,-0.007571521562506844,0.005768823743998341,-0.016953502240901863,-0.012965917915242153,-0.003298905404091723,-0.0029556876676942734,-0.008826195374043277,-0.0008833827000032102,-0.03685427056104229,-0.02233713533543802,-0.011441791910065446,0.04795340143022342,-0.0021953242045932297,-0.01323657841666348,0.013156241578788919,0.0016387504245618523,-0.0074708099958961105,-0.004177160763977672,-0.013245028215881915,-0.000657767237443263,0.0053721559915531625,-0.018947802735494235,0.005226862868479731,-0.019703440394162608,-0.009682651146994847,-0.012453682105277086,0.010198650495446993,0.008528746989956426,-0.01769837769457383,-0.01711696849503863,-0.008380385939239732,0.0029565253578838213,0.0027509012946442812,-0.01411044677215656,-0.05168123002687708,-0.007149082098007686,0.0024834798864123986,0.10139347850746594,-0.005106352938039849,-0.008592873627862097,-0.0010813980829229575,-0.00502573791641181,0.014826055317387787,-0.013151421912453665,0.005611284726792398,-0.017867001286280604,0.00442475955591326,0.013675361238123074,-0.0049024300023067235,0.014582795931099346,0.012621913097272897,0.006814502593677663,0.0076222732496840084,0.0010341498245023395,,0.007683096496918118,-0.03779996196696789,0.0,-0.00392219237652125,0.045977006280567334,0.025341687988899464,-0.0064358834152020705,-0.005103631841303136,0.04224994355754785,-0.0002909025849263669,-0.0018331397801503169,0.01476172058137859,-0.0045162279305366315,0.00414171138446795,-0.006172017332907287,0.16570457909358516,-0.024433563808153203,-0.010193059706563035,0.008827659900546125,-0.010069008106889488,0.017328548933983168,0.04681996956836709,-0.0018054457072064212,-0.006702745538964883,-0.16533177719286718,0.00025659662257382365,-0.019374085499531346
2022-08-08,-0.009154841837915262,-0.0029029995077690662,-0.06298386830433145,-0.009872154542052702,0.018790014829632717,-0.010717345710078763,-0.0014471624004320782,-0.00067671993087981,0.007819434052879659,0.002275031983994369,-0.021894222629481264,0.029588176867384908,-0.004010294677764148,0.0020995401275565317,-0.0032784390183561163,0.00022222032000573932,0.0001383804150441037,-0.01597769155183637,-0.00028251827368297455,-0.004754857278799429,0.008361632897741389,-0.016329144961485187,-0.008138903826164112,0.0042233229893717805,-0.004951741033366375,0.008841716910939379,-0.016170322387729308,-0.020058777902307146,0.01601587484179756,0.020553461281199947,0.02773752047320177,-0.00011667019525041233,0.005703898379920247,-0.00784202758616892,0.0026658015951859237,-0.020366901898946965,0.008348311020778487,-0.0005983970008933692,-0.005931232921053686,-0.007898698407922455,-0.011900301176018702,-0.05134332002098885,-0.0005464998992286141,0.008025029040875209,-0.008631029514506783,-0.008758710666911806,-0.01101529253525868,0.009861544737890915,0.004721324022473494,0.004597974246798975,0.005047744830787959,-0.009358124595242323,-0.02133942883401929,-0.023709141318592253,-0.002106880056072291,0.02139968065388942,0.031476075236932965,-0.001470379504808439,-0.004555681194130634,0.025928895307472555,-0.0013111012478825845,-0.05916054235691748,0.012821965554050463,-0.007836517852900848,-0.004908740146365331,0.012336280201625138,0.006233689445899193,0.005855768498540526,0.013597684525621379,-0.0019127931277449495,0.010420616078157918,0.0015495236751612573,,0.002311064800316398,-0.020873442372753126,0.0,-0.013781554589399225,0.04149303698478457,-0.0027363187932613053,0.00469062055674474,-0.011391026966249718,0.014583476996059108,0.0014551582122348528,-0.0061773086719919545,0.008728220967691769,0.003276509126352467,-0.0029330861530683094,-0.004288051564465878,0.04006109651265177,-0.009913188247632765,0.0013549928182383653,0.02894379990537721,0.11489919865490417,0.008001406653708854,0.019252312486524925,-0.0129757901726969,-0.0035304488083217622,-0.03906783336963271,0.012567269624923938,0.010638324084045081
2022-08-09,0.007063286304997751,0.0003032877615012364,-0.039734684181729985,-0.011333489631663474,-0.010102797184746715,-0.023335180137221356,-0.005711899240481766,-0.005417296368333324,-0.024412625864385085,-0.011219813279059854,-0.04526830012103189,-0.015204089974899415,0.0037388200958552442,-0.01788918607354617,-0.0010299606195702804,-0.0022212858241122957,0.006916585885567539,-0.0358568644834516,-0.02430753488943793,-0.010047995422232558,-0.01114279096852877,-0.07576739339897132,-0.027844618451398184,0.004326933370816466,-0.026136410623429973,0.0006186271920005648,-0.03742879102529939,-0.07877696348725227,0.0007208876542466047,0.016601374936488833,-0.013446839514599018,-0.010266039084002698,0.0047866233799314095,-0.031218045457239163,-0.00015637037453775093,-0.0757325265844101,0.006493531425117771,-0.0013970347817992002,0.0014512807179138942,-0.05524227786719771,0.0015190081729261617,-0.007132291817710135,-0.02806931901391263,0.0032854552324186326,-0.014457605695412101,-0.004570430447096041,-0.011915016897376507,-0.018491572198157225,-0.0020675604321348517,0.006668819225503775,-0.002402022226827283,-0.0495666431148617,-0.006932827289123367,-0.07789173986633124,-0.005057940985047749,-0.002240060222855944,-0.002218287585173173,-0.020305317693360192,-0.01155468314626007,-0.0687089570509336,-0.02119281835301523,-0.03322745705334684,-0.009963644337667277,-0.040902700472021714,-0.030641293766246025,-0.016258806082673938,0.004896061698686838,0.01614185222474873,-0.006893962073933002,-0.045208830212492335,0.0,0.008509588484846953,,-0.024889533664036345,-0.06450203834198165,0.0002744152917895093,0.011824272275646086,-0.0085501402631607,-0.028500629536452493,0.009337527521497524,-0.013506327594375422,0.01136918574645196,-0.010316755123816912,-0.033934357131022996,-0.017305318021104243,-0.0013566008848763245,0.00013788738570275072,-0.06326098512777822,-0.0017541462009903475,-0.012099709831972505,0.012449230716499171,-0.028189059806288275,-0.05946951409752699,0.01599617397020614,-0.015204418105681516,-0.03784558934868221,-0.036684872331670726,-0.0656205453819717,-0.008865209680325892,0.009022547657005164
2022-08-10,0.024300446920924257,0.026194563256017656,0.059171254677726104,0.0352608325167747,0.058209206845368344,0.03305177506574042,0.02632255652166071,0.026808523624501257,0.03890581776676605,0.007465193433099371,0.03673856083938998,0.06162476306207809,0.008252162988001466,0.027732813768301723,0.029035088565119604,0.024488030580082087,-0.005083153481635683,0.031436468732115586,0.024623362191466214,0.0346700473082886,0.02096434067765851,0.05408387709800677,0.03044278993265137,0.01501850426144502,0.02134146820893479,0.016178058884508628,0.03803888321144999,0.0544312284677646,0.03396670862890261,-0.010239928039664004,0.031085694866807678,0.019448392233628597,0.010688543380009907,0.027645752473183238,0.008446752900822752,0.04518308246951186,0.0183870869298135,0.04290831305338738,0.008319707537066456,0.04609044947711061,0.009371083483123321,-0.0014790514855960168,0.06904066345429438,0.015429260725620342,0.07506159312607807,0.042546779377140576,0.037486899895199155,0.04688823187738245,0.01659875123162813,0.003918994563681499,0.020575692796841683,0.052210057794093157,0.011372617543020436,0.07276635737552684,0.02296949003554749,0.018489190482159135,0.029441863671886503,0.01851116422831045,0.03749889042567989,0.05415884000939686,0.03257330537789005,0.10365602932161377,0.020364684339895245,0.03955885943244475,0.0414614988705857,0.044581315767262986,0.0076563253992536495,0.005989571174400243,0.021200770812197733,0.030082352696340964,0.014820492985969214,0.015085659508574212,,0.02251934241194742,0.01828914861502451,0.025243572269071368,0.006222547668953027,0.36220179566549593,0.07288629595752627,0.002863375529709389,0.014542117114511921,0.012044323020500292,0.013654386974626398,0.020229481497480384,0.02096436025168691,0.017055743023437486,0.015855494307214224,0.0494609230599532,0.026285654001604764,0.028542781603419165,0.003875981244455984,0.10403279859874259,0.03646493013765806,-0.017638329573051004,0.061784592482373,0.02509107921245901,0.05819366770208112,0.0,0.019678007583574963,0.00447089907610132
2022-08-11,-0.007400797556145311,-0.0044315763156265175,-0.008564972323050868,-0.014366830308238487,-0.004766125727153958,-0.009047765686909792,-0.0071846335194429845,-0.006879418322068176,-0.026249292544206493,-0.01411580714645666,-0.009389200166806777,-0.00577609953948599,-0.0051154322086198745,-0.008006339637120607,-0.011409175335917787,-0.0026075386938533285,-0.008492099962980282,0.005714649340085254,0.00621999511865412,0.00142231103137469,0.01129369742674391,0.004569211933316941,-0.005788540775765072,-0.014835932756974923,-0.007693932243408197,0.006489878857296683,0.014983683160945116,0.005071177262638393,0.019800497862597632,-0.012205380821769696,-0.02742048369902983,0.009018369737104681,-0.008872362983061488,-0.0030271805674774166,-0.002792000958082519,-0.00469949993252905,-0.010928074649650843,-0.010213891176215961,0.0034601643291733986,-0.006430553355596613,5.371775153872882e-05,0.04993653605942394,-0.029843182722249617,-0.0006822166125280971,-0.013645445475704565,0.0029359503842976142,0.023330216160603268,0.0020220093098510805,-0.004956190969728547,-0.0005835321330592835,-0.0026809855467566646,0.00227817780368067,-0.005789319136419113,-0.02327700590879178,-0.011352194200547006,0.02217322385337228,-0.030642619178729236,-0.0018641203352548485,0.00415335433102304,-0.016605432268145925,-0.02542213671184279,-0.03362281806174949,0.022859146132827357,0.00961946925577517,-0.007141510710879984,3.17387452279938e-05,-0.001381482087108532,0.0025886220905033674,0.0023884083664587052,-0.009018501066922036,-0.0057963643096867745,-0.017128470833949527,,0.007564459965704984,-0.014116065034468606,-0.011641947109605089,-0.024886899697286857,-0.03569506468388728,-0.02530573456924856,0.0037338455567865747,-0.011284011474571809,0.053475069936620434,-0.004634989724518479,-0.0017043793098754367,0.03819303041504307,-0.006183527270547939,-0.012757836369363451,0.0024169738592960677,-0.03630460379399425,-0.024582163156401493,-0.006656903154532712,-0.009422963880795221,0.006065831360367868,-0.0036151479128915254,-0.030369929444700627,-0.02520399647392424,0.0006159233953753063,0.044274802047065576,0.004260605575041154,-0.0014836427869816537
2022-08-12,0.01703719195740261,0.021425606817361276,0.04274884766035436,0.020691152408548463,0.016958670424695343,0.023467700648756695,0.023897711669481625,0.02361877681741409,0.046750143628413676,0.009413772361350548,0.027619231640992448,0.027194092239412493,0.01308277326758378,0.024787873752427636,0.01856995706167619,0.01546838912570303,0.019845457081003604,0.023405204709611827,0.014610858542686955,0.016479760280488698,0.015228387078284777,0.04595848128705349,0.01823578693144956,0.00016103597805483538,0.009956744352964897,0.011888573248992174,0.0436457194162827,0.042475848838787966,0.02772607785418968,0.008077715368226324,0.0077095646263374285,0.011917050023285025,0.026175930798039593,0.026983622874423574,-0.001399968362162829,0.022669382178487574,0.008166506249842387,0.020077046383369268,0.022360129591842748,0.024092831697781536,0.013308267487587067,-0.016525588723810047,0.04708125827471621,0.01824615125869622,0.014187607761443344,0.0055620207130469,0.024773680133584053,0.02007867875607383,0.01070658092613086,0.01693061559558129,0.00784947795252644,0.03930588837990534,0.008062637925009719,0.030720565146237666,0.012450988573887045,0.033870329911542374,0.06111508781659025,0.011361036310600037,0.025301417490912748,0.01801908438098443,0.0337014554900299,-0.006676038607538071,0.022348283455500217,0.032786832672536015,0.01485895416692773,-0.0034243858070384103,0.025494090008463255,-0.0015492221533744965,0.022360655705611743,-0.0006302309282443241,0.026803915270803946,0.0071757759100989915,,0.025590408660213004,-0.0036668697501007763,0.016246912243783607,0.030781095387491186,0.040508474287265894,0.008189601423621795,0.010284406961914128,0.013032098526034819,0.0026359851388264577,0.015424876888308514,0.025951837598068073,0.02887656338640676,0.009805879943023621,0.012693631458921217,0.07233277588320353,0.027012373229775788,0.01581349483878869,0.018094068664754825,0.021990893224426822,0.11886301122940424,0.00840539052240663,0.028039906888120747,0.02046905824300227,-0.0840221614721216,0.0,0.012977301265885366,0.0074294488251349655
2022-08-15,0.00534410448091216,0.006333505515595528,0.017264477254543387,-0.0025775713556979163,0.0021606614384954703,0.001307779104399387,0.003287323511470097,0.0018752199321458995,0.03096359891583922,0.015896907499946877,0.0017851859754736132,-0.000762143758846312,0.010996429978611166,0.012004342730599804,0.0021184518952637177,-0.0004291022849552961,0.0015703654034946446,0.0055523275428466246,0.006369413967010518,0.005280909269057332,0.014249992370605424,-0.0054357536605439405,0.00010782723673208316,0.010829753403986508,-0.00046147003651819674,0.0068701394750738665,-0.005227613199556225,-0.0025068913029585582,0.0041396096982182495,0.03738289479942192,0.02319027142106167,0.00962525339162923,0.011410517523600339,0.003514475633817238,0.0152648505220907,0.008184666886875691,0.051620076989510766,0.001689245985336596,0.012998157258953924,-0.0017709901596233424,0.022559945271023896,0.047745939907416934,0.0014615737866108258,-0.0054246029664565265,0.004729487878351479,-0.006113510736568628,0.012288159610043703,0.004055426986127264,0.01103078632241239,0.00870705570518382,0.00544116313874321,0.000533451234141058,0.01966234546174328,0.002167610739916226,0.0007059839541898594,-0.003681019039973199,0.018839059210735476,0.011156397127210393,0.004420406006518496,0.027496395083554726,-0.0038680987462019756,0.005040705387149069,0.0004438627863763145,0.007733003688834561,0.026889222017584924,-0.006426741208877096,0.007515887343144456,-0.0028444996344124673,0.005916131916036793,-0.014075591341115246,0.018730132547015943,0.01653947935108202,,0.005856308749146999,0.03271413917000321,0.004396507351297041,0.0025509929547165022,0.012350729288815199,0.004147906347007346,0.011479372211685046,0.001750863932992841,-0.03905959879002496,-0.0011464865642620836,0.007766094543207647,-0.027297231279255985,0.013801957505546358,0.006289874451772093,0.0011241455528865352,0.0184289540007172,0.006290114844409445,0.009610365530965614,-0.005091944146348726,-0.02648187046685324,-0.0049772239049855616,-0.008388268595577175,0.03451356197064648,0.08764937525246075,-0.04093570227515453,0.011825561478982172,-0.001474959966427325
2022-08-16,-0.0025897357905874108,-0.0009238620004263787,-0.008039165506543378,0.0111747882760318,-0.007850064535002588,-0.013077853998924027,-0.003112752925236606,-0.003011028039205166,-0.008912075793144236,0.013321153515803985,-0.008019059210550683,-0.013728867410243928,0.0058010294065329315,-0.0076714813963006945,0.00025629253397951857,0.0038634965569062096,-0.0004090091866875145,-0.01380402311255613,-0.0041277249655768955,-0.0021462671687494383,-0.005176216072277806,-0.01175078274614283,-0.011003200395312884,0.008244352598111515,-0.01909673423096725,0.007021004543610987,-0.01298294246540066,-0.01339672711659401,0.010132633736218422,-0.008280688604736519,0.00840994631422265,0.0026917659703005192,0.0012707138758689673,-0.0047251437345022795,0.011966842216092122,-0.0093411643148259,0.0018124565509951562,-0.006101144630312749,-0.012242281034332114,-0.014366733451403602,-0.002382264559543379,-0.03500881826978075,-0.026702781359794203,0.018752377464942516,-0.006986441437613511,0.00878732403116289,-0.014757224665510327,0.0056152071995747566,-0.002778856169499355,0.006274059224015804,0.005730060546579319,-0.009169916050224769,0.0053382488166708875,-0.020367719492408787,-0.007009437801084206,0.0024631106546002535,-0.009802337709332476,0.0015979814091704458,-0.0017090835240084479,-0.016359719244903204,-0.021079940195029234,-0.053883774772351956,0.027506606331043182,-0.002557921978038724,0.004117018478590584,-0.007108780812575377,-0.0009563741053556507,0.007002086310886169,-0.001069352568852877,-0.02202895160467333,0.0011581879781281668,0.003254094258637208,,0.003971498567751475,-0.04989247723913104,-0.0034487616173952684,-0.001047742813683361,-0.022145679846703903,-0.02289153272439115,-0.00021417850250671222,0.0266716895444139,-0.01829128399674118,0.0034434075132354636,0.010348460955364569,-0.009486157247254101,-0.005737310673829876,-0.012321276342304066,-0.007439623739326606,0.0030851878084143802,-0.009219109742648834,0.004172638996441602,-0.017115186260758808,0.011545145461351769,0.013801052528197522,-0.003990210540595118,0.07221914586954425,-0.029833596434484466,0.043445099069825854,0.02361824270540147,-0.025110794205745357
2022-08-17,-0.0047486733334577425,0.00878462857992468,-0.028815018677246673,-0.01851079360669594,-0.02574243653960895,-0.02367442577831025,-0.017666343059965284,-0.01787611136412337,-0.008372333511224461,0.005967212173920711,-0.019261480678215093,-0.018478605152053795,-0.0005546034796671817,-0.02176242355774849,-0.0090621442006098,-0.002351948028114781,-0.007365489975382777,-0.009998000481267644,-0.011329092649081218,-0.020238446947935862,-0.027254763929221326,-0.0229514048557381,-0.03626741859919558,-0.010152052646229093,-0.017115227782682152,-0.004369810957184694,-0.035076756295922995,-0.02508031225087415,-0.010082174208050021,-0.012442207965913776,-0.019053468658819517,-0.011745000378482806,0.002499591890192221,-0.0497653526443157,-0.006822270383386342,-0.014813685513853647,-0.004673679774318096,-0.019140289223202434,-0.012108832071823561,-0.01658778058233712,-0.00846184312669318,-0.037089619485108694,-0.053001163070877766,-0.016061104912891144,-0.01756401481033676,0.0011614668154000807,-0.01860200960635261,-0.026058029137888905,0.0029465031683046927,0.0015755435271742613,-0.013293945921053152,-0.030293272520403702,-0.00834413365032638,-0.03127869357809909,-0.0053399643480146475,-0.02088457672935362,-0.010686731358533486,-0.011395578092817216,-0.023283694810894873,-0.0291882531022829,-0.019078170527636606,-0.07326355052340217,0.001943008488360265,-0.032392954718732825,-0.005728140922939162,-0.02209180488828466,-0.0012444692184311323,-0.016224595374893402,-0.0062443974823406245,-0.02153092475673124,0.0022413243009595796,-0.000748567680226353,,-0.03634817281660696,-0.05929987089625943,-0.02169569164124807,-0.004794721382482048,-0.048413341446247316,-0.03100232732145025,-0.009423830363046615,-0.014358688717655221,0.0014332376019146054,-0.014869901046952738,-0.005066782452234908,-0.0123702902054601,-0.004547938332376877,-0.00937897270223198,-0.034224270969856696,-0.01762502019669787,-0.013146803081487968,-0.0010388498745028674,-0.02379619179596626,-0.03893054877128699,-0.0002378346488619565,-0.034026014355699075,-0.026283010719246547,-0.030978472009600466,-0.03140974175905897,-0.02783068406667044,-0.012121200736670112
2022-08-18,-0.003947528036426617,-0.0022916594000563784,0.02388868000119171,0.0014074379989574837,-0.0010866596212399937,0.03687403100928921,0.00518607362075163,0.004488039535380572,-0.0037062197211366055,0.008340549660895702,0.022082078685945916,0.016670140469448036,0.000998738622584039,0.002763673278599388,0.0022943902031333785,0.058079706243783,0.009000326562191185,0.019188084070144606,0.011738457181994066,-0.0011289526262281413,-0.01655623379956006,0.02141506267043769,0.009903230906632476,-0.003511871962575075,-0.0005224429605543701,0.004635577705222049,0.022070766535632558,0.011234818645629474,0.00708101275632389,-0.01650904742182413,-0.018087829273451095,0.0022637756773171702,0.0009589934315037407,0.0,0.0006106077579444147,0.018475546518010866,-0.012723362323570298,0.0064916658377554,-0.020157461091289353,0.007213534102712638,-0.0014136349343504273,-0.01431270289416775,-0.020422892458369257,0.009048087432101726,-0.005739270081342229,-0.003770332652005659,-0.004923328874975819,0.004425693517500884,0.003051688269789521,-0.009465471348370169,0.007484976723596493,0.01409384790216639,-0.002731941800502069,0.03608732490250244,-0.0005760368663594306,0.02383941779963661,-0.015691594271495357,0.001997959710138053,0.0028922159111994805,-0.006920814778485274,0.006547278077986052,-0.021707294665723853,-0.008834299693172065,0.01394894637948041,0.010976427437098923,0.00029680211571903037,0.00038340759920729717,0.0015706166857452075,0.0017953047172600822,0.0019785305608230885,0.0038956035488628693,-0.0004993872195923066,,-0.015496027067559703,-0.05063291139240511,0.0,0.0012044840900355958,-0.0149635948377147,-0.005180873588584545,0.0012973269900760087,-0.0052564162939624515,0.03418947917567117,0.0033381091791802042,0.024586603949270813,0.00969696044921875,0.0018176219376353497,-0.005699078420483228,0.07263141042578147,-0.003130987890879622,-0.00039281886995468085,0.0007798980677986567,0.005506116555614948,0.0435985074337879,-0.0007729196675256844,-0.0225337150561995,-0.019022547212758423,-0.018589834918988135,-0.005279083506051996,-0.0643503137301571,-0.004601259186520212
2022-08-19,-0.013854014354419686,-0.015101864577650947,-0.049219573028624675,-0.02860159688639219,-0.0383602244804927,-0.017942554055375926,-0.024631764413537205,-0.022670841055207225,-0.020481852686155544,-0.011462479363805178,-0.04470335906038436,-0.016355975595646388,-0.0012749209274975914,-0.03182015183369269,-0.020698369119522164,-0.013570957736290468,-0.00333654835304098,-0.024970264614689874,-0.022651924793982592,-0.028905721023759434,0.0018129938802811107,-0.033619649972359555,-0.011263082427469207,0.004645589412441309,-0.020950379525747298,-0.010602806053242153,-0.039218819286377826,-0.0523899148789132,-0.026954469383187796,0.016140541173945255,-0.010354867021939107,-0.018407733784715496,-0.004292155693679023,-0.012519866112269074,-0.002898587834637145,-0.026726327806665395,0.0024546798399160963,-0.00838082754760483,-0.027643863499809962,-0.02857648027111659,-0.01410371992693249,-0.022848675372289295,-0.06931828342310364,-0.022235674650635695,-0.02676742123729481,-0.015138185332327359,-0.053681823097569525,-0.03304629512906021,-0.008900221156128652,-0.00023072933667589446,-0.012629980387629414,-0.013296086390998219,-0.007341724552446083,-0.025847843577130103,-0.0009913375810518543,-0.009313751843653462,-0.028591301723706386,-0.016488947822290267,-0.027396680309968224,-0.027647643124584453,-0.018748795363570103,-0.025637168856238235,-0.01076084634532104,-0.02545062651506813,-0.03284149650904078,-0.020671883762949927,0.005461336397664107,0.007056990841834754,-0.010573479581627465,-0.0026951561457638773,-0.004814588612487514,-0.0017486809132860603,,-0.007880926084264384,-0.025999959309895848,-0.02394560729565265,0.010075160435267794,-0.04962384503587702,-0.03398806482441241,-0.0036709561347718633,-0.015022310521825899,0.0024601525902283594,-0.007666697531521605,0.006733977354101084,0.006802724203720079,-0.016476170608726415,-0.01040029600668868,-0.00982936820072522,-0.04951123626725118,-0.02951268265513829,-0.0006493755520261546,-0.051850986620728734,-0.045985981181144386,-0.00220178738028709,-0.04655896674090687,-0.020924375959156416,-0.030182711337807366,0.04094010455134023,-0.0005230245001515144,-0.013867438971454149
2022-08-22,-0.029355212565627675,-0.023029365962279114,-0.04566087122220175,-0.036243902638259384,-0.029233171385102064,-0.03588423853291256,-0.025339145498692983,-0.02582122401657383,-0.022764022407583906,-0.01633826504443381,-0.032412722347757605,-0.060623694451675036,-0.009546546251780974,-0.03225425006781124,-0.026205733185442392,-0.02032857624142348,-0.012229236495496898,-0.040582691364952406,-0.043527441182448334,-0.03843090121934811,-0.027404378617576608,-0.036509603317412154,-0.028393281912640123,-0.01578572392662181,-0.02776050149947229,-0.018456049145474496,-0.03635757741310819,-0.04031124997639768,-0.05474569327367351,-0.017389018386983146,-0.01012356865566899,-0.022664533619456084,-0.013239944363151457,-0.02476192656017484,-0.013004872493628361,-0.03230147076325551,-0.014998404996401371,-0.010632658087858071,-0.013498605775439043,-0.04619814765479302,-0.01669857212167858,0.04742137375956679,-0.03481135966650717,-0.021440120270040275,-0.02435439473858514,-0.007981094979303882,-0.029365656011242747,-0.03086159696442381,-0.014271924827146676,-0.01652295582357277,-0.02741052483701889,-0.04330947418228659,-0.011038746444696934,-0.04158824068227518,-0.0258238767014366,-0.014720371918843789,-0.04358417702155826,-0.02713664385423864,-0.027808987570177468,-0.009517066769885951,-0.018912092091803223,-0.02554233093213032,-0.031864646278526254,-0.03881987778321061,-0.022482711484960727,-0.017270417234170887,-0.014579747891192985,-0.0031144286448626657,-0.028074610808976996,-0.04104456771744125,-0.018412903102120848,-0.012012000831672753,,-0.035096558529574606,-0.02484602827627913,-0.0023696427935240294,0.0010421273891976224,-0.026640337184615337,-0.036697292723182895,-0.01712182327649925,-0.018087068421427488,0.006058695374114187,-0.024635493434438716,-0.017306336419491086,0.004372043363222611,-0.0116668071557533,-0.029847258157561618,-0.051426937685317586,-0.040357894352797685,-0.03261904687002126,-0.009617955155741154,-0.019371923938489743,-0.0352941147138045,-0.0015505398270063697,-0.02168688224924875,-0.018944717468417083,-0.035363739427597074,-0.07428984254162763,-0.0238095190567178,-0.02187497881241174
2022-08-23,-0.004716462857223269,-0.0020290719210975805,0.008629806576883947,0.003002506326521548,-0.01189820548970133,0.0019480459515366366,-0.0033263065522034507,-0.002607135244229175,0.0225584954757323,-0.006233089925231972,-0.0037699104688380114,-0.008784277802381335,-0.0004483151158466425,-0.0022851645252429664,-0.0054431043058579265,-0.006287974068693303,-0.004979950280706635,-0.006284862550755332,0.0032506090382848907,0.007710935351603387,-0.010100937379238006,0.011110036441882132,0.0062995906187286455,-0.009842011890855096,-0.007916151645863678,-0.0014657970658144004,-0.00771738556579038,0.01398691739852076,0.010219606756462607,-0.025830371741370373,-0.015634613087349924,-0.003060559342860758,-0.002379283090467199,0.0034790486874964888,-0.012246177172015038,0.007365270994915463,-0.010565573317698362,0.1209723240626095,0.0025132473642690556,0.010921592469838926,-0.008923709848298378,0.05382845816670723,0.01019252115176128,0.004559278299464342,0.0348611768738889,0.002085807269362361,0.0018852597685907746,-0.004060748828564331,-0.005298749062305652,-0.005922275599031468,0.0016577996456732524,0.0082309189298575,0.00636239923561277,0.012762645238249659,-0.012792253177983604,0.0012554735995655708,-0.01983215617258549,-0.003927584841085574,-0.012800319278183148,-0.00794787395118457,0.005365668907018062,0.0045791424671628445,-0.001702434738847125,0.01512713267864041,0.002252368036065766,0.0001370578069266326,-0.006865938388196158,0.00807085067749358,-0.016213174326475954,-0.004157338894390072,-0.006914833194970771,0.00025334691860279257,,-0.01470892810515012,0.009194901013332757,-0.0018163651526097446,-0.012046365025692451,-0.008601802453445773,0.011192924955596428,-0.006174173951883466,-0.010849139972121669,0.030035086609161432,-0.013301553883294348,-0.0012965560605732174,0.03284526745827798,-0.019018257049521425,-0.023543569867586434,0.03561041917976482,-0.000735104424145594,-0.012939657054721665,-0.011154836065130569,0.014417215358991653,0.013888883504548977,-0.00782461816342761,-0.010613779404263113,-0.00766038211626574,-0.0037836460079557765,0.006294250469390139,0.003484246814073444,0.0031948850152176966
2022-08-24,-0.0023513018765153326,0.001793954789346408,0.0023863783710813546,0.001347163157822573,0.013344881685428023,0.0020008258144432745,-0.0014930455650274954,-0.0006099128419592148,0.002170125887066332,0.002121429637073513,0.002594934573547869,0.02253394562380584,0.004989625015483723,-0.011598181630932958,-0.0035692019141694287,-0.007171486051089859,0.010218276202324406,0.004192697077690433,-0.0026509617250476403,0.0360574596118628,-0.003490898556817279,-0.004414764513832159,-0.0019128322680396215,8.182710500692636e-05,0.01688115724977224,0.0012148328558219124,0.007777406812867316,-0.0020690808727986676,-0.0009383616055680388,0.01669868569186672,0.00043142867214784886,0.01605857328074234,0.0014466527340806223,-0.004622649161829306,0.013810377221588066,0.0006069836206197277,-0.0009422326162604744,-0.008252702968603476,-0.0006963788300835549,-0.0005896292127317571,-0.0014187967630883147,0.053454778314423246,0.012355724932522127,0.008131576469339041,0.01174877573125932,-0.0002974170655007935,0.026075301988325528,0.006008639552845363,0.0025933630668364405,-0.012331798180277853,0.009489138656231466,-0.005346716807616447,0.0029946387766162097,0.012795653818971742,0.004535272433070281,0.007774329110746381,0.017252322450356683,0.002896922990877515,0.0037447351714829935,0.02738253008173741,-0.008499709505412678,0.007859223877582977,0.029558873364973204,-0.008680643513795272,0.006045654753866536,-0.0019867000020278303,-0.0003894185717743248,0.0049069891714619285,0.004167406747309865,0.010198604952259549,0.0005926061559606843,0.003038716808923203,,-0.006665752208226405,-0.016344457667737955,-0.0054591178096375925,0.018214648184765814,0.008045466810869817,0.022429412912930102,0.00931888143968207,-0.00883770785855309,0.011323259581011103,-0.0006057753433256208,-0.00254233371080681,0.014176204079577426,0.0011312658352302662,-0.005078639079413749,0.010947351288377094,0.0014712904003737481,0.004241232902695291,0.0007963528759578065,0.001814259340159552,0.009021064317095373,-0.000782643322706722,0.03782258311938169,-0.008523621368537682,0.0816567643253201,0.05707587944393411,-0.01789525089531785,-0.00636949639391915
2022-08-25,0.01109538947671962,0.014922700520600518,0.040123119342300395,0.026008936084948253,0.03381112616802029,0.036338589879161054,0.026035702532403393,0.026155188141406382,-0.003455684406709514,0.013898695252960724,0.047988749996194846,0.01903225079731352,5.583937259689975e-05,-0.0042401115409409496,0.013611674574119936,0.004249007100831648,0.011972789315634946,0.03495861953686541,0.030419337292687088,0.00017179528894328833,0.013203930361371352,0.03468660353395525,0.029734566726252076,0.0048672222008292465,0.02063774221692416,0.013347487129084845,0.04956267058110897,0.03278545248614684,0.008829950611724868,0.0006528620492842752,0.0016755583245267047,0.015572298551629782,0.008081426908176592,0.020898341309427027,-0.002167173265561595,0.038740417660056536,-0.0004715306476033021,0.019068339387166677,0.012571455792682817,0.027215262877826607,0.009891237249355589,0.12441275813729202,0.023585737946304253,0.017132530598677365,0.04275001301489589,0.010707930451780756,0.02200678190598948,0.031569955386433035,0.009810755739611876,0.0035431987995673264,0.010492940287331942,0.03473793397171354,0.00829370781232952,0.05455586490334774,0.014332807964226202,0.029488553392992056,0.012345651996867213,0.012838049737433854,0.026675378520167214,0.028514951464724714,0.014154686735097455,0.012944388117706263,0.0038649084910715725,0.030064292015646643,0.017367194428871358,0.032741904467839644,0.007013379754771343,-0.0077100806537396815,0.0058479793078032305,0.02956595208160273,-0.007551112367740864,0.002019641886511714,,0.02180906852340514,0.004383867694866428,0.020408119436474914,0.00916621455021649,0.036463251571458244,0.048243058446666875,0.007254297739752058,0.01592229910263354,-0.0027076116627402502,0.01591384311824129,0.018980477851668454,0.006800162819988076,0.003236104923538319,0.015115487512188164,0.06497293328458209,0.029652759613255197,0.02591568847979553,0.008884738581201868,0.01249627166006606,0.06788076772422613,-0.10224124386989308,0.07424685079058646,0.017680456214268503,0.032123389193171814,0.002958576959962933,0.0008158493044168047,0.004807726107171506
2022-08-26,-0.03858708814813738,-0.03769925135640162,-0.09227934086258116,-0.04756700784791723,-0.041474108606633364,-0.05320564097841751,-0.054093485687511156,-0.054375480564360035,-0.026953121859416895,-0.034406397470870376,-0.06174109879767553,-0.04573039210027996,-0.023595754367803812,-0.05671775821930192,-0.03658452913241417,-0.029194014274408153,-0.027537926498021448,-0.05381193242521365,-0.043852072400746844,-0.037329643491672115,-0.021276576317181495,-0.059047589983258875,-0.044103503316813786,-0.020473782681745933,-0.0619056424765837,-0.03677091945569899,-0.05833332761959842,-0.05202953795727072,-0.04858259045238955,-0.032758768302084795,-0.012620065040147455,-0.03810506756278953,-0.029936857532036565,-0.050278379044852994,-0.026838342643617175,-0.04655980167786733,-0.01918542566088477,-0.025869556520865644,-0.022738560655092055,-0.05521174701179454,-0.0377164561991431,-0.037773726676662345,-0.04501839162355259,-0.036761515920891386,-0.04129301656647022,-0.03972920813147973,-0.03597367451410605,-0.04156331908317268,-0.03071561620712826,-0.020932289311420327,-0.026825286281795258,-0.06088710141400777,-0.022263640847801636,-0.0893084401890577,-0.03483116366397232,-0.023084313294999492,0.025252562750078145,-0.030579105661883377,-0.056234340073816114,-0.043906356933575696,-0.025555322672627834,-0.050654307242721464,-0.0401496136711762,-0.06545767394057034,-0.037264931775240484,-0.05071286956202492,-0.015089936158246275,-0.012950012745297612,-0.04426107696659731,-0.05740685339600449,-0.03923612265125509,-0.026958924964642694,,-0.02911939454195067,-0.03766283694880512,-0.030068969726562478,-0.028420779090139403,-0.042578942572652934,-0.033067530234707876,-0.024225242639557387,0.03573385735274304,-0.017243954538929906,-0.03476058292536233,-0.04369340990825721,-0.01951221257812341,-0.02775074618143547,-0.030464314003721293,-0.06687520942046732,-0.034843987711383195,-0.04827661505559033,-0.015115687410636958,-0.03893392995331568,-0.05968989882358289,-0.06918997341564748,-0.027959485300484088,0.01585908360321686,-0.05585697368805953,-0.02949856635888637,-0.021739110153428554,-0.015948948155784737
2022-08-29,-0.010668004739564751,-0.013690198638440787,-0.028228852548489836,-0.007342307563037775,-0.01613302404527872,-0.012824929661802487,-0.008337848463652597,-0.008625397012979041,-0.01135058160727187,-0.0014290732863716515,-0.029502110467239717,0.005777537405833533,-0.00314206932166472,-0.015117262647971419,0.00440178084061138,-0.003922429888207457,0.013075059861032079,-0.009394442881099252,-0.012589987288916693,-0.026000097855501503,-0.01385865032898137,-0.022874514842337934,-0.009145100014881558,-0.0052773282604701155,-0.0103747334283939,-0.0033150284768557192,-0.010758333074629367,-0.019346559883754333,-0.0064365172527101056,-0.0002839625615784769,-0.0057197040934342525,0.0007138376127890922,-0.006387699105787958,-0.02193228567276917,-0.003985334000069174,-0.01614785876507374,0.0012826973292410226,-0.003031972999054555,-0.02115495708626758,-0.01972780623294934,-0.01687004425074523,0.1471252608233835,-0.0029961322845595273,-0.0061905750564134054,-0.012900876533368688,0.002758202563340806,0.006381858027395104,-0.00043142704907683793,-0.009570946904484123,0.008557709314589212,-0.012115130082894887,-0.013323758621415771,-0.006281606039296839,-0.023519962797385996,-0.001634782549124414,0.002103156811756879,-0.03346153490065151,-0.011440724805557023,-0.009914797690875332,-0.01313765698208813,-0.017752694644602163,-0.017839741758728822,-0.0034380362641918127,-0.018950879583839453,-0.012238596859956763,-0.020514564945819935,0.010901597070108737,-0.0005248086445382993,0.000981146741734884,-0.002429282990405235,-0.01312113665655057,0.004660805545159574,,-0.017544687069203646,0.0040965440460527525,-0.006114907665556113,-0.007388387605915092,-0.01403563147437481,-0.01349201158169644,0.006486265297823701,-0.01944459484780059,0.039796924681072765,-0.006800538373497922,-0.009405099996908972,0.0038270334742249723,-0.0018958376507909325,-0.007452519033340099,-0.02877906028628452,-0.02369181625484651,-0.012386433591776491,0.009208627233364464,-0.01650228687772559,-0.026545763723758276,-0.009372769144637583,-0.06080832523864166,-0.035851570181690606,0.02342113099749099,0.0030395108143479455,-0.0011111365424262276,-0.008103758527811311
2022-08-30,-0.00852094284964422,-0.015305497248539135,-0.021074627851535244,-0.008167020675137082,-0.012627973424379269,-0.015150293940464077,-0.00438672761443426,-0.003896979246442056,-0.0249982267189629,-0.013030510567485831,-0.017516052206821175,-0.01745564100229524,-0.008596480903078185,-0.0005063221138988938,-0.009947534944860115,-0.01028215741455818,0.004348159883127867,-0.019477663651011445,-0.020643604539327787,-0.008241702579084742,-0.015706797477107126,-0.020924013396565466,-0.0071453907990793875,-0.0010861799662519322,-0.011488721716639394,-0.008938786181636682,-0.012453939754011212,-0.0041841360358741975,-0.009706873994901444,-0.0008523464018139748,-0.007389045900594193,-0.008440312188429,-0.013219256189226591,-0.015851579838694785,-0.010083243801712216,-0.01765801728494598,0.0008006282858241676,0.001234346188369706,-0.004287865193958629,-0.013723325202313008,-0.003431940154616231,0.006965461509624182,-0.014934250007933025,-0.01528387403130893,0.006482661272606105,-0.03209049832628996,-0.008631348855305254,-0.009281249475098341,-0.015144201425405623,-0.00923706966132709,-0.009338432872767033,-0.0009645747371566094,-0.0006772498145830586,-0.020208239325330446,-0.003446093580724896,-0.016172809365354923,0.021008172637422273,-0.007191888383920597,-0.014097559966089634,-0.007675694539822087,0.007188381570961244,0.014200739368437132,-0.007244678703434593,0.005872311216106096,-0.0013983501651422259,-0.012473714733786778,-0.015447429928795997,-0.017852462652972245,-0.009605918053180673,-0.0006016085443976138,-0.022657518996057835,-0.009793842154313004,,-0.021013574668556356,-0.009689653826909117,-0.002575480136610797,-0.03721708483659325,0.004798452253102825,-0.006458355962227991,-0.020888858371310715,-0.024151271106518823,-0.03726832821584247,-0.000778136478299607,-0.016460633010006998,-0.04498666891990255,-0.008863993492331357,-0.005225502390074022,-0.007911326940752028,0.0017532163326678951,-0.00545473146998221,-0.012298337363096934,0.01482373129130754,0.03506096989710272,0.004221265333473445,-0.004065426186465326,0.0011391325297824828,-0.023456051230271724,0.006818193476390677,-0.021690734125565547,-0.001633946443083012
2022-08-31,-0.005704072681435246,-0.010634965719336975,-0.02417888810102442,-0.015225659516225343,0.036714105874400715,-0.014376328691886209,-0.00660915370449322,-0.006914767636319152,-0.007526203685978228,-0.0038921643177125542,-0.023809519630728193,0.013188324235687832,-0.004162097218567751,-0.004345868373856643,-0.006288454534704169,-0.011494262565670543,-0.010720158828973925,-0.015921429442321444,-0.010539313791976035,-0.003277962575531368,0.013157821666967218,-0.004760865046805951,-0.009175954953171694,0.0049347940727082484,-0.0036803608079222228,-0.00707913406570726,0.004085249473412489,-0.010775253213590408,-0.0023507347084733565,0.0014217530384168509,-0.012457752353638107,0.007912672386257924,-0.0048047261426633625,-0.007856982791925926,0.000161716030351311,-0.008670881023823629,0.015520019531249929,-0.005127921588667705,5.777171581455853e-05,-0.006247183970019998,-0.0026401392777249955,0.07218049701891438,-0.00781810744141831,0.0026086420035644764,-0.05527818960558284,-0.0006315269250233291,0.004975170576889676,0.01786491650467359,-0.006980756123813325,-0.0016326506351411751,-0.006132889364097727,-0.006879069401708571,0.003388716320958274,-0.02458333969116211,-0.012679370760844577,0.023842311937201766,0.0017653453374959494,-0.0037468522394623616,-0.0052758349110504366,-0.006405593340351734,-0.007137077534342784,-0.024747585287863694,-0.0006950676093545605,0.0024581912906980197,-0.023154380758631188,-0.01769809752768947,-0.011249254300813472,-0.0002672633406571867,-0.003760859560320684,-0.003497308890926032,-0.0071641873540471135,-0.007808413622024446,,0.007618849461025867,-0.026925539619869432,-0.0010041557272062462,-0.015777847635649156,-0.0019102026817527928,0.0032501322617999318,-0.0034044830050740105,0.0031628174430144984,-0.005892507658416202,-0.016196868561844213,-0.02496150221713067,0.008383273381924905,-0.0036731563427579994,-0.003569955843050865,-0.0028998778323449104,-0.014876652049223837,-0.005964971673898201,-0.005891048694923073,-0.010193929263260793,-0.021109489488514654,-0.01666910510926156,-0.023766375907501636,-0.0039011976053473507,-0.017588309916450995,-0.0037622416010820725,-0.003410998602723425,-0.003273319229047167
2022-09-01,-0.004092275669190681,0.004706815210650195,-0.07665302197613344,0.008282741023605045,0.014914429778474458,-0.014225272573812453,0.014045431767890415,0.012826399508083952,0.005623955563764049,0.013541481813486467,-0.029928135187077487,0.02898548845188942,0.003366818463284904,-0.00779242620791798,-0.013151279416568906,0.012745967783210466,-0.00027791430297297026,-0.017766734918030824,-0.005012526536017692,-0.014544441143756859,0.019618760047311,-0.024024685272267643,0.005750238542678199,0.02163960417063393,0.0017983625318791496,0.007288035804281945,0.013798029556650215,-0.01340456958758307,-0.012421326307202163,0.02995457889296227,0.03367983927037632,0.0158201717126516,0.006341815099764281,-0.005543432618343003,0.0017782187078276834,-0.020399324184592782,0.023318035277684945,-0.020940749936285807,-0.03910178373759288,-0.04086212375782916,-0.021465217785686996,0.0016829608983381927,0.004009998988170338,0.0013658868711792227,-0.05279009559951764,-0.0012637917428375278,0.0024752366734301923,-0.008347589457587956,0.0017206081342353574,0.01341229006688538,-0.0004571228747726197,-0.0010937412356762932,0.0019137472187451543,-0.01815460229947541,0.0063838427391804675,0.011398459945069161,-0.0210865415178898,-0.014709587244341127,0.0010409014045815734,0.010582687705519733,-0.0028753212897327796,-0.017028387842744852,0.025965058309111333,-0.004904209882363508,-0.01836904722299293,0.02321206922354957,0.021756490734244682,0.008021369647617904,0.012318674932020546,0.006645180343596291,0.0073780094789075434,0.00550899541065486,,0.01866074109574245,0.05050270250253597,0.0050258253473378645,-0.00945816195071314,-0.01291868203245361,-0.07441636765787973,0.012297902924250925,0.006384468677057553,-0.022358911725935293,0.004274188152444847,-0.0011130781769367326,-0.026128259755812566,0.009296805943198816,0.022571339405817792,-0.007997607230052606,-0.04938226118664657,-0.007289559147594771,0.015757551096906575,-0.08584525054875203,-0.039953182912757956,0.01252957177771652,-0.2532056880699951,-0.015013025249212775,-0.005058541338764266,-0.003776449516557756,0.005704419292879681,0.006568138070740304
2022-09-02,-0.016666652993916342,-0.013611098150736467,-0.020807878295797777,-0.002425266463259912,-0.03047891429323879,0.016686635011732953,-0.017222520743937597,-0.016915447263321393,-0.02507581222110289,-0.0190108998686378,-0.025385690766459024,-0.01708395405355867,-0.012669958716083118,-0.0064501771482285974,-0.005122960228974738,-0.01545596707416852,-0.013479728085661224,-0.011083762790187968,-0.017002547595584727,-0.012784964609650395,-0.030894394504189626,-0.00620847086354015,-0.019017835775541503,-0.012749510724287205,-0.011838350561257038,-0.02013315379808489,-0.017099974153779174,-0.0042357583873010585,-0.007881185801411505,-0.03156444960992821,-0.03331503521794432,-0.028805609373756313,-0.03041149285310374,-0.013670432843710056,-0.02000970879523778,-0.005517443660480015,-0.017397956990181984,-0.010914366071393289,-0.005804663997315496,-0.005809522702416192,-0.010997384092110485,0.01078135385329304,-0.0033535613555107924,0.0018187644355134314,-0.0030063263501827198,-0.011705182919617863,0.0021163832499133672,-0.016512047790011697,-0.004294056935043478,-0.005336332261004162,-0.011432447867365192,-0.012226244412767762,-0.006853939442152401,-0.0045682595952454275,-0.010440529513696006,-0.01757146155148348,-0.015829679742552782,-0.012638882615011338,-0.01614258260014456,-0.012999540289501899,0.0010298504190784374,-0.011039427888714815,-0.012653968134111793,-0.006622521225238653,0.06697232264618735,-0.019732745084313774,-0.012600126490863728,-0.01034481118716113,-0.0094209918557151,-0.01743207564710647,-0.026961758343026943,-0.013044611951855023,,-0.03138004031401753,-0.002734722075344753,0.012859002048131174,-0.017802270149213317,-0.01001775630956725,-0.0020588526816842645,-0.008323935332600785,-0.018405376476380186,0.027398250052316664,-0.01749679728377196,-0.011788133080699592,0.02764228839963767,-0.021863365576849314,-0.01881973388652647,-0.010407491524013435,-0.012785093660437341,-0.007545947376771611,-0.01339160078701529,-0.0030913799848135692,0.007835639222500523,-0.005823285946453649,0.015594519088041991,-0.01731282261556777,-0.022679632657308102,-0.00985588816545091,0.00028366808583646375,-0.009787918704633358
2022-09-06,-0.010973981041106362,-0.008215126110989845,-0.013336317930234265,-0.010979542799969155,-0.011102881466853787,-0.0040382012089529296,-0.009643031342062458,-0.011041561877738082,0.015580556255471167,-0.00040446329954102467,-0.01894312915669616,-0.03414267922632386,-0.006738597976069127,0.000434544298815176,-0.0027726370579519433,-0.002691162401303626,-0.0004929713166353933,-0.01408777723212351,-0.027546403648864293,-0.0030947669393046606,-0.028523397397706374,-0.010412066752353843,0.0006135343773965296,-0.0006188633061277038,-0.0067265435729571,-0.006902420088531813,-0.019527822706583486,-0.008019296989789648,-0.01254689193970393,-0.006618331243194886,-0.011453316230902955,0.019049845130838516,-0.001425680744640223,-0.0026913082293769097,-0.012020410797609626,-0.01392994311031881,-0.006737704594671934,-0.01606086558761677,-0.01128391521622929,0.005843470476811996,-0.002081172911561513,-0.07715749420212537,0.002360084114721328,-0.012059914814738226,-0.007538434762326962,0.00800256087809359,0.000527961623688844,0.005322074234270557,0.019369588176275654,0.006873512175805674,0.0041632565117635245,-0.010099140315367072,0.0022626648899559676,-0.014641568914350978,-0.009977052444454682,0.014678702921991249,0.008578280988677855,0.0005154429364884194,-0.002566861741196025,0.00036583877191320724,0.021605001743300933,0.0,-0.007666760197101885,-0.011627906976744207,0.04341593260935728,-0.0008449141426206674,0.004649334629829749,0.003216267152717611,-0.003368376848242316,-0.006107598720148655,0.005872614354935912,-0.006872908370229913,,-0.0249054730156979,-0.06126870927631256,0.07490474826226512,-0.004613590140594481,-0.02023831678149879,-0.04755519387507756,-0.004310400034339246,-0.004787349121161744,0.001045786171321561,-0.0017648099971137032,0.0051631757696588565,-0.015427266076107893,0.010391287138328487,-0.0068356697762329555,-0.021626411469021778,-0.011832028317980803,-0.013775948611009281,0.00040315519178180104,-0.0006201511915566726,0.017622675171745428,0.012666537592223914,-0.02805568364511024,0.007586626879509284,0.025246069073975974,-0.032924984024495285,0.0014176137343808737,-0.01153215316009093
2022-09-07,0.019111535391473256,0.00925391798269981,0.018492429305851488,0.026722663554652915,0.011669018429796063,0.01391006123239813,0.024716781668309595,0.02791216883420833,0.03381677109982606,0.020697609807404538,0.011305886380174046,0.048399685671320025,0.0220636281892701,0.031007368466582363,0.03210075847652338,0.012367870968361672,0.025297697450832768,0.015236504006230334,0.009552009300020758,0.039473680374944475,0.0069084010412783226,0.018274465712128984,0.01667689220671642,0.01061015627313111,0.0423627876230781,0.01880382607546105,-0.004164395150147326,0.012278540899961055,0.031738147153095086,0.01884092665527648,0.03914844484068558,0.044841470256237415,0.015033181490846648,0.01666330224581003,0.023666636149088482,0.021900965109908244,0.0220855267291189,0.017830902163044282,0.0159410769718471,0.014385382735111918,0.018293361526904528,0.02686882080050923,0.034688156399343306,0.03432441526499841,0.0047327656808022756,0.012702433199035523,0.020844351892646884,0.036620678220420366,0.03515051072032782,0.023857565260418934,0.020039154795217007,0.01598760388316478,0.020995605454789068,0.03703699630281476,0.024992397900244212,0.007780201471287773,0.03671051031919781,0.020350358622817533,0.04041785276846399,0.0772888462956467,0.016112773665144076,0.015284207395586336,0.062499978005666534,0.020078412224264763,0.02763795377221334,-0.029485253726734828,0.031311543733950176,-0.002938835411560259,0.015904557638066752,0.03789535970831426,0.01883069569964646,0.02049508820916368,,0.013979818118309284,0.03705405902199943,0.02454071944192071,-0.009766597485154072,0.03581545176743206,0.03563306455411297,0.027796792838207907,0.006574197648962388,-0.018207501549391658,0.02330435422363375,0.02184573604357265,-0.02169542070793673,0.025175407824622686,0.03071547410010833,0.019833421620998548,0.025035921303792952,0.035273190580230596,0.03412145126575794,0.01847899025806843,0.014770779445608673,0.03477693329114584,0.03659666686498819,0.008784431209579058,0.02352997526120859,0.0039588432527164485,0.02151761446197975,0.029999971389770508
2022-09-08,0.0016660571191542406,-0.009617850316921195,0.02012537931398195,0.0026259778181887405,0.010412109079745324,0.013461856803668404,-0.009776150979065035,-0.009594543408581013,0.01959815762903916,-0.0009818358070908806,0.03981909489563695,-0.006638732651508383,-0.0033477739166215548,0.01029707060344398,-0.006717220027125603,0.007774288550917552,-0.0008935043492268591,0.0019440123494143258,0.003262655227221245,0.008614946188485684,-0.01743855398325611,0.02012180144654785,0.015619323504349802,0.00269620360395173,0.018542247605859874,-0.006716320473149184,0.007090897993607959,0.016574082551179092,0.017928419575842458,0.015996300639555816,0.18846819912213109,0.013022325418091896,0.0009101490137022328,0.009489103938478793,-0.007652188538219362,0.039281240678371576,0.004784651245767435,0.013425954182942679,0.005180102326344915,0.012733925101713561,0.005559113766956614,-0.0032159217793606976,0.0392591732362535,0.011421241898851742,0.046028105240208284,0.010034484194066495,0.02162489999853423,0.012635536830767125,0.002802522712322064,0.0058392921974064205,-0.025290707008307933,0.013041816853430754,0.010724170850532788,0.029726331356722868,0.003047857254784736,0.034861270644805264,0.010918727827374797,-0.01582096148988854,0.01760514496256449,0.0364376314499224,0.024975189345463722,0.0035521465318677503,0.0013023957822546617,0.010918023955102552,0.026479097447166033,-0.015910341814663997,-0.007256010333554053,-0.03376201317890015,-0.008219142494847897,0.028955734023142332,0.010734477923124874,0.0031298625823470427,,-0.016494806439478316,0.04729433040381159,0.006276391260214398,0.008358408601651268,0.0355419600132858,0.02373976759948948,0.0057636514745145195,0.012664247704041509,0.004712283063568412,0.010680074206558476,0.007453592370376461,-0.018891210867140185,-0.0015151956061320027,0.03642795447897207,0.0473575180003194,0.0208139036334416,0.020458824210041415,-0.005066341933432028,0.044275898645117495,0.007528873339351039,-0.010899927416266442,0.0032426240168546006,0.0,0.007582005145048587,-0.01104103627391928,-0.003326018306316847,0.0016181600581894884
2022-09-09,0.02297695611108863,0.01883975318420772,0.028377422401037578,0.02657523304266962,0.04374920674256577,0.020452077213831465,0.02094486372013038,0.021568274994007153,0.03602289482946186,0.01409892281807279,0.03225414602945209,0.026952184387140754,0.003185284401402866,0.029064446874770278,0.010989380708475105,0.008816432340662761,0.002270082149955721,0.02483505468887115,0.02308940112106206,0.025031865024780497,0.03084089049265759,0.029000972322763108,0.01383529351219237,0.009126117421123459,0.03044980250531726,0.020604807615128173,0.03701027730005113,0.026459593360710354,0.03935426123387331,0.010796204791235553,0.021824126784364628,-0.008607161311720346,0.00975448700726167,0.013475236489658204,0.006234635986194892,0.02158995462391,0.002764981711133707,0.03201459757910996,0.019235326948439768,0.03780424650440195,0.016526980903248667,0.02302389849851183,0.052518062480751526,0.01856967896617001,0.0610701910234972,0.013039490704147338,0.04132232627943555,0.0006239491435038325,0.004564594862977556,-0.0104578323506761,0.02490445416169318,0.016258703481558667,0.011047934330122855,0.03302180897612894,0.005097081842496687,0.020048970769876995,0.014202201078932442,-0.007182525522103078,0.00886467108300315,0.014193723154676041,0.03635662543803364,0.083937225246004,0.013548666497473771,0.018557974754293216,0.008270873307176352,0.0346832312262797,0.007020539565027573,0.011092559510491595,0.01026046674491754,0.025154109792366652,0.012776478728989016,0.005980227449594144,,0.025258265533837143,0.007078142756514083,-0.001782069679215792,0.008786451955873353,0.03867056821512915,0.027071218126487606,0.010359295388319367,0.01407891532740213,0.02140859201745693,0.018026475363101646,0.0069397035422775755,0.05692761176632155,0.0049188234044745816,0.018559480188701905,0.015875195871583925,0.07743835213210337,0.015379719221044974,0.005092140458166083,0.21880064829821722,-0.0006642463420208911,0.020415367614373015,0.08537037134077408,0.05971136870880245,0.01466407110473611,0.0390749419943186,0.007786501699746928,0.012924058637566072
2022-09-12,0.008281034985128333,0.038507960517385253,0.008201904320696896,0.023861278411006825,-0.0011231876409848462,0.012748799451151038,0.0018978678859171705,0.0008051884797641851,0.01581694096302666,0.005479150075978323,-0.009479199385862724,0.012672823403089506,0.003925601379686228,0.00400219508878652,0.0260600321155966,0.013764497745561544,-0.0037749009147418633,0.007194221327430306,0.0031786517603265008,0.01186586750300056,0.0073383663362605045,-0.002175930782554847,-0.0009371187592926988,-0.0406556874519024,0.003162827241446564,0.0017736779882120413,0.008704735584159629,-0.0077199764757796,0.016299559579946443,0.004690102028236831,-0.01874864279948718,0.004284555676599799,-0.0014326897222407542,0.009534318916426088,0.009293978115219925,-0.003345727722156022,0.04181990514680267,0.00586078852197125,-0.0018225502102894309,0.00784429675804632,0.0019464827738502333,0.025802685883641097,0.03194679640699749,0.008745985240251164,0.022215265008932894,0.0064357670119066235,0.010608985446874719,0.014756293457439673,-0.0056566649052526286,0.008876263079445446,0.010736855025748282,0.005531152241859516,0.012225438166039826,0.0102532831588944,-0.002194250752020621,0.00708484861218861,-0.0012356242973132758,0.007665139824046152,0.016439961766524958,0.013887403638750628,0.0419854449261714,0.024257584313650993,0.015720256519313747,0.006869759419983801,0.011730951984771698,0.026823881937088956,0.00448859922464484,0.007405388495433485,-0.008398443335317918,0.006575231665390424,0.003942284891440995,0.008270863431959707,,0.0013303652042322422,-0.013775593701813582,0.0002550914680952143,0.014790493811789762,0.008223730178603006,0.03829320110466106,0.005890062322533085,0.014891906746342665,0.017404760556698262,0.01236448682919189,0.012587522713928045,0.008316795424659684,0.004113770946371442,0.004909405980459969,0.00320919998339364,0.022631661201482522,0.01012374713426012,0.005585870179584118,0.02978726650806185,0.0026586880458747686,0.00899967517634237,0.03674059923687878,0.013773630643680201,0.01017351712647585,0.021488924971885703,0.010761572063617386,-0.0015948567902865918
2022-09-13,-0.054978393920426805,-0.05867953721882391,-0.09472599244455893,-0.0705752837581286,-0.09369082150820873,-0.04802858613270078,-0.0589933328479223,-0.05863953720327153,-0.04037188096320543,-0.0541593095352948,-0.08991021579901237,-0.07779137526505964,-0.03732024417573143,-0.07056708985978055,-0.030321628797832734,-0.04935346638405025,-0.051050559523997285,-0.06067668943476856,-0.07192644451292474,-0.05722818331912127,-0.062482477670018355,-0.06137075259419211,-0.0464884971828311,-0.04528236145080888,-0.047833574324878336,-0.03671302971709378,-0.07455988604101904,-0.05995970833572695,-0.04595389701049235,-0.04364862027755101,-0.01315526875426587,-0.01380940115805418,-0.03644189178462909,-0.047542526094834114,-0.032633286073816326,-0.046969000161095065,-0.04278787782244675,-0.03379802427046741,-0.0469725890025634,-0.06699936043210664,-0.046280458837756666,-0.052263806475219554,-0.057993418015010345,-0.036023897548289496,-0.053306042183081326,-0.038976878218578204,-0.026043753314818785,-0.027035323588282756,-0.047259305776510496,-0.04363365178310641,-0.03768309283528559,-0.08049920163694213,-0.04307395130887015,-0.044378100343011484,-0.03442798221590149,-0.019857030007250254,-0.05678939257524851,-0.05854699550530851,-0.03169737501459147,-0.05319603015498331,-0.0710960102051349,-0.05768943211339084,-0.05390611250392496,-0.06318597504049506,-0.043714870264385364,-0.05579707933508826,-0.028332414416117335,-0.045466871488113125,-0.05416584548364867,-0.06946547682227233,-0.04123144525644362,-0.03383747120275038,,-0.0481239930400853,-0.0642816690539334,-0.022947513969066913,-0.04469632909365506,-0.05309212242106265,-0.07433664318040001,-0.04532639611630562,-0.02491409716134063,-0.019363678371329462,-0.05262361097450219,-0.029980885744473218,-0.0361350432846792,-0.03412333023167036,-0.04213641964937476,-0.06995825692001456,-0.06000987248633949,-0.04842788719540059,-0.03009949258270317,-0.06394630419687619,-0.057341714877742866,-0.04974271012006859,-0.09547237321579938,-0.01945342576558684,-0.06292065523244894,-0.027047377836366016,-0.05159703342988975,-0.03993610077625431
2022-09-14,0.0009127176575474127,0.009555390377639084,-0.00022845769442259023,0.01364140798846103,-0.010840485921617682,0.014097103523394328,0.006518407852425634,0.005317683040270582,0.03587437200418364,-0.004507128841833019,0.005452397450357971,0.02746064319575403,0.007586099909747013,0.008496360489633092,0.0034667021447687407,-0.003400623981032247,0.030419536921138857,0.020811642261825636,-0.0037555686894242823,0.01753977038065413,0.03018536054590526,0.0027657926948567724,0.016046730453692204,0.005554061991739356,-0.0029328057478141822,-0.02708398001162926,-0.009511345238575442,0.003044137047785833,0.024250288874735126,0.014928463046897322,-0.005375068724266963,0.05532787810756257,-0.0024674629332033238,0.013490725126475533,0.0060120341337677186,0.017406342618495607,0.0012289068038380258,-0.0049191578609907305,-0.0007416033040954506,0.014858840817891794,0.0018571624849887947,0.030227116794196318,0.017406496716620312,0.029516013802882934,-0.003194349472869562,-0.01045627152377393,0.04327795044107563,0.027891816296132577,-0.01407106449168194,-0.00898401573395946,0.0038345553462997284,0.025665702187436468,-0.006701647294781843,0.008121603205553107,0.0025811397095250044,0.01933324671729797,0.0001249408056003265,0.005537908324116048,0.000864010452790609,0.015700365084974077,0.001349521809633103,0.03963265823372941,-0.004451385746294223,0.04005703926704185,0.01660146443117183,-0.0033384309163904113,0.010958931311409348,-0.002852318451263436,-0.002082513283320764,0.00011416986490342396,-0.007617957824597621,0.0013266928516781906,,-0.004600866472329379,0.06169071330130582,-0.034838180978716715,-0.004577054586900164,-0.0037587763430692034,0.004139517098710854,0.007496547317714208,-0.005251181034373498,0.04053144668514119,-0.01273281916987623,-0.002377522002696364,0.03463726334187989,-0.0018254836933724317,0.0009808098899042328,0.025422414811087757,0.026797965413001945,-0.007075070532643779,0.0030633420608672246,0.009711921945594115,0.025316431077146984,-0.0035379457990184493,-0.018656704439519056,0.00897502006905615,-0.011349912425951292,-0.018532801131507015,0.000863522678396178,0.0
2022-09-15,-0.027119167016042223,-0.018929898188280392,-0.015158481959689718,-0.0176585314552421,-0.012675765190941823,-0.020773343811184564,-0.019904727027529767,-0.018607737504443667,0.003767273730617582,-0.008858267716535417,-0.010200042830998957,0.050240987020088834,-0.016599406654887572,-0.1679317021312774,-0.012806690630335904,-0.015241086963124317,-0.0064115299815384885,-0.019995259521458197,-0.011651821419877861,-0.03369655101204927,-0.013635079897265423,-0.018976183056986673,-0.015672252353750915,-0.002016445138190659,-0.005503385846984399,-0.017280661161621413,-0.007908152491354237,-0.019726875786166276,-0.005392951704922155,0.009864593908140096,0.011797225604704087,-0.005177947608855482,-0.016078083769894502,-0.015840298720881885,-0.011122210573942803,-0.026687055742545374,-0.0027615879768796425,-0.013402188696728712,-0.02297675352683437,-0.026040602485028264,-0.024995472000080343,-0.02046658435612747,0.005675145116828428,-0.00018456244946474243,-0.02851556125466015,-0.03394170609925273,-0.013880142696148567,-0.012901925957221061,-0.010722547512100555,-0.0008122616720231957,-0.008681560235444419,0.0014424316835435214,-0.017541859363998658,-0.035943021771354444,-0.030768071799613494,-0.014196478781099198,-0.03622058873977063,-0.0013542932736170243,-0.03462498116616752,0.004526925731377807,-0.02156332232378677,-0.0018595245538111094,0.0011178009741166228,-0.016593148527546675,-0.012597711288522162,-0.01297511066190582,-0.03029420501996738,-0.010011398263352511,-0.014398970222752272,-0.0017976000245902846,-0.018076784265978252,-0.013513569516385604,,-0.023655541788266232,-0.025394501012399928,-0.020008156448689696,-0.009877415173659698,-0.013048291512193666,-0.01721115314804722,-0.025028113502686966,-0.019776194004469172,-0.039523388446188856,0.00016124675846040937,-0.013717744143517008,-0.04174869993791919,-0.010381409803412733,0.012787225528131163,-0.00612510093064822,-0.010486394560260015,-0.022469647982825136,-0.025627411601948036,-0.03820084379487709,0.002914986017355403,-0.000507152149956891,-0.055416215842550964,0.0021066557893030247,0.025957536292331218,0.036191977715685164,-0.015530655979809405,-0.011647282694763006
2022-09-16,-0.0026081969879904188,-0.010960151095764759,0.020805960098187803,-0.021777003694830932,-0.021798794377133834,0.004718649343067316,-0.001068901043991155,-0.0025986936332593746,-0.0013168523341049454,0.0012711313772344468,-0.001956711697276514,0.020180133832373937,0.006570992921423269,-0.031151957851723644,0.001625986090499687,0.00023096145349388308,-0.007587627937887587,-0.00024008967743194276,0.01386961221962335,0.0020847268383203943,0.015294131110696219,-0.0005622517250651882,0.015921782547760888,0.01528593372380005,-0.015933577023620304,0.0027705840295886297,0.003036626524621111,-0.010207046235931605,-0.041047270531370805,0.007091382250921319,0.006304473133029731,-0.009867747235564828,0.012699894198412887,0.009738300459569471,0.012254482893673035,-0.005424432806868329,0.009230745755709036,-0.030787211499972433,-0.0054757579697397585,0.003436070277005765,0.007482374718606133,-0.04047346834670895,-0.048323678818757654,-0.04670479720908094,-0.04388910922916156,-0.02253895603103062,-0.050303909704676464,-0.024896280994711528,0.014451612369722033,0.006735689870841499,-0.005838437729154933,0.001628317745185015,-0.0014879807568460857,-0.00685664682620768,-0.0049479007720947266,-0.014170545088577402,-0.013218483254831215,-0.004610813971758887,-0.031445612196176365,-0.009782446539942202,-0.007870947034256726,-0.08197488423836596,0.007704359761229629,0.01702784055887796,-0.015829934354761876,-0.009088729542055307,0.0016967578081927837,0.0028892942027625157,0.002752510467398661,-0.02080950964870676,0.009835223419214278,-0.0016116404520216676,,0.004202091947514974,0.013837810057165889,-0.02814182612284133,-0.0015479902568404924,-0.014176479881390702,-0.04309983833940345,-0.000693861998832479,-0.0214613432983366,-0.01492987961617176,0.0025789788048191653,0.006777517709296577,-0.02178383429130626,0.0024459015039255405,0.007449657880413074,0.01159208947673096,-0.039503363190616536,-0.002940532052399747,0.007086458052936395,-0.036933915546996654,-0.01504532471981801,0.028853093062903623,-0.05541282204803499,-0.0330140191246352,-0.010348053301276083,-0.03264998501782723,0.0011685923477149363,0.0050504600475087535
2022-09-19,-0.0008989180998824065,0.025082938658552933,0.013941594607096652,0.009147615105472573,0.011825901057664012,-0.0013134401236007953,0.002626426411003857,0.002122949209051317,0.018856110452001085,0.004820074989436929,0.003398176703393707,0.01457543800787442,0.010540782739227206,-0.011485817834411494,0.006281865432292921,0.0,0.00543058079455383,0.013605479144916721,0.0068399714262994404,0.001631211445404901,-0.0017381625867713968,0.009564514997765006,0.0059905937678288446,-0.0016440463953272255,-0.019730425099450666,0.0072173596574323096,-0.014191107316062657,0.0,0.014143750034966374,-0.015774315492840807,0.007095648527547294,0.009089933777756132,0.008902593034105566,0.0020092629874974843,0.0013267302166981576,-0.0035168023129801274,0.0033536772228723866,0.007237691953186465,0.009897889798915704,0.00826107084336547,0.017775601710596778,0.0018273602851839321,0.015221236258274207,0.01575008049474258,0.025612566654034996,0.01322480137929305,0.0002526212993421151,0.010957433822307072,0.008681052314178705,0.0025522624134122207,0.02525254392127363,0.019757431623568023,0.006992212577814572,-0.004314928906715143,0.000654278974107747,0.044291234416780956,0.01779504125904996,0.008991806335058472,0.009847659419009336,-0.023864957086030203,0.006346757658523217,-0.004227972188128537,0.005429339210742734,0.018112671182370477,0.01152321585170446,0.016730307524397636,0.007473096805886703,-0.002880970232172264,0.022592898670494188,-0.008436432016161066,0.011321074181684931,0.016142112412576015,,-0.014433979244845463,-0.07143896888964119,0.022995071919906573,-0.0010335496878947081,0.01841976734352846,0.027945238923373195,0.004165709534589279,0.009774950404861205,-0.012743194869769825,0.016237914938016962,-0.0008781194969592621,0.015966431945237725,-0.000975940372657691,0.0048016903216003826,0.017696564802706982,-0.005269653402471319,0.0028661093581174857,0.008524996487278225,0.02997227958234716,0.005207415967404927,0.0069757997881703115,0.0034454370320389227,0.00716643346607837,-0.005353248439462832,0.03296703954784164,-0.003501573687828219,0.008375241623460372
2022-09-20,-0.008465594994478298,0.01566544689199456,-0.015393907522302075,-0.019813903001303146,-0.013038831771803872,-0.01749561382784892,-0.018725141271856427,-0.019451099400543348,-0.0011000625419275156,-0.013917164870826393,-0.019799357946223006,-0.0032015710859262247,0.0011260738826370797,-0.016888468692939362,-0.012660502502925053,-0.01662811590512947,-0.007604344205558888,-0.014844096803491524,-0.016304396768935914,-0.01385445746504077,-0.01799184411946575,-0.017833241778332565,-0.0011428718280075412,-0.01321714276985908,-0.013154658888238635,-0.009069083198196992,-0.024952001442116734,-0.014222196634714024,-0.0033421013164547375,0.006312645368935721,-0.015545133411904666,-0.014651600641021556,-0.00924829426133078,0.0011362754378168027,-0.010433936021374435,-0.013309442577529085,-0.01883922621572176,-0.0018819607617228673,-0.0033404687196755267,-0.019422203266730276,-0.0011962255237856212,0.004711925129652794,-0.029375172930766857,-0.002224238066586559,-0.008666424982898158,-0.013721548156883867,-0.017427173902152093,-0.03577819182945863,-0.004511564227178466,0.008327548301939602,-0.008592049587831108,-0.013488731604552773,-0.001707473289519701,-0.018634898849771653,-0.009964685491759218,-0.018017016555000542,-0.015161329700100756,-0.009001710621705405,-0.009751628700783388,-0.0064816884125515895,0.0005912254297304465,-0.020720129051828073,-0.026889958887534315,-0.022723825040154355,-0.016346207035538796,-0.018197293520426205,-0.013351779902797123,-0.019358623860936452,-0.013627913344067766,-0.004916575975846826,-0.011935113784989237,-0.009001857253565504,,-0.024695677104296543,0.014112590177026485,-0.017899277382957823,-0.010174170296790574,-0.02316355882513854,-0.0024520612947813714,-0.014058553098230564,-0.01944195382506486,-0.0010692690558313789,-0.019775352287689896,-0.014237126670125888,-0.04880067370897423,-0.0104206142140858,-0.024180434346845248,-0.023945271058802398,-0.026612005652357773,-0.00861527828093367,-0.014088225406692856,-0.010826685966319971,-0.01882231316629157,-0.0020293089181325774,-0.015541711838446326,-0.027102649024800196,-0.020673007699928414,0.0037994066348485678,-0.004685207621172749,-0.0033222559783855354
2022-09-21,-0.014435966360301422,-0.02026764053209118,0.006451169846333871,-0.02987152347123645,-0.02717503812869526,-0.022147371444098063,-0.018390356155587706,-0.017872922145712677,-0.025685948599634356,-0.0129123595277717,-0.01023251352912169,-0.0246242982747924,-0.0028415565518713493,-0.016354050043124735,-0.01776009669193268,-0.023250390697371115,-0.020552815308879535,-0.001202163184419014,-0.016919882134281083,-0.021875483433575926,-0.03368792507411544,-0.011688678808301045,-0.01662046577991838,-0.014272539212929036,-0.022600900509408772,-0.015309821700341675,-0.013779542784496224,-0.011774913415637966,-0.04741570758630598,-0.0227922509558679,-0.02781796403864123,-0.024121625942529423,-0.013359575262832601,-0.008946430423364626,0.0,-0.021339826235737602,-0.01672347166975996,-0.02228321940389244,-0.009960236251168597,-0.015239367385840641,-0.005689036324213692,-0.05461417366095178,-0.020084137389584367,-0.056302125005843195,-0.02657154912826476,-0.011197825972005138,-0.02313423844933782,-0.004911022173204382,-0.015172422813077291,-0.008044866546158214,-0.012479799438784633,-0.010751993742473709,-0.007525610669112726,0.0037535474830832083,-0.016220252839427074,-0.005356139267272075,-0.010940047400707864,-0.020074476864270885,-0.013078950791364341,-0.03330666785658554,-0.01910579499620224,-0.008498121397216618,-0.005096314406387359,-0.009790413993548408,-0.04056462258324667,-0.007808169860564207,-0.011928652926261996,0.014731880383946905,-0.007954805620134286,-0.013372748561159442,-0.017744062289010265,-0.007213477305965665,,-0.027304798576754497,-0.030415170110114298,-0.015964923324475855,-0.016724788739545637,0.0009745228778368364,0.010045981024602302,-0.01589528575453969,-0.025302829173655006,-0.015215156636803617,-0.030342112349854733,-0.01693911502832468,0.000869585120159666,-0.011078836462320996,-0.023800199231067576,-0.002044494920848905,-0.01228793468960665,-0.016419502128070307,-0.01333700751445488,-0.004632776389276172,-0.00932768007996232,-0.00525872967099561,-0.03873330619103499,-0.03098039441881184,0.017822297252657826,-0.07494320728685144,-0.016475473540378927,-0.015000025431315067
2022-09-22,0.008495496150755733,-0.006375199842290069,-0.05278636579278906,-0.010376272544574294,0.004925501203782323,-0.009395671712040254,0.00866237531150027,0.005599415524768503,-0.040591728559117746,-0.011965834078009219,-0.06686362959823888,0.0007599440126693224,0.0009499148645824018,0.0026545923787275605,-0.008895929794009327,-0.010579433159285667,-0.012575865811020215,-0.007542949933308618,-0.014049864003426449,-0.029289423106648838,-0.007033624980736897,-0.023538816265529894,-0.004164163636633744,0.014657369632563366,-0.020303484369324387,-0.006024113788718699,-0.008782407986225094,-0.029650087809327763,-0.04766701579934607,0.0211840319925225,0.005302141093617152,-0.0440180766709386,0.0002170082985641919,-0.020883899572416764,0.000836807314820831,-0.030322673826189472,0.00425197571281366,-0.028868645291996398,-0.01960967205809594,-0.030510868884904285,-0.022404156301689904,0.015522441669898468,-0.04225352112676062,-0.05439696064113897,-0.04709011060976731,-0.01956073118610646,-0.09025524710745847,-0.03860492028169682,-0.027686093001221157,-0.002688976801234033,-0.0065527671944772825,-0.02538162551113876,-0.0031020711123725953,-0.04267484966517765,0.008512388506148882,-0.021769037035431205,-0.003245398385487097,-0.025954722781331596,-0.02738802786929584,-0.04143973523489475,-0.0212850918641162,-0.05544863163328295,-0.014342654047986625,-0.021937307430874298,-0.03715581386157307,-0.02869634755784789,0.003144948357040711,-0.005226489905728049,0.004220315794794871,-0.022190308774956424,-0.0025443392624897587,-0.0013455123053244256,,-0.05401809305203187,-0.011450400898104007,0.006460831850448434,-0.00230328236323607,-0.0387798044495723,-0.05364511247726056,-0.009976203899472513,-0.0005957928002124913,-0.017546600020826864,-0.004660495763324168,-0.01668678723509076,-0.002172073997171342,-0.0291165219404651,0.006421183920999107,-0.04945855186626569,-0.04997847807933431,-0.014357339686949189,-0.0006896972656249556,-0.054223918195563936,-0.02540416205218643,-0.017903667960478375,-0.053757325526140765,-0.026967438556263823,-0.023616050456797377,-0.017184945463019408,-0.00329047590031073,-0.006768183229402758
2022-09-23,-0.012698139317976809,-0.015123823060790742,-0.0035824930025921686,-0.03009120154088929,-0.016874412116772763,-0.018697248695937585,-0.013980442724304876,-0.013920667496541306,-0.04594757245188685,-0.042634027051689616,-0.02215828655435026,-0.04488504219645717,-0.00047450669133175527,-0.008708980774967512,-0.01795166671380466,-0.01190769526845914,-0.02014069721761269,-0.02013258293681719,-0.019593845494838447,-0.006906784032146729,-0.019402557574082935,-0.008819379020762241,-0.00817858732621568,-0.003424802543564809,-0.002930696845444225,-0.010793622610028808,0.00886022207130388,-0.016208642637120296,-0.02946678007811432,-0.010092841265001318,0.013178169871161494,-0.00625736479802641,-0.0008244128971227616,-0.023531018681150928,-0.014214021487717887,-0.017472134323740396,-0.014270030435625025,-0.02774091680553037,-0.01202072654243902,-0.0111100893378141,-0.008316942105720315,-0.05373463436192305,-0.04116469439338233,-0.018771000437910135,-0.0055183494319488435,-0.031151536547256997,-0.018993455433067408,-0.007871348535027467,0.0028809467459336435,-0.007685012268017211,-0.012838613364246299,-0.014117207325949677,0.0036879071937798713,-0.0052849158965323495,0.006470145720884224,-0.017919873840656853,0.0049837196665798444,0.010087528931508771,-0.013839147327587953,-0.00370547709678537,-0.0030775855706458577,-0.03685188293457031,-0.02482958756684417,-0.017848697577061756,-0.042768449585417256,0.014935730516228762,-0.011529120361186362,-0.00992411468900134,0.0027316887518051836,0.024901944213512994,-0.0220219705283905,-0.0008083745298701484,,-0.03683072256463171,-0.0054697579379425765,-0.007560610425584202,-0.030722775706713112,-0.02599596340131638,-0.02415030862196621,-0.00023997447594137356,-0.01515924720707107,-0.08961596242484027,-0.015886300586283264,-0.016785512406444436,-0.05398344833198332,0.0007997223329194725,-0.014156098130855388,-0.025400211429129183,-0.014182812307700798,-0.010774004793721925,-0.012284326116455802,-0.023806564808741326,-0.029347440620475895,0.014067260671213777,-0.017507574541533844,-0.03817323805965489,-0.016073184774711424,-0.018318090161209888,-0.014705818375071789,-0.010221455527988699
2022-09-26,-0.0019754590800281635,0.0022602646628622214,-0.023010584839766923,0.012040804722097675,-0.028772939531032105,-0.013698009325090577,-0.0057727335138354485,-0.0036301363012860577,0.0024698479153155706,0.029802731728957532,-0.024426074971712564,-0.010335216200883068,-0.00041542441516650985,-0.026707921593760564,-0.01820543937433239,-0.001967486882873515,-7.552714197567312e-05,-0.011964721086112462,-0.019985506368478956,0.004644989635239849,-0.02983670723576426,-0.016016116496119337,-0.0051459272541056755,-0.0004406137506179908,-0.013594433857852195,-0.007643817955831578,-0.02435124637051722,-0.023964670947275057,-0.0003772755413384843,-0.023531533393840953,-0.016104342604915223,0.007603652175016462,-0.007121762195336112,-0.007750781136687368,-0.01017815574305414,-0.013101426200689548,-0.00827235845871177,0.009902771382041875,0.00019782893311548477,-0.012220885291023276,0.00875941884460918,0.010158211791867933,-0.018932273825960078,-0.009164929778824105,-0.006484152940273269,-0.009031791807937672,0.014545487537430901,-0.03116015920932913,-0.007027676136881267,0.00797697047524104,-0.009664734261454977,-0.006473162530145404,0.009415631630495191,-0.015708022425379053,-0.002460298084077328,-0.011091238188427721,-0.02823329884535042,0.004428125338287625,-0.0030883835769922596,-0.003843356978843193,-0.006174094178194145,-0.02461062912141898,-0.017882544914399667,-0.011579305518967575,0.004979506801818356,-0.0006047409475571364,-0.021587892945245324,0.004127453181111296,-0.008801382499972865,-0.008916848825493373,-0.008520220449842464,0.00539366068948488,,-0.04806314518145127,-0.03194756525187181,0.0002874319843915174,-0.028581922333381304,-0.004332755575292335,-0.009967863535234933,-0.026157820633237905,-0.007090969380423751,-0.03463539904052415,-0.002718774028217963,-0.010068166928152267,-0.0589046850557432,-0.010159810561085392,-0.010263923510092421,-0.009635138163318846,-0.018155897189594206,0.0007842116399556787,-0.02249861186808011,0.006742655800416664,-0.00845071855285362,-0.021657567442846526,-0.025881956538347795,-0.007158398977511804,-0.03288165566272738,-0.032230713797321675,-0.004264489690441353,0.0
2022-09-27,-0.004379841227622805,0.0065662280713738586,0.015129199317871711,-0.006426381710496365,-0.014446001989002255,0.005386557741902553,-0.006824877064704471,-0.007286724405353495,0.02510775852537339,-0.004164064232418996,0.013122097694449941,0.0012942084020786115,-0.014485025144618802,0.002202541478773634,0.003595126611281918,-0.0014785946422776197,0.0027205662910858575,0.005010844202650855,-0.002966256052755689,0.01255685036378229,-0.020394923056480274,0.014588847948581618,0.0015580206253249518,-0.0038788277117425274,-0.008247687188722486,0.0,0.03477906558493049,0.014161128933480427,-5.3895953459615065e-05,0.028759272672102876,0.012986495404081921,-0.006249248845110578,-0.004461180349824345,0.007030181670816704,-0.013196172462762057,0.015844772021422315,0.004651923561397542,0.0030030367019844295,0.009065734928462188,0.005756623570442709,0.004618795279266452,0.005440188458371242,0.006390836742219852,0.018058959279353193,0.02026981866220212,-0.00765588733083844,0.030417507386795384,0.01768333522423271,-0.009350368524493446,-0.0007639512830827089,-0.0004818927921592664,0.010266519183446343,-0.006370210040494539,0.018540269988529978,-0.026971154507629214,0.012662844608588575,0.015037024132288135,0.020823573848545385,0.02157726562408646,-0.008836329781653052,0.004348707403008856,0.00827916395490802,0.017725807491783874,0.017084270301035875,0.015373646653759954,0.007543953043213536,-0.02896577143807666,-0.032589564462613185,-0.008033849349779576,-0.004498491120354053,-0.006313584837976727,-0.035139420640787344,,0.002253437014691384,0.021221496062470147,0.006035433545656943,0.004149400580982343,0.03289816126282208,0.015391669312512235,-0.01059635992541319,0.002786968260535927,0.020501742631658937,-0.01226780410381878,-0.0036008042528741235,0.015158897524550685,-0.013781567379098414,0.010421421640525175,0.02535885379969094,0.00458778018228978,-0.009359193300799151,-0.022587480637479285,0.02159496948958406,0.0015151862161113527,-0.015843178102406208,0.02504085581140325,0.0030117900152761834,0.014772981169002941,-0.007887831182425753,-0.007953451589342464,0.0017212098072847404
2022-09-28,0.019711533310450502,-0.012651543479456517,0.02602113452350574,0.0314657666190894,0.05364588572392637,0.0026035319097970078,0.026153877453926277,0.027016022273570472,0.017212112374233923,0.020886516844899727,0.017716279199727847,0.09288641594400637,0.01602315372644525,0.013798272404092815,0.02356711807057099,0.020236912279380403,0.02140497251623752,-0.011716769782474157,0.008925242713488268,0.021259125595253447,0.029742221140873104,0.021984532864828932,0.013004767908520565,0.022080579287060198,0.032299543169649336,0.02210851028934191,0.0083036408410615,0.013140381016851777,0.034580249659219575,0.026936902756163672,0.014978162901627456,0.033578569910348355,0.019022941410860916,0.019533208660527768,0.009725556456855244,0.023704512104705477,0.02075681326664336,0.01918611340209453,0.023097805902856816,0.018324914687210203,0.02353948521395033,0.032628263797410684,0.07524635276847214,0.03706385145587876,0.028724308748613092,0.015062448852118715,0.040612950862813024,0.06262393873565042,0.028733056211369234,0.03525729216423912,0.028567948363088735,0.019086756819861828,0.02346883901051422,0.02649764218316708,0.009893717479419362,0.012504411183745567,0.051414491247522065,0.02177703829194666,0.016067189326446574,0.046333531764013,0.030309303519651998,0.030303014483320068,0.030924177288685017,0.02223649402765826,0.033924909969116346,0.025745716419544484,0.007538196679315545,0.02033378310870604,0.01427966772782252,0.01304093546142826,0.03582772299265358,0.016680524152324905,,0.046237972063325916,-0.0006545187667308383,0.03170977221773663,0.027235103353286494,0.06100436337337789,0.02302261592936583,-0.01170613207574056,0.027879095896202077,0.052075105941966626,0.022252838945419517,0.023648076379658933,0.025048191330953484,0.015786686356271007,0.3985034366799578,0.01882095298244768,0.01654318986132064,0.020301423599311974,0.00789821403882196,0.034127760776303084,-0.0081316243663061,0.014187062847841547,0.03533221060958258,0.03903549459475797,0.07733888477556006,0.0415194593374153,0.023743461317229153,0.022336706833231856
2022-09-29,-0.014809006577982897,-0.049119065604851575,-0.040515103936722086,-0.027201076403397084,-0.03672054887246479,-0.033972845013651276,-0.02628690457362548,-0.026305356184963324,-0.06810050474193607,-0.019066532994064467,-0.06173202432745595,-0.0223898462589861,-0.01221318302577079,-0.011194008403721312,-0.00677851085917569,-0.018626039064382316,-0.0064935423189868,-0.034390010567478035,-0.027644674648003464,-0.030491853516522838,-0.023427456540791813,-0.018372114314589405,-0.026719938709906854,-0.011126470313304604,-0.01735964887653596,-0.02163029665322258,-0.019411797616995963,-0.029084255944011095,-0.027772607709795394,0.0013336894291415824,-0.01927926046244377,-0.006199069128041912,-0.018107337803411894,-0.017913932114325903,-0.02528381899097254,-0.015775003794275766,-0.01345222284133063,-0.007314155865600025,-0.012581435672920138,-0.030482994973449418,-0.013655140220566575,-0.03509049064045422,-0.04109842120099105,-0.023014967659686802,-0.00926758177433673,-0.015924670288581244,-0.03640797443680743,-0.02655844738141888,-0.012672665453543619,-0.00817969577253963,-0.005390780270347784,-0.0347098430697359,-0.01554809134143098,-0.03771044520643252,-0.010201599848190468,-0.02328858863464256,-0.0037616294148582474,-0.012769768056794528,-0.00795889123298732,-0.014760630384088258,-0.006804085336844512,-0.05426946051133297,-0.034248974643947716,-0.02989045073243979,-0.029482107794511547,-0.007807010918808088,-0.047990572690615796,-0.0017845794318823716,-0.021433083725430624,-0.006646113309631052,-0.033992144804325664,-0.012305189135758732,,-0.026441978913139597,-0.033401570037559836,-0.021320792523257137,0.00402269567064284,-0.03430749489869056,-0.025735351303605603,-0.048639120220068,-0.007435549343166148,0.012646583893913821,-0.013668538331689795,-0.015421809671894438,-0.007518789579387564,-0.0010360483520850394,-0.04457534877706826,-0.0390839904319239,-0.026634260451315672,-0.020069786007626877,-0.05151651230733867,-0.017122878365626204,-0.0442325960167288,-0.008190221590307134,-0.032238787507242406,-0.049128649535060576,-0.037160295976095936,-0.01102630321132636,-0.04969883999884639,-0.02857136216913314
2022-09-30,-0.01936844675164473,-0.030039296095161427,-0.006628458091834655,-0.015679468675155683,-0.005351594213987232,-0.013596061250750857,-0.018168719732440164,-0.019777702971147226,-0.011036096899372572,-0.014008981207459525,-0.012160879119415102,-0.017813208263591118,-0.020106872884240845,-0.010961321807614555,-7.414047979648064e-05,-0.014049783069062682,-0.003490799337743211,-0.016196386627220227,-0.02312353003824752,-0.02391570346705718,-0.03614854980079085,-0.029495355576606763,-0.023161869609528152,-0.013178099546278021,-0.008568682630419655,-0.01822782366091058,0.0017996431835338722,-0.01227901212483884,-0.021269674596234522,-0.01113380937144004,-0.004264132542857735,-0.026683580532943618,-0.006849605087129507,-0.018663349903180415,-0.032468614740470025,-0.02600491388907855,-0.02188046733459048,-0.010810535844469116,-0.011997902595020538,-0.02905697487318526,-0.007650796933306836,0.029784455482257277,-0.002289995414712531,-0.002633229888636124,-0.005371149101025208,-0.020228066701222014,-0.015188474507408345,-0.02965047738336013,-0.0034911703097916247,-0.011815828459450617,-0.013903687864193048,-0.02317727387137647,-0.011930496832990856,0.00093307479645377,-0.01938646312627812,0.0018063767368150518,-0.025854303264781442,-0.030788825751521087,-0.014039921713539516,-0.019001188642962963,-0.010074551465630077,-0.007825027858235023,0.002856097432535787,-0.015486415118188268,-0.06881621337054566,-0.021284084346563814,-0.02941509773839457,-0.006257535476057896,-0.011380691062271575,-0.018112804948150152,-0.010406564172567578,-0.008305626963785007,,-0.02955945597307963,0.0015245219415687128,-0.014712135798685022,-0.0012748077767026356,-0.01726972451046549,0.015208712149433978,-0.007682143457677926,-0.014982566765482264,-0.003721814275138735,-0.017279762584209712,-0.018179526750057406,-0.007575840359983155,-0.017401349578543557,0.01029211909061134,-0.00969171923997214,-0.008194816927230786,-0.02562300295491926,-0.02080784268132596,-0.009162723961983366,-0.03550773102070204,-0.00540770428367876,0.019197156830771167,0.0038680987462020866,-0.015582293537503955,-0.013722114022807652,-0.004754346185659286,-0.012110755903190218
2022-10-03,0.03366256677603996,0.030752533240588242,0.030727435338068432,0.025486701357681163,0.021594988891043165,0.028760588123706077,0.03125977852661688,0.03276132580227853,-0.08614516909902215,0.011561230016032598,0.04340277735967568,0.015290480833317632,0.012189180204099204,0.036482476678782794,0.023109206836145813,0.03225002288818368,0.03525375115219953,0.03752874613018253,0.04656572892024524,0.024475834683165498,0.04432319265060136,0.05272793456283331,0.03269154670177299,0.022360286962725073,0.03158342985401896,0.0363537882317333,0.03233538514814205,0.06469943354038588,0.021737996739660703,0.027250065269081025,0.06715346885990514,0.016140524280461532,0.026791624268024616,0.04155309815626418,0.027721987822468153,0.045930653511593755,0.01021236962457106,0.036021792521637286,0.037543782049898944,0.039316206409771404,0.04191400850824811,0.001118563323363242,0.06586285796530222,0.004709602290451587,0.027304168840850407,0.02927930572508175,-0.00038081602416883964,0.012896486746685865,0.032587119237811324,0.02109906500402725,0.033337328532621724,0.030167530152168887,0.024264036713040005,0.037054303384803644,0.035034965723306666,0.04087022234287252,0.01333595298264112,0.030545112343908443,0.03029980497666873,0.055127916450647296,0.037248076054797075,0.021638011694959047,0.020054616218443844,0.04309357890741761,0.04485623356143287,0.052659044980274405,0.02059001123802351,0.018290873710981037,0.029322294684529293,0.03339473692591488,0.02361644726406209,0.02931321178130175,,0.05577709764206307,0.023171229291919948,0.033596500884801594,0.012946737463478186,0.023096252186028954,0.024329845593702437,0.027229057199482654,0.03586553935454839,0.07521173216708177,0.027681061814102348,0.024538709547174298,0.06297717842701234,0.0224594022076523,-0.010112405269779967,0.03946733534743796,0.0320053450323905,0.0282814810950347,0.024062514305114746,0.037354745829802694,0.030610204832286714,0.04077874756851596,-0.02261276334398643,0.04000000559955552,-0.018606781895760816,0.0391304181969685,0.03280257003690101,0.026269718803033415
2022-10-04,0.033812408423657514,0.02562309044204225,0.05234970651039417,0.04496029692750958,0.012048179507911927,0.05052757702601873,0.030413625492325735,0.031319239826513856,0.029042940273044104,0.017583140483767412,0.027076098910927326,0.00711183172180041,0.011255676915894464,0.03411166498194462,0.03857582426336603,0.012836007932796267,0.026205900285072525,0.043934494729977125,0.027067166042658908,0.03833170977966893,0.011753203402391277,0.03663772361865947,0.03322070620778028,0.011195980748657908,0.042304471710594926,0.029761958825076817,0.043310089151213704,0.028100011324270868,0.04771490341393059,0.010792529508466098,0.0059989023917399464,0.033753787630704135,0.01881591008476846,0.0394129472077247,0.02094055611585688,0.033993649281651495,0.0479781431067281,0.024456325280078683,0.014890532705883253,0.07744160777191555,0.006166332272052433,0.060973656852127744,0.07474783307206212,0.04801132358179694,0.03402049405636309,0.02552883883996193,0.055333310081845166,0.06434962824860757,0.025396648959152168,0.016040350731824526,0.039662354289797586,0.05218473496591125,0.028966002468781893,0.05707867225904151,0.020712503156369078,0.031758864953279176,0.030794165316045286,0.03866847063170198,0.039125005282223846,0.07048714553011148,0.03375198688390868,0.07205066026655316,0.03978592607457432,0.047753646059012,0.05374865238410598,0.043113028431797096,0.02754165491012439,0.010895251959862629,0.021101498478145908,0.035374848286807925,0.0046143024245213216,0.010577689203868479,,0.02582202458843863,0.03868088592286201,0.024725640118301806,0.02682271285204152,0.041387186898259376,0.04849346727867365,0.03976088351086182,0.027865812788942845,0.052347116705110164,0.027613096761352374,0.04021007146849831,0.04084379799671889,0.030568948224345416,0.011918367610860292,0.06374436170795272,0.08687251977980104,0.022985504518601596,0.014189812209103092,0.0321975583252041,0.04495279513262096,0.0035298271905708223,0.047611634387885626,0.028493257852400866,0.095171926632315,0.034309611209719426,0.02960219165707012,0.018771272042834575
2022-10-05,0.0012857282993881114,0.0020533044519943644,0.0031897788014427775,-0.001156159830559278,-0.009267201761265387,0.01029467468054679,-0.0020661067073367567,-0.0018553113427585144,-0.034597517632881325,-0.011951530455303505,0.0005891150902566089,-0.016657014514103508,-0.006642335026613599,0.008170334787048983,-0.009320613662641142,0.004065088112939819,-0.009190385998995243,0.020593254772455216,-0.002166114499581262,0.003810530738157736,-0.00806711848487951,-0.0021250691603178495,0.01604607479994491,0.0034331947347421288,-0.0007938295556711994,-0.0021325825108367003,0.014269838228837983,-0.0017971724831586933,-0.01837938728343591,0.004590122066246094,0.008302478339055286,0.01819004148111447,0.010269664376279186,0.006894221041125803,-0.005040797965989885,0.005377430419802431,0.002143613457079585,0.010411859162005932,-0.0010258535198045537,0.008987171475580924,-0.009513832168284275,-0.004513360106037867,-0.01528077008634321,-0.0025752567708033913,0.009310501832588525,-0.010668603679080069,0.008573274962255795,0.011208114077659426,0.002238366630153754,0.0032615762578929175,0.011122254813255239,0.008443342977478396,0.0057828561971950965,0.028061217456067267,0.0013159625843821576,-0.013096017650597314,0.0028301694857999493,-0.00965842901059033,0.022701100862202894,0.0012091965359513068,0.01727410482423064,-0.021602625041388657,0.004922828987773631,0.010344864662312991,0.007309941810372589,-0.0024528240545902413,-0.03264953225569189,-0.012816848760206834,-0.005372976334213853,0.004389106960527522,-0.00693303627688191,0.004830926282456627,,0.002252359576090379,-0.0003978310105174909,0.008540123512011943,-0.005434806597393038,-0.029217728790603692,-0.0025170201112763024,-0.032741754900017406,-0.00430193825020575,0.022523785742425195,-0.0004945397192933632,0.001262514840030482,0.022423395361778953,0.0013355792259686083,-0.021536771369321195,0.008560707820085334,0.026459505619382817,0.002701383327844864,-0.03219496540315847,0.023579510775479484,0.018244685394801063,0.004291246124117132,-0.006099012587994501,0.006089773875706417,0.06563935859806658,-0.011326811774853507,-0.006888276323468001,0.0
2022-10-06,-0.009670961844393311,-0.0066256916744750205,-0.005980720024489794,-0.00537407121029132,0.0006476586519412741,-0.01093231833007402,-9.861122153576041e-05,0.00019562358469582541,-0.011129075632041241,0.004517785803354046,-0.0013247566095214713,0.013897725697205043,-0.019277090049651724,0.003463577787292005,-0.01751295349045534,-0.011193169847958151,-0.01281595704417915,0.003122743146404039,-0.016642514277512288,-0.005464430875336768,-0.022446341548314153,-0.012329056927493531,-0.007508997274787599,-0.012317187548536168,-0.018273948978756782,-0.01557845065234953,-0.00200987778680084,-0.005776293509640484,-0.009833718952736548,-0.011224370088649738,-0.018533429165274118,-0.008544210485947223,-0.017402232206659596,-0.006057002914228837,-0.021488527618200748,-0.004740913589017515,-0.00763941976033089,-0.005123791219798002,0.001742532181293166,-0.01523576842953378,-0.0076016105440841475,-0.013752396220284568,-0.0049049188677434685,-0.021130489919328865,0.009564247145410487,-0.01653483427457536,-0.0016105968301286522,0.006287928449079105,-0.003228666995099383,0.000437031344951766,-0.013309877833596051,-0.013954353282972232,-0.00477329615914035,-0.00827133004198688,-0.0003154833247851485,-0.02143585606100329,0.0003135970693937118,0.004698987277194977,0.0065515882554547655,0.04534472079917995,0.0027990581349468524,0.0,-0.017590757475205554,-0.004006479381388428,0.0013869479448149757,0.017211650370614562,-0.0363739443901504,-0.01386843402678506,-0.015582796246743746,-0.011710288360261556,-0.02530756601067674,-0.008012800429071931,,-0.016186791156538205,-0.0037414520810931107,0.01088706373630921,-0.0320817858189687,-0.010194192166549931,-0.015245473020051414,-0.024289468291339933,0.008070477769149376,0.021238478995269316,-0.015174038717383431,-0.009306532713038274,0.0012653179166570716,-0.02356466629782561,0.00217817768696138,0.010645919163104534,-0.014311643671602092,-0.006885052324518415,-0.03901759777377756,0.01537609972972076,0.009618979953413431,-0.0044129283291144406,-0.014203049794379807,0.034782558359012894,-0.026542206380913758,0.022094885285546928,-0.027442697575377983,-0.006700161349878941
2022-10-07,-0.050852903822636186,-0.03671867294799025,-0.08027418637128692,-0.04771409266460691,-0.040411376141474054,-0.03966629617032713,-0.027016347004909735,-0.026115006110455585,-0.06324275500689214,-0.029720816241026737,-0.13868828384721643,-0.06361971502644859,-0.007309597168913551,-0.03230459612658598,-0.02015635524552739,-0.03010597269312576,-0.013125820220117546,-0.03488182598792988,-0.05371600351098105,-0.04463681693623167,-0.025956698805333245,-0.06264189855208602,-0.043593099552745374,-0.008270562232257639,-0.04562470617954728,-0.0207380585195156,-0.031307197325381786,-0.05724348444727989,-0.01437065885826383,-0.011385305698998982,-0.012966947810128304,-0.02596530200832825,-0.03307933199647051,-0.04007420681485796,-0.01339046638949215,-0.040703493144098046,-0.010161602212865217,-0.02769668862884478,-0.04634542679961573,-0.060328047775784044,-0.05646938755909936,-0.026049658401645415,-0.05078671819602154,-0.017838600635558644,-0.03649304629805217,-0.021564332581362033,-0.02724503374834375,-0.0450116509470323,-0.029711848529469065,-0.02954623012623958,-0.022519472339329938,-0.045537488162898154,-0.01580550449102236,-0.11697249202341697,-0.028817058454568167,-0.021905417436120178,-0.04150467158111282,-0.032121420750539365,-0.054063194676270854,0.07278647591443965,-0.04224042402055306,-0.06793738771065694,-0.015639135163494577,-0.049165716876044985,-0.03948727561132703,-0.06183701776378969,-0.017986087256401717,-0.011669641263201358,-0.03229216039473182,-0.03693427890026291,-0.018802095600430446,-0.017232078625903702,,-0.03525239387994228,-0.04658411314401101,-0.023135193258216113,0.00892372390873164,-0.07160368455988608,-0.059790795265376784,-0.021186421414757683,-0.01091707960161803,0.0007025282332620009,-0.020432045297470336,-0.032606090198863624,-0.03622580533458264,-0.02919918499359908,-0.016662834417999317,-0.07715299884619664,-0.04498096051262479,-0.05998360647659162,-0.03170493520136253,-0.07013996260378741,-0.052120253399092764,-0.0012665019938522537,-0.04723897493108076,-0.005355033046567925,-0.03074468083580173,-0.040832685206380726,-0.05364339665849083,-0.010118034488434513
2022-10-10,-0.021302960109901847,0.0023556416566585803,-0.03362044647372686,-0.007768849586377025,0.0025477433170904007,-0.049470114306380264,-0.00830968476173799,-0.008637145857059436,-0.0004931214719139376,-0.003930356428238024,-0.0107802407293357,0.02327028132386677,0.0012994660792899904,-0.010561997122299105,-0.005014734895866013,-0.009436331358222638,0.0010175113989001616,-0.05218761886420897,-0.02021767357299431,-0.01353821488783491,-0.004783098558508447,-0.04128324571075159,-0.01563288242244587,0.0136226482723516,-0.011288900289939674,0.0028002783809821796,-0.02891700592911095,-0.0643474425163666,-0.00820698203404302,-0.0023371690401698952,0.011836022884064823,0.00034469469973164024,0.006912677694487668,-0.027739472283007327,0.006514669223420588,-0.04717343758423875,0.0026442396410708557,-0.039844647910926234,-0.04569883174169964,-0.02848522737302872,-0.02636870574926997,-0.08338582343053513,-0.010646395936922404,-0.007067137809187329,-0.06283455169274188,-0.006723955999170639,0.02257229526051807,-0.062659439288142,-0.001757014634664933,0.01941554569517412,0.0022809870346196526,-0.028006589785831926,0.008085011852220658,-0.04840612304421321,-0.011506078068554637,0.00391043765187149,-0.03303246265349613,0.010849766941057215,-0.019051076354197893,-0.018797710793210576,-0.004662942933256753,-0.03401498938928693,-0.011397626719007237,-0.04058289196134135,-0.02806651157845419,0.030033830572054443,0.017592470442875374,0.031486556281050015,0.00697927383803143,-0.025567126585496425,0.002646235288056742,0.01287674577268838,,0.018462192545383616,0.034361368459665975,-0.010344387145815204,-0.021480187881409485,-0.03451310182910672,-0.045877822252256895,0.02299789799441454,-0.013326770386346443,-0.014884471152177392,-0.005812961922226467,-0.007455221637693854,-0.022290137248244357,-0.0052181015618429916,-0.012059466022289689,-0.044732399259161504,-0.03491938761341218,-0.04209804082882829,0.00584695072757091,-0.07590101675623018,-0.028774198874130574,-0.003451850968011372,-0.04120339502641768,-0.02319227179576655,-0.012852817880595668,0.00333897471250455,0.04325031700608761,0.010221455527988699
2022-10-11,-0.016750256653830453,-0.01025496695758199,-0.007197912252415728,-0.012844190270001499,-0.03924060291095144,-0.01585561400012858,-0.006948705302826763,-0.006686212529999569,-0.02897383620084637,0.012245054759651985,-0.0031136533627370566,-0.06822333565043825,0.004758305393776974,-0.003114988956443465,-0.00305332970336214,-0.007771310186437286,-0.004211151158401649,-0.03987783381913579,-0.006349200101906871,-0.010731615686998208,-0.015447952919850905,-0.03649449804963434,-0.02130235653365531,0.05724750762150732,-0.0034843695772713845,0.01006455136239448,0.04534834503542551,-0.06748977345275264,-0.021970509515551018,0.0021049606138412447,0.00887920755502547,-0.009763364322966095,-0.010582002462330431,-0.014904123035444306,0.011866232651683184,-0.06153532149230079,0.018771317121599518,-0.03536842156459552,-0.053382531442281,-0.052928527138646375,-0.043113005870851095,-0.04376929815526709,-0.04346779020972569,-0.012170866290869609,-0.03284087710943895,-0.0030086469818342287,-0.037570936563703916,-0.016919076691575885,-0.010585581316866821,0.008736239460449102,0.013541220445727031,-0.025423728813559365,-0.01713906411918753,-0.040694774707098924,-0.0027114106255869963,-0.02171864897040998,-0.03470205519360847,-0.00910978723919631,0.0,-0.005388155148174034,-0.05172745920087041,-0.059945518030461664,0.0031442486832475858,-0.027437535811459912,0.020113805242369054,-0.0003359952803430044,0.004973425855743452,0.02553563075073728,0.00454847103093825,0.003048750402357081,-0.014015298089019912,0.015688341823278718,,-0.030977020828463542,-0.02187649480067444,-0.0046760602691746644,0.02010699448434594,-0.04249501647353615,-0.015472452681543403,-0.008992333780449613,-0.011849521888959158,-0.006699468731825031,-0.01599312606658998,-0.036798503072561495,-0.005364364538732458,-0.0010019341709195384,-0.0027866844276625002,-0.039722252096728305,-0.05733874171623443,-0.04198746474903048,-0.006311198458662126,-0.05376000344822629,0.015016268197995286,0.00162587103508538,-0.010551179623374485,-0.024082116170065948,-0.02147101234902582,-0.03494176874366661,0.024183431346531892,0.006745356325623009
2022-10-12,0.0015083462684304383,-0.004604974883602009,-0.007422756825660848,0.006149206372302096,-0.008090814847156236,-0.0004410865379764761,0.003910241327687469,0.002549719451492738,0.003418039229395209,-0.01194861290227267,0.0038174111040851777,0.030706062052410887,0.04182301005546618,0.004634369225319679,0.002177108257898963,-0.00783227283854715,-0.03069625696269196,-0.012632912888025705,0.011581429615638905,0.011943221135531035,0.0003486830116954387,-0.0038007982166216037,-0.012381843820598037,0.004074315474466017,0.0023668771159361945,-0.004780565916353452,-0.017873749782844173,-0.00938687332587218,0.02508855943199495,-0.01704160020629042,-0.01267948078606329,0.007655766954163479,-0.009546133474715557,-0.001513016637246567,0.00977262017923386,-0.02175001985293723,-0.004263724487650222,-0.013090154556208433,-0.004146512986476392,-0.0030784137397231737,-0.000472791600945377,0.00412851455781893,-0.016797008138727865,0.022191814828500522,-0.01797283467254618,0.0052810029588725715,0.05176932030608139,0.008665317757088342,-0.015298574367654028,-0.004569745168836681,-0.005838131309740757,-0.024139138926630443,0.0012296066563526331,-0.017589247487317272,0.004998234970514215,-0.008687181650200881,0.008619451673745893,0.007646061653229896,0.01366277876265376,-0.013643665792414161,-0.0076163592555796855,0.04169460000452485,-0.0189226522517697,-0.028715350233093684,-0.000608741478083763,0.025731938600130455,-0.03687999035605727,0.010303395091617595,-0.015308384709331713,0.007399231602760903,-0.0031382347183236403,0.004260981375844963,,-0.006905734878591585,0.0828363146030604,-0.012712529548484675,-0.004159123786790064,0.002285693940662137,-0.004472953833678517,-0.04029896149018952,-0.003102748399010702,0.012915283883337292,-0.008213932378125732,-6.559479177348226e-05,0.017528062456109605,-0.008259551011707278,-0.0015744052573785083,-0.008743912007565968,-0.020564459087904496,0.008086632568164775,-0.03158955618424697,-0.007395891053084247,-0.0019992460596396366,-0.02103179953554868,0.009719522190160257,0.01268578295528644,-0.004468765682282272,0.005172367583558657,-0.02054584678791027,-0.001675000401357929
2022-10-13,0.03760799775487955,0.0336129050048255,0.03999998673148775,-0.00327726077574253,0.02188230028339455,0.017186505726378254,0.015375154136295643,0.014343804567050089,0.020622332969329804,0.003452089143416437,0.018841835459606715,0.0527006820617375,0.030816466376480278,0.03001920853088702,0.04002354749349424,0.034122743492939644,0.0010531020541402203,0.03884389952514322,0.043031984045438954,0.019893834121713194,0.053677203886789426,0.04486246463463073,0.01840972108182637,0.021181631102865417,0.021680844823009027,0.027547948090620222,0.04000001157064581,0.05133024816748999,0.009853075168436698,0.022093556523733016,0.03365107282662949,0.028778633831669342,0.025835497168194443,0.03001662293118934,0.014956861635302854,0.013573054180944899,0.016363353797394398,0.016611949466301068,0.040696586172627836,0.01774912148858787,0.017435978980675282,-0.010189483532666133,0.001718117471010805,0.009515797208567545,-0.002549182140305639,0.03189494910456592,0.002670254168511743,0.002744342723226989,0.01378134661526853,0.014321819430866967,0.019085268759102547,0.020601649663508192,0.005693894584884562,0.030279134800937246,0.012433358768122238,0.020204429877361374,-0.008476245563787566,-0.0014453119884876298,0.0010845213516272878,0.03458097575704011,0.020535193886482617,-0.017337357708203105,0.011122882360083741,0.027662490835064446,-0.003350220759306244,-0.022210108279902996,0.03719110588421959,0.013597721037126531,0.024523818512951268,0.02163844388995506,0.02101848743580015,0.011402819295024402,,0.06408542012755403,0.030599754916208477,0.0030790934933488945,0.008352988687521101,-0.002850583698715159,-0.017607734974006806,0.035317032538859205,0.019683748497208775,0.029113839085220583,0.03876653326765567,0.03473362067603469,0.05477030938813199,0.009756093575859381,0.06413846489495012,0.028498732543392302,-0.005753052058004582,0.01842040741231865,0.031066674049385457,-0.016934226900449434,0.011418339952505852,0.013048788630855235,-0.005720618962947954,0.019819798353569507,0.022040626534623353,0.07204118040999163,0.0535379136890719,0.030201313286331244
2022-10-14,-0.024248667184803674,-0.03224001981433555,-0.06128764150980104,-0.05003107895219994,-0.02709334048509815,-0.02481904031529747,-0.025237230583629477,-0.02537357138227936,-0.07545550981161053,-0.028504875352589942,-0.050899220731242645,-0.010795211243111336,-0.025313545349608613,-0.023071140728346484,-0.02520709244700181,-0.010096031550110296,-0.01172225381071279,-0.02578418967191165,-0.019303566518133586,-0.039592737066211914,-0.005954360168755279,-0.05791990153834803,-0.03887521149647066,-0.0012715859475564972,-0.03844945444099834,-0.01909320941357695,-0.039008373420335696,-0.0753353520098542,-0.012788624151804595,-0.011229571032197794,-0.021925162184448066,-0.03356831048228581,-0.01735532988387789,-0.04217165865121497,-0.01282943263785652,-0.05327779091920748,-0.004363540769218854,-0.019380566029658097,-0.03416486648731765,-0.06480017121159531,-0.02059120584972607,-0.04424780224311364,-0.0792886077285806,0.0021644850995081732,-0.04338145551243233,-0.006909110329367918,-0.03098089495336387,-0.042479767443274974,-0.029173722720282846,-0.008225165295626558,-0.021830645068733334,-0.03548230701979971,-0.02975133493227644,-0.054178448472098295,-0.01975710478871462,-0.030541607825272155,-0.021862590072132537,-0.02442558852247534,-0.020840899756095488,-0.0423711905905535,-0.021747960939671573,-0.06207794562390412,-0.04681100225694368,-0.035834409532790046,-0.01945608229373308,-0.03355047349692253,-0.014862021165045869,-0.0013974074557396854,-0.06240653828826004,-0.03156132251577659,-0.009794089367355263,-0.02123748221174826,,-0.008068984669303614,-0.0053444270648691505,-0.019115322341128782,-0.01008459519006022,-0.03563946451451927,-0.06440048190612258,-0.017190421636250064,-0.0070120315588309,-0.04074888641717789,-0.00593727369446273,-0.02413070855229571,-0.04061973816766884,-0.017085006842363026,-0.019671028786281353,-0.047171376545721566,-0.06528188500230803,-0.011960866810809212,-0.014730516293782303,-0.06766352231675365,-0.048524473786744626,-0.03159694211791597,-0.04801943427506017,-0.008749797326155884,-0.016383695595289738,-0.0055999755859375,-0.012184244541468825,-0.014657927965435968
2022-10-17,0.03924571804566801,0.02912269574429982,0.05887593130840085,0.06445275295885255,0.05743129557601656,0.01936312080423508,0.035314868976049185,0.037044643577031966,0.07005219876844393,0.020939227227654067,0.036110127053153196,0.06565220045006792,0.01492445648802021,0.019309569741790877,0.020265915464733553,0.027363145603101158,0.017639841773602116,0.01491586571321557,0.01968352882614055,0.062166230284524504,0.025623975950523015,-0.005479765228376565,0.017864427805682315,0.006326077667929475,0.03856657736671276,0.016536458219253092,0.014795120660781924,0.0014923041831609307,0.046094260037557344,0.01299409184416378,-0.00013582532167089045,0.02929256337666364,0.031738294244239684,0.01747970060944759,0.008781173376521068,-0.0018202918623729802,0.003173629896988661,0.023961709043485824,0.041965437227731606,0.03452640563739262,0.04489664640888602,0.048374933141877685,0.12390335014364484,0.030098288587471878,0.038566961553557544,0.030757970304446047,0.06724071172268031,0.05206912362178828,0.03327565273978017,0.005957080169281648,0.00657072619029031,0.023028517770318446,0.022654412963056814,0.02323698052834544,0.021366842673386177,0.04836328084987285,0.06698192097435873,0.02856084880978904,0.04683630738103828,0.02381685255727639,0.048410512458953114,0.06154197925375282,0.03388584701831632,0.02844175910590052,0.030715406727203742,0.02916689742394918,0.0183190429859581,-0.006716984798329828,0.050831994450210916,0.04574289956836952,0.025276989148498297,0.011518791036351006,,0.025919411543386506,0.03917910447761197,0.02532003843565067,0.022011989405176458,0.07924905646551239,0.06738008071897128,0.013938188559890818,0.005483060709937426,0.000717609809684383,0.02184304824784955,0.03361885133841702,0.0445220630535661,0.027571363009380123,0.018591931449100096,0.03496625310294954,0.08291004322193296,0.042271522336918554,0.029561635163549704,0.0736826649958795,0.034762658974170524,0.008009967101880733,0.05968156766144084,0.0005941240452005392,0.039082846678113015,-0.008849606407954735,-0.00722026673729903,0.023140473069735767
2022-10-18,0.004083699851337164,0.009409425626236034,0.006645364516986829,0.022585461588422673,-0.009250897467056873,-0.001240343962556567,0.008002354832397529,0.006052794381228743,0.003829479437051919,0.019604832976471975,-0.0006901469316630271,-0.017299083588652953,0.013489271630215294,-0.0017716831811648293,0.01331336343302958,0.011864447639676756,0.017334185502827504,-0.003405298556219627,-0.02081753351522686,0.012161301285164017,-0.002271242554099495,0.011020019546669868,0.003443863797298885,-0.0032024575259923527,0.018988011272177863,0.01604163863748931,-0.0177570236063449,0.02105124547647219,0.015147423362107393,0.010605429030291713,-0.018003695315521262,0.0006748881615743496,0.008323332873544587,0.01423239689348943,0.01584261610669624,0.021047065265670017,0.007381824547135318,0.030465510505841342,0.010405791144395327,0.01726069295956778,0.009670864954523628,0.052090832975734136,0.0030917228573603683,0.014474124459285642,0.034760268130367145,0.00923624271421608,0.01236053597773612,0.0074414980648049855,0.020378122136919696,0.007931826185222812,0.02082161365815316,-0.002265217771223127,0.012307072469434077,-0.003432723978994301,0.011996582136579281,0.015494772355853836,0.024640782253170013,0.014605145810718145,0.010065425418808394,-0.02807583432777605,0.021799490859619297,0.02603374459069907,0.005343837816520036,0.005598945346855677,0.00036961488794418074,0.005690612910818071,0.017989402991153147,0.01634257506133996,0.02993494823844567,0.007864778062796729,0.01277356269904062,0.016154677899010927,,-0.00850193645711983,-0.03705568159504036,0.01761926485577936,-0.003737968731433172,0.0325947401465414,0.012253965250039522,0.012399000487582024,0.019334082383593687,0.01713752527312029,0.014028058410225475,0.012055746798753653,0.01044713735109859,0.014115714736835816,0.002708258280051723,0.015721669381424386,-0.01578148119624667,0.02431536271142476,0.016831691145986705,0.03035520167376138,0.05371156774928565,0.01902748884735672,0.04178774259465512,0.028840457574702993,0.00758047443775256,0.04545458064028707,0.003030256791548336,0.006462029318783147
2022-10-19,-0.008469619591031208,0.0007652216372282528,0.007019336342758864,-0.01108629175628062,0.003237896580572164,0.0010808850245314083,-0.011312885061278588,-0.010849181188903323,0.008401793106927569,-0.003887836500525488,-0.011912960091889913,0.13086441996424325,-0.009710938946364323,0.023380351317746184,-0.0026347220907445568,0.0021536288733234876,-0.0030845928146974178,0.014746869914122884,0.005025093024714877,-0.016101765986890948,-0.011707336922001987,0.02698389856059702,0.007524252069040838,-0.015587786577397678,0.08986736202996015,-0.003335590878522088,0.009134149366415434,0.024902158214209047,-0.0012063489005166295,-0.027151361060336554,-0.018458339375254207,-0.016187077970165942,-0.007573818172657787,0.0016300192600298136,-0.011139635444376572,0.011906465148009637,-0.010168988743021079,-0.019954671018368453,-0.011325136630565669,0.06273340031561636,-0.011828210123219884,-0.06647245715981176,-0.04434596303098726,0.0,-0.027664529969396834,-0.017247440117913238,-0.009072406924493737,-0.00961425355870682,-0.004551299824361532,-0.005915584933623874,0.0004409823648692246,0.0026251180133933794,-0.024756912135905806,0.00953886538536386,-0.010549087131059953,-0.009478669224085023,-0.04003669868236093,-0.014128345071532489,-0.01833578839929062,-0.0009285460332383311,0.004460813345817272,-0.023880654800491286,-0.011811953186195767,0.0008435842192404674,-0.0029890335143999414,-0.029296783583876662,-0.007854011212689471,0.00609928534972215,-0.02948605148861172,-0.019493843103652653,-0.017022405644110172,-0.015376600703984167,,-0.012831821945931576,-0.07882765294578054,-0.014451228093313895,-0.026085454124125884,-0.020571020747786162,-0.03399362705787479,-0.018903164888455115,0.003809626172044611,0.029467694719243598,-0.014986821955165541,-0.010609204198922084,0.060794015500480914,-0.025882894191891936,-0.02157017388854665,0.00065866813484039,-0.06806000073324603,-0.012721800164368746,-0.008438826140495181,-0.006146022806736373,0.004963694467953417,0.0013592963447242035,-0.027372726824383964,0.00997608273838968,-0.018928489011302396,-0.02096276827365473,0.008761357368462619,-0.014446252377584345
2022-10-20,-0.0013954746152604613,-0.003267073673773546,0.011866237489227105,0.0015642678860967596,-0.012759866417159982,-0.011486331587902576,0.0034126666331257827,0.0023930388032569194,-0.0664744863679374,-0.01444540581718401,0.00943562676649723,-0.015493065368431536,-0.010959817084650658,0.008504880848307916,-0.005917342306052231,-0.0040592640713184025,0.002062757978236407,-0.0077093055290293755,0.0030769201425404624,-0.002288192133148792,0.0023033792770676964,0.018120650882332612,0.007009547114324555,-0.0029816087911871403,0.0040731297377929465,-0.00914769857661235,0.012634395607494353,0.0781326029873537,0.0010159321390952325,-0.0063693768287739205,-0.004905733950834934,-0.008340902142812134,-0.0161207754976459,0.005306728863532895,-0.013691523484948731,0.018568975103755436,-0.00045322221166910204,-0.009618345389183935,0.002595515026918793,0.031248526822571066,-0.004358562084470496,0.025692744871668616,0.006156059134154734,-0.016467772053089913,0.00878465750399049,-0.030085965268356496,0.0011123235249668184,0.003669913035561523,-0.01886317999492504,-0.00921757314836913,-0.03493493868443642,-0.0161336960084858,-0.01393920849179986,-0.0007873695668846326,-0.010823005930974738,-0.013187126276314243,-0.007372026150543887,-0.01928796258234,0.004111245259509788,-0.025609209224729312,-0.0038617640356034544,-0.005460900101925237,-0.013985246798043804,-0.001011486405928852,-0.012598074227402667,-0.011926736281134387,-0.022933657575193722,-0.026178030834189903,-0.01584208610950233,-0.012787201264475079,-0.003499321671848521,-0.013234516044346667,,0.010688437658833205,-0.04161269049011884,-0.02379307233254835,-0.0029352385312568785,0.02263262738295113,0.042278434656843444,-0.035549460321246173,-0.00234167712135247,0.003834811773436364,-0.0005016317222078515,-0.006584329615101914,0.011695951223034351,-0.021669804887335387,-0.006806648619617661,0.012341615835946396,0.026048045069715586,-0.017181044365397136,-0.022422241671004817,0.00981374882805186,0.012158043257392004,-0.006715742181955586,0.033717570944861386,0.01134693379304852,0.019098342908739907,0.024583697704745555,-0.0008984360540651437,-0.006514651909255265
2022-10-21,0.025280547850956347,0.027059103837980825,0.022306061720887005,0.03531453097461368,-0.011556331533245534,0.04515459852326975,0.01160344121787027,0.009449961097904191,0.03454266549727758,0.02918513559704561,0.018175510277660623,0.07984040636084822,0.009331568774499255,0.0131952846416592,0.021578131668590128,0.02613282609717582,0.0032348362563265898,0.03357737447864717,0.03412574356794584,0.0399601122353086,0.0006566138662120746,0.047800589013284434,0.03903200593516454,0.01814510223697119,0.03061323345832112,0.0291037952415496,0.04376160969708809,0.03771043811466934,0.027722986931066673,0.03391231118589744,0.011361484550943768,0.020970154114822837,0.014206073846609213,0.03174264110862479,0.007731481776290794,0.04916788071561462,0.024637200169193685,0.02181996150131771,0.02343726051980055,0.057081488782153356,0.034563823460649346,0.055108281708536655,0.029775682941816317,0.04046909603986237,0.015856526929957093,0.01698674272958911,0.025213649130275018,-0.009907954116363471,0.018436440054292902,0.01799105883205665,0.029690537100609316,0.0446634566580244,0.006665833667629073,0.03861311354050212,0.0090362464035465,0.03216652435234946,0.027919114356451447,0.00753606941662377,0.017995235938146337,0.013988975056019815,0.04186857610047445,-0.006589045576626762,0.03127654137311908,0.04370570749150304,0.01876300586218993,0.01078982668407824,0.02025493794901556,-0.003678581424842342,0.01631756788016392,0.019474581677917602,0.009904611270455721,0.009120176065475327,,0.0069486736962878215,0.08396697331832192,0.017429550265731564,0.011407594553608735,0.007967435669027134,-0.0023074425608674565,0.03320203361785068,0.0116551580448645,0.039088690425507666,0.008364001509032493,0.025312426165789548,0.027745637463824746,0.007845995730596522,0.01892252555186391,0.06762028310237311,0.0076835791913902884,0.017291337630671144,0.01958818002024665,0.001664115070956873,0.037537538397563575,0.032942543848577754,-0.010994796353484992,0.013399012594135895,0.05449575896495906,0.04411762317788792,0.02817741635224391,0.01475412360573003
2022-10-24,0.021187861334333702,0.014802693097965003,0.010668972907020846,0.004190412347291339,-0.00223054609941975,0.015097898431221557,0.013744679396809234,0.014682674561300457,-0.014875967194030837,0.03929484468761957,-0.0020401042588805707,-0.02458816499326033,0.026695915765416967,0.03215068792800024,-0.03537739993035316,0.017289759150884043,0.020958526085584017,0.005529630218256365,0.007786466339185338,0.0013903281557765546,0.019685052181129592,0.030575155647242447,0.012083600432198693,0.03723110578675981,0.008146820149869782,0.022372935794059634,0.0033898741122662113,0.012645841485278586,-0.007806703001333459,0.03499999999999992,0.0325531959823544,-0.05473421104518661,0.01791698062440661,-0.014052784023852793,0.024237196884546286,0.016378246174356015,0.017849226554524256,-0.004258485753283914,0.017470464336530434,0.02323516426693617,0.011873215399100134,-0.24605734841220106,-0.020996627715609284,0.009707408828266484,0.010555231698922363,0.022512669254676876,-0.02967901333194589,-0.007386260764226438,0.01595240497041095,0.03277919336669344,0.02051680537619749,-0.0021342344825731052,0.028770457561611007,-0.02908450933867579,0.00544867950748773,0.0034372485787541596,-0.010235475133981375,0.013773621947102521,0.028303277052073694,0.03438546096398132,0.0213953772256541,-0.017687358946654408,0.023745111676417574,0.009377556109356533,-0.003181234944573119,0.033751905664202386,0.004320947780566131,0.037205379362498014,0.015187692788500629,0.02159042996208904,0.0177424910734183,0.021796909040558976,,0.020187692345491115,0.03662715617188961,-0.0057103571682833865,0.00382024885954646,-0.02213248075665153,0.0034083843468788455,0.00408490485280999,0.00544043776940395,0.006171134042925797,0.0079628326469241,0.013975277810865716,-0.020247503336429773,0.014791311692029518,0.02615649102353057,-0.005024388391007384,0.0038639875137356228,0.008965741220905432,0.011165850379935005,-0.01202816061924239,0.0629522362352084,0.037532200868606536,-0.037003655162664795,-0.019434507224984743,0.002545397169970043,-0.02297994597495001,0.01137024484907423,0.006462029318783147
2022-10-25,0.01379172360812686,0.019337567404898115,0.05254387537763194,0.006509754475742646,0.060052368276493295,0.00777626039599455,0.019118286949336705,0.019034661175458822,0.05287573097725584,0.004205477861353835,0.04718910428894785,0.030341569963746373,0.0033206417210760453,0.023939052858757526,0.03617142864667078,0.018833249370276972,0.009402795648332019,0.023973199702454817,0.00846208755165212,0.034277998065622706,0.015444000753365827,0.03049206808861671,0.003155024960604713,-0.005089610640465092,0.079901895416302,0.014713751149307619,-0.0065789960088799004,0.015777072497856093,0.0365207262230316,-0.004154616891857921,0.013809933308857936,0.01731132893100762,0.0035878216689357867,0.0127308956855412,0.009703773894054413,0.03209309725663112,0.008695630059726067,0.03006077980414945,-0.023037595658265464,0.027570477009676075,-0.05554858212879821,0.06905082676657992,0.0432927108675949,0.002903580853320653,0.026207503688401967,0.02130683184378168,0.01769909416097959,0.07105134650298206,0.010016753423050417,0.00946042512066092,-0.0030428448902137806,0.026217765887605937,0.017201232285639856,0.0578275919770328,0.014084507042253502,0.006508331615746821,0.05562687324973847,0.02240415581648314,0.041672727004792964,0.020006019027156263,0.018579173309960506,0.06819713613515099,0.06866464127214389,0.03283682591281134,0.07709625360017824,0.01786641979341863,0.016511606615643215,0.014786443284738437,0.008762552669154822,0.021482007333632147,0.020411754707917895,0.002861618477663752,,0.028599353016855344,0.026687738217828105,0.04356353322511053,0.013048227921730993,0.03897973872851823,0.0766711108992606,0.024138850432099623,0.01647170943729459,0.0006525258195226868,0.011849921668743102,0.023436555445502494,-0.0011480589460529655,0.02572878813650359,-0.003859870284177336,0.01897471909292503,0.05742872379830688,0.0158744506850248,0.013316006340400754,0.05663548982745681,-0.005786251911162776,0.03288586507707625,0.10323785608943181,0.015595793675789116,0.04329685576394393,0.029590241321563848,0.023926257247402827,0.008025712773962246
2022-10-26,-0.07715629161148907,-0.019627086164182295,-0.0275242732801817,-0.040961814879887926,-0.05592311460847965,0.0024126444538694614,-0.0914050798709517,-0.09634995312063177,0.009981122376490958,0.0007814985179046552,-0.028306517714542734,0.026115065598324216,0.0044875920378344425,-0.01022266738083899,0.023110569197641206,0.0004508669406781962,0.0014932194253503006,-0.008894835737859208,-0.007296634952675296,-0.017797565642494684,-0.0019011237946037207,0.006969046256811273,-0.02645540483497344,0.025654885488943346,0.015933108936478924,0.0032692348849479025,-0.00751741859629107,0.015110885519149075,-0.012317210513514976,0.0063710787980451045,-0.017863642990120665,0.007980287671423003,-0.011019495195656925,-0.03409161987318432,0.009947734596640556,0.005018528565622793,0.017528753555314358,0.003249252531440261,-0.006785871561931889,-0.003950563546335828,-0.015001349210862935,0.11697878216047508,-0.03431172156249784,-0.0025091643056430746,-0.002097318713284335,0.00034771310160808255,-0.02650907108946987,-0.007731900812739112,0.0036793761888684884,0.002230210959309309,0.011554428638371972,-0.009815830710953488,0.00381844272460774,-0.04580154105876677,0.028174587027736342,0.007146877396627227,-0.009284140198753121,0.0019361192116591486,-0.005377357943376682,0.016443820825081,-0.007689494001401953,-0.004846176710348371,0.0034382690004672867,-0.029621643341679382,0.0021831446801399146,0.0017151451403014661,0.00034315694263575836,-0.00404753157907356,-0.011228868335321884,0.01688656615974371,-0.009357863460434657,0.005447447175842557,,-0.005307018497414773,0.03975977436166045,0.07436242839634022,0.036851475892001107,-0.0428768937706403,-0.08169014084507042,-0.003972397188802379,-0.003835900046687768,0.013171650133161128,0.002765159155959207,-0.005813928225754772,0.012643675052983694,-0.0017259408532771525,0.02511330303589432,0.01726988420368092,-0.052514038138235075,-0.0061047669152192174,0.0027243295639152176,-0.038576597491027265,-0.021910284481612585,-0.0013644669487080652,-0.04803427810243288,-0.011277261829009344,0.03137494078698544,-0.04200439997368788,-0.0002815916695261267,-0.00796181354528791
2022-10-27,-0.019756212949679774,-0.03046536903791064,0.02171206302106743,-0.04063638620803933,-0.24557081408256154,-0.012533064901105395,-0.02854734094343936,-0.023412795062730862,0.00200319154854367,-0.005826416239836041,-0.018918484459658935,-0.005625854608704128,-0.0010610511734789885,-0.005710237852936895,-0.005358793216287183,0.0009012415472611224,-0.0014909930455716536,-0.028871421932839314,-0.03454607344126637,-0.005631646754029718,0.014920613122364923,-0.01815292132063484,-0.007031105622874123,0.002137580875986922,0.00012413630241780993,0.032690393025882614,-0.05843104840193769,0.009102643134047517,-0.009602936565264009,-0.07484407280518701,-0.012398125055299025,-0.007102114503275692,-0.0007229657624673314,-0.004951281531016205,0.0068447385136538585,0.008191938040550406,-0.008754627919425717,0.00845680860217568,-0.012093083770243207,-0.019996266704558563,-0.003153312385642315,0.00037672740075689326,0.004151893579575461,0.007804481206562519,0.01829752968351772,0.0013903026604893398,-0.028184893494152985,-0.013551716954039117,0.006676377860522775,0.04599586823735935,0.014331874704957004,-0.014665967409099423,-0.003043134146245352,0.03380648705267131,0.03015567066707514,0.047983804852494316,0.003296127316664954,-0.0038646887826856435,-0.0205537085770382,-0.013254074673637262,0.009370997068615994,-0.018843942372951727,0.012956409598250618,-0.021256161464668133,-0.002240691036599518,-0.03675772800688748,-0.0030874402800289413,0.030073167568148484,0.008142298757750854,-0.006028393017359801,0.0032065408487662594,-0.01676980751623336,,0.030127337244595376,0.01485915922782799,0.019740152585982385,-0.0060386211119671795,-0.02890177512966252,0.008098204443059753,0.002392984608543758,0.003536321793651709,-0.013064736230558704,0.002757472258519744,0.005072149632648237,0.02270148976699904,0.016655136690237438,-0.00912882938863635,-0.04266311604349993,0.014240337885020216,-0.00770080631815695,0.010867832962959678,0.018142127493280924,-0.02572630795248898,0.016396670130977897,-0.0034546121516185746,-0.007118628565447316,-0.001980286626591221,-0.03923078683706427,0.004505768937620225,-0.019261618810866077
2022-10-28,0.04022048563257985,0.07555250145606562,0.04993929952473786,-0.06804249715805744,0.012864962991906648,0.03842775633408957,0.0441335896871633,0.042980598515300006,0.015238384603380561,0.028859681648330193,0.05819112519120684,-0.004108578199880197,0.018727586948139807,0.02206181990883893,0.02912084069753984,0.027465134421280624,0.07373956308846652,0.039319984797083984,0.10658542779861468,0.023199072381331565,-0.0006255411587289261,0.03674601654187426,0.029344260428096902,0.02462293268626281,0.010219707872699102,0.04295377345750451,0.03505079224563579,0.042353091945040555,0.02071175884858989,0.09031226745307719,0.03570246759254503,0.021341460141601765,0.03264245703323221,0.029855078374299016,0.023047576819721582,0.04075619497147054,0.12920228047177051,0.017485443392878164,0.022995241330418192,0.03113338441360436,0.019518063405207453,-0.0030126124190049675,0.05369134614676274,0.0217599609375001,-0.006556194130187376,0.014231164700186483,0.028109955332024983,-0.012592999351304979,0.031327676216476696,0.028381025947860516,0.02305316402448332,0.04506621254804122,0.019731794313260886,0.02371435136483968,0.03331917101826276,0.007631116482009537,0.01552427414353863,0.026011787787533436,0.029693103375666885,0.1937778049045138,0.019460813877025807,0.015537359049035748,0.007928118521113525,0.02873935782650472,0.024547038440289937,0.023410621215816274,0.02546457000380764,0.02419774218486226,0.034856523193238065,0.02285613465505909,0.034813395861501784,0.037785321533630345,,0.03653656508457925,0.04760252988201574,0.01543732497471284,0.019093880619113213,-0.0009300453612648418,-0.012536591562573474,0.028116645547545227,0.004228727939130206,0.003064892089967408,0.019411206225546485,0.026420545036757614,0.007769111325861333,0.02669911772180167,0.023104378092448696,0.04055520346483932,0.014242461233427983,0.020371414214455985,0.03351782998548658,0.001235627470423939,0.02838156786461088,0.014979810750388456,-0.01995904755470268,0.010428538386627384,-0.016338055460645706,0.03682946729996539,0.025511738402656636,0.009819957687141612
2022-10-31,-0.015856150895822374,-0.015410357458724877,-0.024360237143251084,-0.009380148789788212,-0.06088703096719039,-0.005878618767555799,-0.018485811219987602,-0.01987987298140581,-0.004288512900427199,-0.018341251603625985,-0.031446492517724245,-0.012985243886242004,-0.00356688751426093,-0.02204615830647305,-0.014744804073702489,-0.004601206995640039,0.003708593103269875,-0.013002226610747236,-0.022015803108604293,-0.00993540484963662,-0.006572800839018456,-0.01593847844092322,-0.004524019117363776,-0.012636468667794776,0.009460999033201745,-0.004440484242635989,0.0011102434784842075,-0.001997084656691017,-0.001196755000446692,-0.00602126401043479,-0.0026772999886508497,-0.005855363319920093,-0.0038740621652274543,-0.015599183389405802,-0.0035656599348904416,-0.015707582559778333,-0.010218211087367313,0.002981029351049269,-0.011120905170524109,-0.03426137515635286,-0.0005941136812050996,0.03550521323941269,0.02253472652927413,0.0028813450138021057,-0.01497095655128422,-0.005475696480902514,-0.07204231827376095,-0.03095650050951082,-0.00021052018610268064,0.0010402907208972856,0.005503622061167723,-0.03679283724327631,0.0019243136991022869,-0.03243106731996814,0.0020062776026377183,0.008426676432291558,-0.011607907663271022,-0.011516018909043746,-0.009658470094670246,-0.0007446344439476782,0.001050812169779869,-0.07501067766643965,0.003565851837715961,-0.019999973357669898,0.001704814721943837,0.014781965668063668,-0.01655484711043509,-0.012069784863410038,-0.007393649739328989,-0.012627665858488735,-0.012354982432776218,-0.017951936742576446,,-0.001683671338338022,-0.0042392487545444,-0.0019304541266529363,0.0017033263562902246,-0.008750650046868702,-0.007641996033241338,-0.0043859178613758765,-0.01777921328000054,0.021388591402145885,-0.012218350558085622,-0.0004049474909848527,0.015418505133001581,0.009441291740101887,-0.0029899260542648465,-0.08965623519246868,0.009510946786475794,0.001222347200900975,-0.003977392157048065,0.0009093230939423158,-0.009606973573110023,-0.0003153771731022603,-0.01907925198812399,-0.04467016155529413,-0.01793988272867486,0.0038610186464320684,-0.002187037371517264,-0.021069710345774206
2022-11-01,-0.017059434931155693,-0.0175427318745901,0.003408101436747746,-0.05515425020719422,0.021897737290048402,-0.004722201233218648,-0.042746808001378755,-0.0439467938006699,0.0012306146011606955,-0.00307080467581633,-0.00666003191363207,-0.01757573248250477,-0.004515956140267563,-0.0077865337090364806,0.002757717529466852,0.0006603297181457801,0.004750601955009648,-0.002804706958894676,-0.004572672061898153,-0.07656142920778508,-0.005671087160484922,0.016989466354577765,0.014131786992896744,0.006325102335760224,0.0015823401944126125,-0.004509352757961382,0.014048099032646366,0.01959087084266975,0.010719579386710087,0.007051321176382297,0.014904805535267185,0.0058898505347009245,0.008026489308651907,0.014584223126256513,0.006343516469620614,0.014947006750802405,0.011215871318970283,-0.0047787871258822,-0.0047170549404054185,0.006265592843117229,-0.0030385541695077123,-0.017143943279495755,0.019653547874099786,-0.00024978630928962353,-0.0041563162632095585,0.00034412350535495406,0.020016830196844193,-0.005623369351596463,0.0016840164688574077,-0.003786546310627137,0.001239313784653362,0.03949893346204969,0.006722121694539673,0.0015121313717123552,-0.002002260512217413,0.010365937360363509,-0.027082537686719865,0.0006955471517091638,-0.0011665888774607946,-0.014406341127300881,-0.0129461455640697,0.03606707417531374,-0.010554938974412953,0.010042094509709054,0.004011599721498449,-0.006300112701657978,0.006938132655319285,-0.0064985701083227765,0.010345540679841614,0.09800378313445601,-0.002113092766113711,-0.025746652833969375,,-0.02888851329700426,0.028537173111685465,-0.018496116498048942,0.01768401762531502,-0.0030052562428227736,0.0036020482900576134,0.004405238877251305,0.0024610793970065714,0.009674777331525108,0.0044979723581828335,-0.0013309167917849862,0.030368769241568838,-0.007438607431663691,-0.011995462416026559,0.005046416600211101,-0.05420998602074212,-0.008681489135253906,0.012133326802668432,-0.02407531840962429,0.005467329002160737,-0.0023975071470819787,-0.008632474684982627,-0.01831537590189347,-0.04234770619369976,0.026923106266901975,-0.006575388451145137,0.0033112551411966784
2022-11-02,-0.03536833120125804,-0.03730498071609045,-0.023923727457709654,-0.048248766657425834,-0.0489495397279095,-0.025368658414245626,-0.03868685699983232,-0.03790055585829588,-0.05636033352596026,-0.032902596148898344,-0.01726447840984291,-0.047951176983435095,-0.013941077064906549,-0.046832441957741056,-0.012845078033884905,-0.019577637650072588,-0.014841046263149749,-0.04116595717785365,-0.031095377543833624,-0.024672570117881154,-0.020595679009174694,-0.022608294449252275,-0.027071753029792367,-0.011210717563547301,-0.0434659146925771,-0.012949309718248037,-0.02570178329793993,-0.041651529639008755,-0.05892499929581774,-0.013335462376256713,-0.02556880862528932,-0.028932223733794227,-0.025447368920431868,-0.02391148257118303,0.011475721859177446,-0.027274361566131944,-0.01840180428361582,-0.0526439378593716,-0.03455035756512981,-0.061109045420848274,-0.038693411656328336,-0.0051957465664892455,-0.07403136551270117,-0.04423065850627639,-0.07811619872602937,-0.018575817469817735,-0.1342503345249787,-0.044038065638679735,-0.029093776763985058,-0.02264989765999703,-0.012893224672494763,-0.021336880888601084,-0.027980916082076646,-0.017362919281911582,-0.025597632536367043,-0.025439702581398382,-0.053364190441758,-0.02641182411666887,-0.068535379396365,-0.02595769441801221,-0.05654021145404475,0.0004434691450188044,-0.021968756066226836,-0.027581802499495378,-0.0432860770887582,-0.0457359940340466,-0.003614590525658601,-0.002616490989649445,-0.016793026393048027,-0.056440327249702604,-0.030154138846453127,-0.02272728876542429,,-0.027310924369747913,-0.03880481302209693,-0.024756769008364765,-0.0025062274854776856,-0.06744539765558544,-0.07821781505101966,-0.018575785273083012,0.01892775071340913,-0.023955134178839987,-0.03630258279351273,-0.0010430405183708968,-0.03192981920744242,-0.06689810606703983,-0.005963481562551443,-0.026401053187592227,-0.10086581330242639,-0.04465429802786214,-0.008953019023124953,-0.08178737350672827,-0.011226090308560921,-0.03111559777938866,-0.10046842675196677,-0.02372964117246701,-0.037192575063519695,-0.0501872701984285,-0.012410285964490897,0.0016502028013631875
2022-11-03,-0.026578854799142015,-0.04240497792352105,0.015281066912426366,-0.030612240672440172,-0.018003062038167372,-0.0261167109488194,-0.040703700883525484,-0.041116364345956224,0.0015350350619269815,0.005749619910959902,0.02524304136574873,-0.014432243375114506,-0.0025808275341689946,-0.05076026984582249,0.011075660141962596,-0.016154391420979408,-0.01233172944159977,-0.0766222466362847,-0.0010941169424519837,-0.05204791472990922,-0.017146576812095415,-0.016636269928597902,-0.01242981356820061,-0.011635272923633977,-0.008215823492525032,0.019554038734352464,0.000561249370789163,-0.005309404440403398,0.026740782891237158,0.0041610850834106206,-0.0024308392400146372,0.001182294537198425,-0.00564351551597253,-0.022798081956028837,-0.009268165773157033,0.006465619764590036,0.020287646209249832,-0.07466931587466774,-0.006474251721668711,-0.014361511297411811,-0.01536974142824965,0.06267488476213101,0.02302412239381013,-0.04255186307523784,-0.04365164182770154,0.016473862672372608,-0.025315188288698054,-0.036500868569870226,-0.011712068362428552,0.005226300551069318,0.013375177812428918,-0.02530108667918296,-0.006760470535071672,-0.0468629462768505,-0.013395500004693583,0.01417990521159207,-0.022925185785413027,0.011868658397562903,-0.02588024644267717,-0.02889175129186483,-0.1371406969723572,0.055186208719238294,-0.0032396914395967924,-0.019459108130815972,0.006454497755742361,0.010138576682457323,0.005328207976207366,-0.0034102113604529416,0.004374149271230809,-0.009258297744234811,-0.012751083707184807,-0.01865869754597782,,-0.008639308855291628,-0.0075359652401036925,0.008966899238900927,0.003852588597940354,-0.006666703657670414,0.007115987586049588,-0.02839121464410499,-0.015855750485479936,0.023897157556579396,-0.1377364664494961,0.0024942456484569053,0.025371538929614523,-0.023386326528350265,0.006753618981172993,-0.015305306509748151,0.010266846491443049,0.012461211021151497,-0.002449793886017293,-0.05083633282525957,-0.06528295857558108,0.01827678268625399,-0.03676020068084007,-0.019815058912630912,0.004502782100104907,-0.055993692512543713,-0.001954752642830848,0.0032948896805451433
2022-11-04,0.033325551410261056,-0.003600230288167805,0.05476484969110085,0.01881299269611514,0.021144946305059698,0.04768979759668923,0.03775622095597053,0.03844770830765154,-0.03641259777431871,0.00024675628756298806,0.03460319406483636,-0.03073659811459306,0.005624929727001682,-0.0006294991095436853,0.038071190658257814,0.015279407228212083,0.004454367755048594,0.027050493475978765,0.02957288759915566,-0.01041121097739861,0.020408191453608726,0.06257234884737795,0.03916425668729673,0.011885074485018743,0.02280198250233445,0.016928454054501163,0.05011219760873842,0.06639213620479767,0.026657854373852485,-0.007966529283641721,0.0020713019332398996,0.08478980018068016,0.003218951661114078,0.04542811780598477,0.019677439043598755,0.04321968016910649,0.011074720155514362,-0.05003333591893533,-0.009738985060275152,0.06555736374250709,-0.003149915625924926,0.0863612087681922,0.07772598068836678,0.01693071449115191,-0.09870699739415723,0.021724108991951763,0.044229513619862715,-0.01789683464356928,-0.0007300038720653435,-0.00443023896950645,0.02206639838701796,0.04287187568801487,0.07520042132953986,0.04701773085989536,-0.004249226682639051,-0.0009533308314156885,-0.054129198914669385,0.01208221848449087,-0.002728857872339341,0.020248657284137384,0.02547350666604431,0.08317578310662022,0.017118029787866362,0.0739993540805135,0.02348318477640099,0.03376042627846232,0.010036077882111805,0.0007896493280199479,0.026337628071614327,0.007042460755497526,0.006369437498865205,0.019013464020436466,,0.0132752572962056,0.07396612652277534,0.0010013998205768981,0.017687324677011063,-0.059385769324464155,-0.06172516665715666,0.005952414127508687,0.024798544401695377,0.01791456733589225,0.012894572660660408,-0.0024301230370631366,0.028985495520933435,0.006954158488415629,0.005602167080174025,0.06757898450423405,-0.2896020861358958,0.008723974935463508,0.006139700944136184,-0.07682922683684057,0.028088813452466166,0.0025640634390025063,-0.07530846104796685,-0.02488772862991573,0.05865148098026052,-0.1286549647032954,0.03721314924164476,0.011494202474604753
2022-11-07,0.029269595489425093,0.003902249364639898,0.010242985117614234,-0.00494619214148917,0.0653155660907323,0.02131960818393197,0.022060475771782162,0.022491403071223104,-0.05007952633400592,0.004399547942574689,0.014311034314181015,-0.008397570342611571,0.007998702004331282,0.04825899753253493,0.014760617831559797,0.0006738270213033637,0.006383101098934141,0.031867970931499734,0.007446775843660269,0.024696095821764352,0.01935485101515244,0.036423163341764875,0.018690492831230143,0.029660943411015328,0.011689571519339248,0.009237421758790276,0.007122534312067552,0.03677835811010399,-0.021649635934936184,-0.018101146963648285,0.01448233661381182,-0.015349484571530514,0.014987769326226585,0.032157457935749756,0.018506772324486498,0.027863349944975635,0.013940786627268054,0.015751284217867756,0.014318224500879717,0.031210010619564965,0.02520887750560319,-0.0027467792958767445,0.002354669289887923,-0.004095062989110221,-0.02257758943664967,0.011137358523553686,-0.006556325085107173,0.032987541192692094,0.022452684527148437,0.01772626344884931,0.00020170326690016616,0.045279997672696304,0.009801909950400312,0.013856738104057298,0.041890756733143464,-0.00869380510472173,0.029329708560936307,-0.005054041654392605,0.006143850619064528,0.003917170859989216,0.01613592698199451,0.01027726938982454,-0.007882380543450584,0.026150926291638843,-0.004054450024643108,0.03703433926150179,-0.01752818689486879,0.003945231703725849,0.0016164480429232686,0.036068757508014304,0.014240463139649995,0.01297997696533515,,0.012785939342443431,0.03554061924038754,0.0047517475005314225,0.0018035217679479576,-0.05470267630912162,-0.012787637561902154,-0.013448090260784529,0.02049941256717025,0.01313757476683941,0.021280617692468473,-0.0005800481491295972,0.05187221563797828,0.011830417788602832,0.009935376198282109,0.0360817003251277,-0.03636951327818605,0.03496795661484997,-0.004576705382010937,-0.030082639583871362,0.03876688868013023,0.023209750795866846,-0.02435003732305141,-0.0011978001923903525,-0.031957559945801184,-0.015340349255091645,0.04100351956506487,0.019480578793626746
2022-11-08,0.004388467202475432,0.004175078021159573,0.02104754829202604,-0.006075283660437414,-0.002584780777964757,0.014498514610414182,0.004633333393685657,0.0029329061675713586,-0.02932818513088775,0.008617382208267133,0.012206668051923497,0.018793446391556,0.0027745407101276154,0.008780145582516052,0.0038916752008286704,0.0013468321957028628,0.000801142463382698,0.02225456135103432,0.002463910425912763,0.0336657276642256,0.00949364662781682,0.025462943451528774,0.014605577483777887,0.055483453340282374,-0.0067263849729547465,0.007579712568558827,0.01644272069651942,0.022737163719576126,0.013834507127336249,0.01078385679252336,0.001358341711209743,0.02542844808578537,0.019258722821412944,0.014167734600947668,-0.007299289100143769,0.014710654143450963,0.009452544575435873,0.06728972949847756,0.03938968324618353,0.04178816499580429,0.021232918517230415,0.019442594369872834,-0.003932919589924366,0.014492711884245946,0.018607633053782546,0.000667572041884279,0.036036061956822296,0.04468186231880922,0.026580298317222972,0.003986988087116838,0.014222349455759176,0.032995610609603654,-0.010515681491220286,0.007086879420127312,0.009233671668072319,-0.06374330571628506,0.02680917293275109,-0.0035032538518987577,0.02119247496174337,0.00017338630667596,0.05725026804903344,0.046641082079547536,-0.011273384782462315,0.03403026702997791,0.013107170393215073,0.0286544657687009,0.014204545454545414,-0.0018338930621476512,0.004236414883306505,-0.0059709715411708775,0.014473962888661651,0.012813656005541407,,0.003906263834864365,0.0034748070443071377,-0.0022402029694345016,0.0037643758212368983,-0.008005541606723954,0.014536477519256685,0.02808066441459478,-0.0250716818557416,0.00036697997784496117,-0.009860442405523306,0.019789935061369945,0.010450675573274504,0.012523001611731699,0.005410753184391659,0.024744082587174532,0.02927113784708779,0.03256699369323135,0.012873507094109282,0.0218984294602802,0.08619154851014277,0.006623742839963587,0.015298915855693762,-0.13680813304706685,0.003913581818554723,-0.020447909326841485,-0.007774014922889982,0.012738840928875783
2022-11-09,-0.01905011885948238,-0.03318999915994625,-0.056567658703889134,-0.042676192754212194,0.051829583670897295,-0.026218050890694733,-0.017772798694438152,-0.01698348975407793,-0.07166757185130745,-0.005662002779505015,-0.06155051525598143,-0.03340160964997685,-0.011952872457857255,-0.01092106484396771,-0.000857897813868469,-0.015691565867789303,-0.008405567432551386,-0.01874889455470441,-0.03370783356400553,-0.03664693850233891,-0.015987468181209108,-0.03160272788823981,-0.018559247551364177,-0.0093711160254486,-0.018986257263693962,-0.012916330997613357,-0.026439387952444493,-0.02724451628889335,0.003566071833304818,0.009265893435205896,-0.011968880715334085,-0.01207550131085744,-0.019017256492816048,-0.018604327883346983,-0.008291595658311057,-0.013474456502929777,0.001094446482021727,-0.016864441043045186,-0.005144385997247536,-0.028058549585110892,-0.008987334284542903,-0.05975839845763031,-0.04210955441692332,-0.006179353327450121,-0.03653542826494838,-0.018345538540976203,-0.03144591064073721,-0.03019841034370263,-0.025497634714167328,-0.0057707735986832764,-0.007856758894324356,-0.05143767615874795,-0.01665641981659205,-0.0774064277503641,-0.0005522668222628369,-0.0021704642382811556,-0.037309145390208354,-0.021444915341748305,-0.022109411677478485,-0.019072362178971014,-0.014229198176242908,-0.023473295579512166,-0.00836134948079681,-0.018595072262501566,-0.022191806833856575,-0.028270055423188056,-0.016022412382921902,-0.009711258443647508,-0.018079504484759923,-0.00788714824186787,-0.015463521066188424,-0.009752212579794195,,-0.01347769336812743,-0.008504913986351892,-0.004864655089882541,-0.004565507673804814,-0.08023978851606339,-0.04638951258568724,-0.0005303754507888225,-0.021766111968539725,-0.03668602805284704,0.015031928198252942,-0.020657892428837643,-0.046218496460647795,-0.00427907948540851,-0.013454032898537527,-0.04859136510333628,-0.0035039137948056354,-0.013123359229664788,-0.007262759178939038,-0.030684568463366868,-0.0019633333439436074,-0.038549826781624,-0.04624670965461475,0.005557300895183914,-0.010043970143327252,-0.02186881290778231,-0.03656311027433745,-0.006289302046118661
2022-11-10,0.08226805787098601,0.08897457132383879,0.14329272851549457,0.12177847617944293,0.10249336159224343,0.07902529662608737,0.075813132956005,0.07745991447221923,0.07393437216942544,0.04726820745027038,0.14269030896247625,0.0797533859519679,0.01764208256872024,0.10399176095832985,0.044300955882281556,0.03985424746256605,0.01217705574560024,0.09281898009303546,0.08139533916636399,0.09412563720092493,0.04396308043797936,0.11029883412856711,0.05879142145155014,0.004695376826511,0.09202549451322062,0.029573877316501074,0.07682685623151264,0.12171284054244191,0.043246436311846326,0.005463252283614439,-0.0025169864546235043,0.05052935743310627,0.06032115694093987,0.08189974863092431,0.025082883461027494,0.09104649202001291,0.003401345728071936,0.07844559487428748,0.09886936197239016,0.1457320063284726,0.09650792024742039,0.08265725518861045,0.04223394575199735,0.056227772892263106,0.10951286228868118,0.060822255848359985,0.06900512106874923,0.10320288148305812,0.05828157764319841,0.01828160149118152,0.02155173897192686,0.0694803510547124,0.03190272875120925,0.1618088419925543,0.0534117727456771,0.08918146596001675,0.13471662353236624,0.08604277120668868,0.14567599822517874,0.0591250085885473,0.090416965215667,0.11661970111685749,0.06362240010961195,0.111578919833764,0.10161581369427064,0.08433272109058598,0.0453200110540215,0.0037105590073416295,0.06117016772571082,0.09524058179093231,0.05328010676385819,0.009848254854676997,,0.06653709401625907,0.03277979673210818,0.054901039732143,0.06617521951380456,0.19102529577531602,0.13835161043554067,0.034757267737406616,0.03175233278296252,0.017327804980379558,0.060533143836612346,0.07792436485255916,0.0362588846670695,0.06616828054542512,0.029719155258382646,0.1403728470537724,0.15177042316655753,0.10456558377514602,0.05334552610029686,0.1451182375672042,0.027868864966220652,0.05320241460871378,0.17218778919208955,0.047614024139667865,0.11230016005999177,0.09756097797361263,0.04337225034672487,0.014240454637056477
2022-11-11,0.016997304121461942,0.019268754171310798,0.036634947761656766,0.0430508514990382,0.010279734229464932,0.02274121911026783,0.026293391063554106,0.02718493403170208,0.027527264924482875,0.004560181236813232,0.0569592734971307,0.055133300341157154,-0.02008802398342413,0.03394448030032371,0.00563390727236035,-0.019053853149193056,-0.02831501889828192,0.006214782881201586,0.02251344325070659,0.011903626690787705,0.038144643959071356,0.054776198240485074,0.027477262491697685,-0.020583555722971214,0.027999696078705227,-0.009636905469316837,0.037332005689576286,0.03174636605313186,0.03558163555190985,-0.024981477812966113,-0.00894640893010168,0.011635103805653912,-0.022167329908327482,0.02300930693868164,-0.002770087655844633,0.03247791298052438,-0.009443084669562674,0.011378933891807774,0.03965360692564035,0.027907104312230535,0.03011967346832689,0.017642423100352245,0.04207239117823369,0.03671352834925257,0.05421332430873793,0.023062179261328142,0.07001951232523451,0.04873266795874143,-0.0014623392044764705,-0.03347751474470839,0.006966847508240281,0.02701396741238349,-0.011883184983999762,0.01641258905506593,-0.00015967731539412444,-0.029745657443872142,0.02494607159683082,0.01819388530392585,0.026193021896457447,-0.032376480073299185,0.03199120606715722,0.05936768665231895,-0.009883651926479109,0.025838794770314033,0.016532445959049236,0.027745902997977856,-0.01982570407757045,-0.023237319203541107,-0.001349521809632992,0.06059220209346794,-0.003048237976270629,-0.015814404212938116,,0.056919257224596675,0.015662075390875163,-0.0104563313274747,-0.03564289461753156,0.026520778378124943,0.07618925884496819,0.0028205284705529188,0.007137318910206192,0.025393108031046996,0.01972416190190196,-0.006199428013392905,0.014388506708808757,-0.0156810575248173,-0.004299965419711671,0.031048249866807875,0.010791543825385386,0.026164790756378897,-0.023440930867816845,0.06813407194189192,0.03301428795756056,0.015264869836314032,0.09279504621991452,0.0373338776155947,0.011037565894848722,0.09629629106351545,0.07196665425494331,0.004680220050311101
2022-11-14,-0.022500091234109454,-0.009485625904429806,-0.0019599884598809902,-0.022819754250081425,0.010617630625370689,-0.009400019108459556,-0.007364450647212584,-0.007236685137430476,-0.02561618738169713,-0.011232425468831742,0.01602868576331007,0.031503064064508424,-0.007413688860398615,-0.0022863807511412926,0.0056325641835346385,-0.0011163035507599783,-0.004993472298706947,-0.0051881516250898985,-0.002628982021155246,-0.025438693915892707,0.003233410019736205,-0.0264181507391118,-0.011421265747500797,0.000982382955896588,-0.02127653695697551,0.0012692346067018079,-0.011836239172242413,-0.04017410411513833,-0.018117155815097652,0.009134039848553321,0.010293413347323588,0.00041077137662304253,0.0034105289013641737,-0.01706694558957189,-0.01080253926959851,-0.006049256580992535,0.01258859426959913,-0.021715530109063574,-0.0021726048097877593,0.0023940130403299342,0.006171353007572433,0.0032218331311664183,-0.01570433313353281,-0.025949444570012026,-0.007755733987013347,-0.004383259068758805,-0.040248207036575945,-0.01669775528341655,4.510325758277922e-05,0.01142717950368155,-0.002728426848808585,-0.005472566324641326,-0.01222996885493377,-0.004382898117572198,-0.013162672703906475,0.017441237709161728,-0.02274604737078756,-0.00519817556344393,-0.023994778933294603,-0.02561229082573191,-0.010867639386133443,-0.015399288694331381,-0.016013319588734642,-0.012396181177741883,-0.019349518310970426,0.0005093873788517556,-0.014669922711472161,-0.004595890130536073,-0.0023165817307370107,-0.030004284370140577,0.001487482869169332,-0.021424725061365613,,-0.01670891592260082,0.04573599281909968,-0.012848219386504378,0.018161532281898207,-0.020709496140053574,-0.0513660692886152,-0.026847333691491504,-0.012725735146807304,-0.004745961364951756,-0.00581986217985464,-0.010089506638297219,-0.024822709426200462,-0.024064668436116654,0.03320084624729214,-0.02958029487583247,-0.05204740224385773,-0.015095227050190507,-0.009779168078313805,-0.037555357241738085,0.0040142372966804896,-0.006702497471533619,-0.02762305639941154,-0.023178510969017463,-0.033657402916946855,-0.029560842648572616,-0.01745025291554847,-0.003105587072796623
2022-11-15,0.0017387628384972764,0.011869399253607638,0.022767761787964913,0.004569038353104293,0.02503940272969607,0.021823024914028544,0.02863119728881447,0.028012105337922755,0.018172303095892017,0.03294219562984546,0.038623745606327864,0.0365222828703351,0.002602878543472409,0.016423293527874083,0.0014454679768052259,0.003576214604594341,-0.0031624274208378322,0.043211866386063225,0.01186157161377599,0.02353765846543543,0.004394893246041365,0.02648451313034328,0.0007326695278615514,-0.005958576103013091,0.018270082445923208,0.011408416318221759,0.021366133391161002,0.02088616137380006,0.011443741020114917,-0.002450740133292939,-0.01789737216762033,0.004208619070166231,0.012955875997445299,0.024246581888254015,0.00858039102730812,0.02021641146522901,0.0018105193559629917,0.004019100800376485,0.010644791366924977,0.034007066439083244,0.004823514873526502,0.08533417775100993,0.0636736639965032,0.014041280701462489,0.044292717331378295,-0.015408798203589424,0.01759222527288351,0.00391016049344306,0.0020951443307899442,0.00024246255536897188,0.0042993060412144235,0.03431751517821158,0.012587714029631769,0.03568120762214688,0.007767206587265152,-0.0044718715623248695,0.047985398200859786,0.013389935864625446,0.04025796243540425,0.029383129105171824,0.012247844012412967,0.021928419869615023,0.03349895266139136,0.027373522078585788,0.01933437521412662,0.012155176942627355,0.006316236583160384,0.005975046782361826,-0.000967477491588542,0.014835423034893047,0.0039606874978910245,0.0013683425234753965,,0.01103632914633712,0.035971638749466184,0.0060819852276878805,0.0006258944707064895,0.12144060417905855,0.10215047935195076,0.004729382519205627,-0.006020367350995981,0.0211529699831825,0.03236909769539231,0.012822599964129378,0.021157004616477293,0.017358342031404517,0.002407547738182636,0.020184006367501173,0.04608762338832162,0.00937065933356207,0.00837943353659365,0.07606860021216244,0.02383520038218534,0.026382956461341145,0.06441433337920732,0.01151383217363433,0.016711421096249346,-0.01392513930368322,0.002713384505855565,0.007788117336996692
2022-11-16,-0.000991881191690136,-0.00833111207633952,-0.04536179882679636,-0.018394983322363,-0.03288348491552473,-0.024198109029728188,0.004164933183122166,0.0027349740653141996,-0.03857627852399581,-0.004482658998405276,-0.04805559337896048,-0.013475251543734856,0.006433768124278982,-0.02182329743163114,0.0035182025388613702,-0.01135862180175029,-0.0008275525323275801,-0.041977411736614845,-0.038423915109257356,-0.03282390475204333,-0.008751436631955989,-0.056491018608442856,-0.023145804138236303,0.00059937555182632,-0.004315179659568069,-0.006637853244201519,-0.0670364444457342,-0.0720544199682499,0.005934364722478991,0.0005241210126740725,0.009523421057745063,-0.007768599836509682,0.0011842246340407758,-0.023611999392863292,0.005413742704723612,-0.039242575137517055,-0.0014458162238798478,-0.020261167914708667,-0.008228605324814953,-0.03476318394989941,0.0007111242934763062,-0.048048521959368706,-0.046890294406667365,-0.0010508633520154298,-0.031355421844803,-0.0022356977329355265,-0.024109912901134067,-0.03138214640184822,0.0020233220957805997,0.010737814383354305,0.0060323661379126925,-0.0453634962904409,0.010699032589035928,-0.05480985953294959,-0.010437018426750488,-0.01946523737779915,-0.03328360035264,-0.0003222761411713071,-0.048041341005160776,-0.012208736985227397,-0.026868365048603793,-0.04102243996531507,-0.013292464327120945,-0.04289060237905418,-0.010568438699439908,-0.03432985329899063,0.005828251916070837,0.017548533885407114,0.0025178626908504143,-0.01910773566289281,-0.00969836708255134,0.002732945441488832,,-0.008110364216078692,-0.001186182235699329,-0.002901678955701814,-0.002345606318832738,-0.03995524924338156,-0.04250866547709542,-0.004707120744640081,0.004348482403338627,-0.04819495366454851,-0.009172769270488157,-0.010550218735725592,-0.021366133391161002,-0.014067827644994702,0.000767265952581031,-0.05397041684422377,-0.08436031322562476,-0.005074578147404973,0.013800271755435523,-0.04692373123102045,-0.03514574801639181,-0.015043789038289623,-0.040691946258898604,-0.002177583127400795,-0.028093471645390555,-0.03706973337353414,-0.00639611627234371,0.0015456304800807175
2022-11-17,-0.00020685497307570966,0.01297135574741759,-0.014644888382585708,-0.02337318995330062,-0.015720271623416937,0.0007425289841844762,-0.00495698402967415,-0.004949973475541158,-0.020062058831236462,-0.005323268217208854,0.01650625348018986,-0.03509571472435802,0.00953287125434299,-0.0017139478253216378,-0.01015795564330102,0.04956072974068304,0.019947537908947766,0.01764265049443181,0.012190948006504332,-0.029924296778211734,0.00824010544640652,0.002206829062034066,0.010953498345117163,0.012439648010582172,-0.008629940151717697,0.002383151901102609,-0.0022082088632000563,0.012692693393036247,-0.03626017661757497,0.014601857711593391,0.004635277038486985,-0.0010301686868803284,-0.00027597218980046634,0.0012401373035515473,-0.008461585411658645,0.01503692188523531,0.008928638002983824,-0.015902940709882296,-0.021662461695353796,0.021380296217884176,-0.0222669341066285,0.044257039686404376,-0.046966553008175094,-0.010086663497824166,-0.030769219329938924,-0.009282938870147417,-0.049123788551437064,-0.016084576185122157,-0.0054519591715864735,-0.0047962782005291915,0.0010638356743546407,0.019235326948439768,-0.0023188159216899207,0.039763320832562954,-0.0041260982950407366,-0.01777920209415562,-0.042345079200077684,0.0338491044992153,-0.029212294165220976,-0.019583949969127823,-0.010056669425329678,-0.034221751532280686,0.01481865601218435,0.002036957185254762,-0.004188274991713481,-0.027346498834069033,-0.007465992699959845,0.0015919706945410894,-0.0032843542205949205,-0.03670668565468227,-0.002240822042105739,0.004088349182158613,,-0.011879342453740116,-0.007287482340165297,-0.020856083366606493,0.0040752088501934125,-0.02644879121126953,-0.04172734521510002,-0.015239143723775883,-0.005334795584837293,0.017612297943173205,0.0010099541061290296,0.0017497378438651179,-0.013231876433587364,-0.02452580891651579,0.006799699879805443,0.0116659508343111,-0.058636973625207034,-0.03558437476339138,-0.01727166730747476,-0.025650202685851164,0.037359925368747104,-0.015634432085406602,-0.062396296313118826,-0.011407538184057264,-0.030674320791642784,0.0045829689673848595,-0.00643719548061783,-0.018518500803374915
2022-11-18,-0.001903307965153811,0.003781794458686649,-0.017095157629214208,-0.007485493894513584,0.0053836349927784966,0.0059557280275934765,-0.009455066077723284,-0.007106568002458791,-0.016269016527425406,0.004507741028392909,-0.004465518595951901,-0.02472225624203228,0.007221035719449764,-0.020631683088357722,0.013834253723077117,0.02575661642003224,0.007173293144387527,0.008057934713099124,-0.0006690716233993532,-0.004739702355322839,0.007005303275684938,0.0023934897779258613,-0.0010265050977633638,-3.473459265879164e-05,0.00513861408269789,9.325566627760296e-05,-0.0027238652168912747,-0.009671245163632936,-0.00024731572494007814,0.015263023812475796,-0.0031796782036498383,0.010106174231230503,0.009741612826602353,0.002353408558491976,0.008378602654721679,0.0009308920785295882,0.0,0.06974960615248116,0.0049959160256958235,0.007011431747522501,-0.00048456588792933353,-0.005669759157706178,0.037696991816642766,0.010877073700608753,-0.0017236963423071794,-0.0022617641501538888,-0.01540791905005201,-0.00840730062861439,0.013738486632966174,0.009988239785998276,0.0034778938095325618,0.010876630862173275,0.007477747277845781,0.0015934371577039919,0.007890728287711202,0.03609105929882106,-0.013910302394935736,0.004365431586550006,-0.020076382083275446,0.00958808448958437,-0.03675651803110325,-0.006984665112150457,0.09864184624335492,0.005149712003025719,-0.018121723852562943,-0.0014392097318769448,0.024811935466988455,0.009271482758174576,0.0013568461837019097,0.008405643179294486,0.005074035968704704,0.015743702876089172,,-0.025787825448891244,-0.012561161692555722,0.000619232839106143,0.01576650288359205,-0.00579306647166955,-0.03139244755612147,0.029349047552115426,0.011115491662758492,-0.034367644953309684,0.008407600298248052,0.013100486873651507,-0.023466334721079174,0.019444267412727534,0.002781085546821771,0.018984650014537863,-0.024077576188615613,-0.0006559677898920757,0.01846883936613075,0.014478944991144882,0.012154825420355175,-0.0020769477350578436,-0.023871961435945388,-0.00893043333673238,-0.018337169536642994,-0.017335728076824375,-0.009469251383029675,0.004716939047391788
2022-11-21,0.003440849957940584,-0.02168020969565021,-0.00597052495820638,-0.017845764989037338,-0.01954486730709548,0.004425866557445701,-0.01878273453066459,-0.020143161137332055,-0.06837231343190053,-0.0005728565752454173,-0.015087679964060907,-0.010174397810890023,0.019246707428016707,-0.028320121900601625,-0.0016123989699234897,-0.0035572709852647044,0.0070550496461709855,-0.029471147120293195,-0.03113492731993006,-0.013339666973231523,-0.004347870315330571,0.004202506726182165,-0.015869385178260753,0.0030282818452123106,-0.006714659289634661,0.009462540394573393,-0.024240388174412764,-0.014342058540558145,-0.010714968328583985,0.004990011441545539,0.003054036159310991,0.003777465626441545,0.006171459876749497,-0.016126045795032407,0.013232814873363585,-0.011239865620156664,0.008729917526448583,0.01874850411840634,-0.0032833387834022565,-0.021697342538066988,-0.01914921573321471,-0.03606555558467861,0.0009874565422374193,-0.007297061935432558,-0.02467809050298231,0.013277259258531737,-0.021069833582119113,-0.05051814658536069,0.0006453669538979412,0.009686610433387699,0.004717451463421396,-0.017971363813046537,0.014042142113662281,-0.0556818355213512,0.0034410064450507427,0.000964590942625243,-0.02412435881424846,-0.005277807320002825,-0.0183961363645595,-0.009321118072594392,0.00325979221421413,-0.05180992297701614,0.043777366615714186,-0.025886452964066664,0.004398444020270009,0.0008715216491808064,0.020486445788671093,0.008923888876762875,0.00754934941541574,-0.0024161008108625204,0.0059587950822830305,0.015499782454185818,,-0.014370438625579185,-0.02665343045045654,-0.0029703649022181366,0.005532512863684502,-0.02913403153712979,-0.041427055776440014,0.0031103920733401846,-0.01706642980822226,-0.03987962923350319,-0.029514764411120664,-0.002586266005079829,-0.014074832105189783,0.0369367518157071,-0.004159958086064619,-0.018078906640152992,-0.010104450623537264,-0.010173924283828795,0.004387292538869048,-0.020255154942212306,-0.020459559908904246,0.01150835501829306,-0.0804353278558978,-0.01356683591610397,0.01750090974373597,-0.019498609955544755,0.021132079310387075,0.006259775068669482
2022-11-22,0.01231148808084015,0.014661159715434469,0.04707192531212678,0.008003437930963697,0.014381957239000931,0.02436994683840754,0.015167412142053971,0.0156527180563395,0.012152311933396831,0.01639378865791219,0.03850401532954484,0.005753428235993008,0.00010815394913832321,0.02920779785893779,0.016119911257433506,0.015959726024302734,0.01147585511521676,0.02870220187378436,0.03040771059181524,0.04594669596354173,0.021834062105273278,0.018071157855322983,0.027958280132613478,-0.0038520816734934904,0.009794460277273265,0.010158833455135019,0.02554232135007184,0.012151507930401095,0.014316292665529584,0.016698287714928428,0.013870470474041996,0.0011188019801973148,0.016964266357320845,0.057711547761857496,0.006985559531234253,0.027061911049510723,0.01043277888241434,0.0061540445540198,0.006588215265703523,0.027434635351504033,0.020635094064598736,-0.012718139240167847,-0.006095403023548052,0.015012793125493973,0.001770474310168968,0.02013420077766659,-0.004492741712349924,-0.008929599601072424,0.012587296214947585,0.006781731985294304,0.01590647602245654,0.02700620310193047,0.020375917102665397,0.032972297401699935,-0.0040506553869390505,0.030838390322735165,0.021578187176969355,0.010299563262418543,0.011622246472079212,-0.014645850099806457,-0.0007645434969545395,-0.023882751653547363,0.026446959132670367,0.04055363744187934,0.01791748147615002,-0.00904223761500944,0.006011782602474369,0.013527587834052834,0.006532183622892429,-0.0018407075459844213,0.010119257068346599,0.008684258711965542,,0.0448509154280996,0.016067871784388288,-0.01402677864527102,0.008711595478612999,0.0012417502829049631,-0.013905884993661966,0.01937984457918218,0.012982978681254531,0.009667290453618138,0.017697573295441638,0.018258453824357757,0.02681060153805892,-0.007224246033923132,0.01687496686501122,0.03640191542298954,-0.010377690081994628,0.0113975464767615,0.0024752208530858244,0.006180079084805001,0.0189193280728579,-0.07788677044378933,-0.0014964033077798922,0.02935441446570164,-0.010025844480696322,0.022727250149756628,0.029563950688059837,0.009331251070195501
2022-11-23,0.01040690145884815,0.0059263196953200925,0.029991254596284378,0.009978544373689724,0.007178709662931881,0.006772996770393336,0.014528552172871967,0.015308721213792564,0.07821783885404354,0.00477484344216017,0.015282412304038706,0.016777695481644317,0.0012984499995625232,0.014808975532443647,0.009124015472203206,0.003927214190042827,-0.009762605057664353,0.012131014811884722,-0.005030168345585451,0.009229266032154015,0.012250721477746307,0.005885624514476051,0.009931127946693152,-0.012715534059234646,0.005895847647517272,0.0006857248081926226,0.00528832103274568,0.012686007728458515,0.011546136204982904,-0.016548485574255478,-0.018512333300530592,0.011073822356102436,0.0023284549708750824,0.00457165769723189,0.005429054797256638,0.009027192090502956,0.00222920103870039,0.00832998164981058,0.022418697337318827,0.012814198573857016,0.013983036327279708,-0.0007489971563477971,0.00550589209652852,-0.008960394574636266,0.0374815627651397,0.004699236158262954,0.014168749909917455,0.010511779494372986,0.00017567111257799084,-0.0015373212433399397,-0.0012262297892018381,0.010322318484120574,0.007464100579023469,0.017707413062761246,0.0020335649643470344,0.0036356717120633597,0.020849020382359473,0.0174545091149112,-0.05662990386743483,0.017205621078818734,0.02046671231461361,0.04874886062878225,0.006593234652238378,0.019154062723608645,0.013749814220689771,0.0038188743025382443,0.01515311261144392,-0.0015399784395185856,0.0003817609848573156,0.010676227996880394,0.003095006406504286,-0.00026094797163211947,,0.012138563977526218,-0.015479697288185434,0.007427877824799367,0.0018182234330610392,0.02397684625469365,0.04119999519009565,0.010646341212238175,0.011117992540959465,-0.00957472876958787,0.013506656141202056,0.003925758584424788,-0.022380462954716518,0.007836603431873979,-0.01066115349718888,0.0035259308891057994,0.07013928072001963,0.012006753059980335,0.005083492837732573,0.024276158654370272,0.0038621826709612783,-0.014635399350272138,0.027043604483464545,0.0285173056560295,-0.0004050787173441872,0.04999999558484114,-0.0007179371461318862,0.0015408673704950804
2022-11-25,-0.0003635040682811175,-0.01959360938875554,-0.015073584698609643,-0.0076489282090407285,-0.007394816620252875,-0.006989808487962823,-0.010156408788324911,-0.012345691403265802,-0.0018558752377418886,-0.0015529141892438592,-0.016492174228604828,-0.02044593981158882,-0.005240983418557388,-0.004407680599525232,0.004550044166198752,-0.0035000652669023857,0.006195097021181706,-0.013583735972110156,-0.011122343203824991,-0.008538600052285017,0.00337750494525646,-0.01718211670458336,-0.01067151887872364,0.0011997048172653901,0.0025713467362176168,0.005207616694429484,-0.008824036230625998,-0.017663619428466726,0.007707763125386791,-0.010058175097884314,0.001183087378315184,0.00040193847343883427,0.005217555430061527,-0.01247045300477756,0.00030004909270053837,-0.01454766433655863,0.009833809240124003,-0.0019064229891323503,-0.004935815771660024,-0.01988896119241379,-0.0011939403904286383,-0.014390632553555327,-0.011283922398728663,0.006502372303312853,-0.00596207212385258,-0.0015590657167551258,0.010762712874759606,-0.008297190946691124,0.0019103977357215474,0.006052941085744612,-0.008121641763058074,-0.014326452914137033,-0.005388218579326476,-0.016025658380238283,0.006365042656483411,0.005588914305288073,-0.002410610815451242,-0.01184160279592339,0.018216857991913304,-0.008147344880123475,-0.008247397175136117,-0.019618249813175614,-0.0007756299132761768,-0.012398910775020755,0.0017474409478979158,-0.010234685241946595,0.0035740983612080335,0.0,-0.0015263884104241843,-0.01241210343285204,0.00040593878594252786,-0.0018267143888749393,,-0.00030757663784564127,-0.0023188941110272587,-0.0004997911498447749,0.0007561315832804727,-0.003027887022745146,-0.006240887477621415,0.00501632225476456,-0.01114849296745335,-0.004466952092856968,0.014825910507187512,-0.005495711872400277,-0.011446407373546519,0.01566227168915435,0.005602180329764783,-0.008108087488122862,-0.0029719096111006094,-0.002105621389391299,0.006213877516459965,-0.009494587476224892,0.00044390024391938177,0.007925952086345278,-0.020030537818407135,-0.005041243478125179,-0.013913888294369348,0.01146385473471545,-0.0023945995723263502,-0.0015384967510516656
2022-11-28,-0.02315249448118173,-0.02626425881856731,-0.027227982537642692,0.00578089353348199,-0.023606541570440398,-0.01453067796815155,-0.014467433264520602,-0.013831951795358344,0.0003281065208000644,-0.005134337166473046,-0.025951516689935228,-0.015304318086479252,-0.0011949444352494787,-0.01594372350251616,-0.019511064858933058,-0.006611563734210235,-0.007613433512340784,-0.03167271064700106,-0.020790750074272224,-0.017402569753158903,-0.001683067902464419,-0.022207507851996655,-0.022985300479298476,-0.003947258602012171,-0.00939158219936509,-0.01945011915446404,-0.045540144741670674,-0.02210698072514483,0.00013605535066263386,0.007412539859428913,0.007130923949412393,-0.009039713926817905,-0.021292007481922393,-0.018433191085995837,-0.008097179423584344,-0.013394022643654968,-0.01217253681607311,-0.00798752589388263,-0.010582068831888058,-0.014361989075260317,-0.014105556420948906,0.12623578785943446,-0.03176853015129766,-0.022395861791590033,-0.004284227707541555,-0.009993744230151314,-0.024265333895962415,-0.0018731458847286442,-0.004229935613239366,-0.0039837532404672915,-0.013519893576369846,-0.04974229090537663,-0.014414292866150924,-0.0072126890784719455,-0.02830103571503495,-0.02418697010025006,-0.025036889747000912,-0.0004608815637529018,-0.026462660528678295,0.005089282989501953,-0.01568697824137333,-0.014782759631852493,0.0037088174583495004,-0.01757634284707188,0.005869960947200825,-0.019286312794649985,-0.002618623617926419,-0.0007712748796212532,-0.021784887530219454,-0.02737256818604683,-0.022238437498006913,-0.0013071695963541297,,-0.014457420580446523,-0.0057822508444667076,-0.015503943999979342,0.0006045174041748869,-0.007693886876112832,-0.018305654519305326,0.003993008450977831,-0.008880261748914098,-0.037436454075052916,-0.013460271166623627,-0.015409107032461455,-0.010877174243592358,-0.029146398935697926,-0.04342126909723876,-0.046866517301003,0.018690080932554975,-0.019031011178963775,-0.003446759632864227,-0.014630621832770307,-0.05487352538057266,-0.023326496640354133,-0.02876480541455162,-0.013348876097157625,-0.009498158723593497,-0.04795119249612145,-0.0204032279701003,-0.016949100239843973
2022-11-29,-0.005914926821115607,-0.021148266717113118,-0.011878466115260111,-0.016285245651894598,0.0062511519838810425,-0.0015702634758352207,-0.008953676033598201,-0.00841555905032465,-0.011425739989130657,-0.003691631508681903,0.002732571957519747,-0.0007469572238372191,-0.0070694603081878915,-0.0066571493852930486,-0.016967754750376707,0.004159670146123284,-0.00853901822158043,-0.009703895375817284,0.005917162513143337,-0.015377095135641894,-0.0030907729665621275,-0.0021262319330010993,-0.00011563163272221288,-0.0022291589190328587,-0.014620875119158439,0.0044028221227756514,-0.011300467589510976,-0.0026623269275775074,0.01625271266503625,0.0032667263532315527,-0.007282682636276294,0.0,-0.004916150194265612,-0.0007316329565665303,-0.0015116926956074694,-0.0016003150327705828,0.006454677357906835,-0.005134517101034852,-0.016589668011917746,-0.007748515999519978,-0.008669249483102104,0.059149183969061214,-0.03481886833825376,0.014915948935058765,-0.010397970455175876,0.014826416236410234,0.0008393934847694684,-0.028650080154935975,-0.008033617832249762,-0.0033194345241951417,0.006273540411638301,0.0035953462275830628,-0.020514295192724963,0.0056246001585598115,0.002877157805379893,-0.004007987165943416,-0.013425108077398828,-0.009529590231372564,-0.0008703016248911011,-0.019365730754958954,-0.009408634048369335,-0.023970747240888546,0.0036091618031490746,-0.0016141394013808874,0.00011013142770410767,0.013006381467600026,-0.005986134084403738,0.004373604021458588,-0.01797222491944539,0.02214442693427565,-0.0026562604099088505,-0.00261786091154681,,0.0021067900122817562,-0.012715309181444034,-0.00622298548467437,-0.0019634081742262444,-0.006529273735633279,-0.019191556263538634,-0.005717115208884294,-0.005921384725233625,0.020942112677237557,-0.007986681437987309,-0.006583924450138112,0.01631781042064584,-0.0034358490110363293,-0.0016786236540613508,0.010863381163181751,-0.03511265258336915,-0.004632865014219223,-0.007782114429704112,-0.01367755339739074,-0.01611897604692547,-0.00879569029036198,-0.008362348071374148,0.0008887649219042615,-0.038449108833552126,0.020146544458951476,0.006616036478263476,0.004702152418976979
2022-11-30,0.06162359025405717,0.04859389884061516,0.08210241312105615,0.04457912603558589,0.0789329386251938,0.05684806731180525,0.060930720386664916,0.06297144125206477,0.07670184691003823,0.01945322444023123,0.057773510001794204,0.0874501995710204,0.01599210377079885,0.05554193636172533,0.013585594327924388,0.029826066234776683,0.019109216054275402,0.06850820069703456,0.04048443224005305,0.07342447001716801,0.03269447188214358,0.061501195875264925,0.04324205787419433,0.015638865969831217,0.044783722573976226,0.013058332480224921,0.045899902812418736,0.06861218850219397,0.030880007503975238,0.00022131105867440048,0.021220512382529533,0.03588073337455544,0.027542274788320276,0.04893528770717359,0.023618432801150835,0.05027651537231437,0.024137122705944147,-0.0035775064805781964,0.04906384694783217,0.050620205629064774,0.05210364965179215,0.04602831309836586,0.04692663564141197,0.02536284097731567,-0.1474637570588485,0.01616414321918258,0.07087442158621182,0.009917623370867767,0.024606705890558134,0.017429063230679276,0.015825797787973217,0.06770291900658232,0.03076460233148004,0.08412958804914283,0.032075284299676765,0.017896880609388433,0.17166776218309932,0.032898743588893664,0.03468595412700304,0.053356277037906796,0.03043224830743596,0.09205099050180432,0.007534868109595028,0.0669630980727709,0.04676315614849558,0.03608716322468397,0.022715282527397074,0.007940511048257992,0.024666756564113435,0.04134879698609062,0.03229294385470527,0.014960622510559407,,0.015599070246747448,0.015939993432948274,0.03565496377670718,0.028601684886155887,0.07085645636159343,0.05162366564997867,0.034249973297119096,0.025001979253595374,0.008722902626281392,0.04344180139196152,0.024771824822007682,0.012914514630362861,0.0383203205717082,0.0472187282272567,0.06334835478237455,0.07819031840418655,0.05680920039711035,0.01989837003550532,-0.010381973243655196,0.023540632533488814,0.025870261338790446,0.0730147516994033,0.042821944081166796,0.04559617477527733,0.023339251992336107,0.010223908233319756,0.012480487614731084
2022-12-01,-0.0017637255989600975,0.0018915002472865705,0.01252739129882019,-0.010772746070691896,0.019813751037413452,-0.0005081924432182028,0.0,-0.0016756843179802638,0.0,-0.06562821446163658,-0.0019321641348862828,0.037377715685404045,0.0021023093159224793,-0.002377315228106358,0.00231811327219833,0.005028157559575863,0.0023107805969384554,0.002529841886540707,-0.007981369256863435,0.02080524807409212,-0.009825344332654917,-0.023631353776908837,-0.016402563469702702,-0.0016061154500037755,0.015163191552277855,-0.009838322168459146,-0.03746747251069005,-0.01956050243207741,-0.00921393279918925,0.01378007570558637,0.012691203768021575,0.011448197977269814,0.014424158958515676,-0.0025013549264736312,0.007099478231118006,-0.006155368047121024,0.0007969907020937139,0.05002943087319256,0.05389641082767316,0.005163478710862757,0.027551765160096275,0.020721561790236764,0.010762757533759881,-0.0009676665025897258,0.0545686195127939,-0.00030585261404791897,-0.008517747716671797,0.0015303546943397084,0.0014509364405248526,-0.008513181042658191,0.0003776517881948216,-0.013648737184187576,0.0037915553892111653,-0.024075643182798978,0.013306286638962606,-0.0171660578311581,0.009410374559208234,0.01667669247395054,0.02465954841690543,0.01504987975895622,0.04176074543031061,-0.01939915996764352,0.0026345304054751217,-0.010986269980554186,0.003970470866710096,-0.005683787007645491,-0.003305781867105062,0.0035578960552635763,0.0009707445813855742,0.031230230969634398,0.015077019793490187,0.00103441731113052,,-0.005443545289421703,0.03166387328448139,0.023568558873854784,0.005443506113617769,-0.004411191885859367,0.028899478446607674,0.0038675332739444013,0.006422972516678227,-0.022429450266111317,0.006590577936762099,0.013623872627937406,0.008270150493879802,0.013227328871453503,-0.010879205616986187,-0.016090414010328513,0.06469018859306086,0.020880779536301963,-0.00042721131836198634,0.08280257253241818,-0.010722589635903002,-0.003792614883843193,0.06058025969021541,0.006717750667725397,0.012747609849391495,0.02017548277254222,-0.004578280161662285,-0.012326645073559295
2022-12-02,0.0012956999799418334,-0.0033713168918532155,-0.01511532830127249,-0.01434557849824114,0.02532377416587228,-0.018066295428109447,-0.005446038558246102,-0.0044430978837469715,0.0008217959148295595,-0.018517022275058692,-0.032266389928805816,0.010916520971193666,-0.0011295936631124937,-0.007497563808355534,0.00026684556509737334,-0.005403250973942453,0.00395234907558728,-0.009068637478310881,-0.014079788044523922,-0.019588035073466736,-0.011576576159781582,-0.002803504773094878,0.0009014290823063931,-0.0015037863611593316,-0.008160553441174168,0.007774057896642761,-0.014597249032078152,-0.011810685856749603,0.012206971769467057,0.0019016876574116104,0.006765309863026037,0.016252300092265637,0.007277408474034575,-0.0166199610201464,0.0032310358721623356,-0.0029944293881621897,0.012855486163845908,-0.03200667965488446,-0.027023203133015206,-0.009079585944280488,-0.02460689067515176,0.031048465971432737,0.004314510490281531,0.002663614231510847,-0.0005641951720511962,-0.019277878281275806,-0.0026661069617492927,-0.04928046832222488,0.00017296263413180135,0.0014349150461510085,-0.0015101448987324684,-0.013722352682833616,0.0076513405862213,-0.01497797978681048,-0.0019337931956363574,-0.02572245446995136,0.008909663698909442,-0.007684301125118642,-0.028125415703022183,0.0006778093017205666,-0.03196100439916283,-0.033788521380704095,0.008645504441803897,-0.012895839379034268,0.010921331596474904,0.006513979725675467,-0.014096191573710448,0.00860977812450403,-0.0025213550165376075,-0.008812135429192791,0.0006354394764502835,0.0007750605710081793,,0.009070815978205804,0.004793973972110566,0.006148308077077891,0.0019023249894500882,0.0497014416998367,-0.04181097967412695,-0.001926270616634418,0.0050144635055011655,0.005252313625803584,-0.0036729406924217445,-0.006223536423943576,0.008544087424621205,-0.0037605939106988284,-0.009773106335533965,-0.012839532040416102,0.0067114269441066465,-0.011055025920135408,-0.01495943888354101,-0.10733560212343207,-0.01759344854805711,0.00988509027165585,-0.010930000282674879,0.022180456546117222,-0.00950831340085212,-0.0068787551950854064,0.004115181875913088,-0.026521073376090443
2022-12-05,-0.01890050679737698,-0.00798317228381984,-0.015761960712866507,-0.033145598727553405,-0.00858367136553928,-0.018786933013801632,-0.009557935694323505,-0.009520966647220575,-0.06368676805520912,-0.011869846382781768,-0.018138177506840547,-0.024406252098375214,-0.013840310681398682,-0.02178433071179242,-0.00915961547942723,-0.007444646402514077,-0.011744691961889209,-0.018780841489527855,-0.008160481889267435,-0.03132966846099827,-0.019799193318131292,-0.0026239226098692114,-0.001519780856103381,-0.0021015238800494718,-0.00929292480917121,-0.01588458872764975,-0.01170445109869278,-0.011077866531492342,-0.013867540033542625,-0.011730992534935147,-0.014274719440890316,-0.014278914387665043,-0.02041489208095404,-0.004684863440945097,-0.012882407917862104,-0.0025413036260892863,-0.011793726123328296,-0.01563493491268142,-0.048539574811976904,-0.008122771238436965,-0.0346226655193298,0.016909969606131003,-0.0668415910150505,-0.021674886740598254,-0.04572579168504287,-0.021840838447864552,-0.024653444195737895,-0.013929826741425066,-0.006745497860510152,-0.017835297861824806,-0.022969966370877115,-0.01572549093767428,-0.017973882450273426,-0.03913237818047821,-0.015883001488098958,-0.021512422177731194,-0.03731215087344719,-0.021593515185221568,-0.013524942630640746,-0.01312338535050317,-0.03618732362095245,-0.03551366430953529,-0.013781507476037236,-0.009442449238027617,-0.01259096213508415,-0.04322270455367405,-0.006307885683247472,-0.005272480279079117,-0.010499726080557714,-0.029864462128546765,-0.02214637911718864,-0.020134294274635978,,-0.012478020489496644,-0.035207091926774514,-0.020129407184337422,-0.0007302913811354506,-0.06698479378688116,-0.05956360598011379,0.007237617166192534,-0.014061087296008301,-0.023786653060406726,-0.031094705011823764,-0.016261506826665828,-0.02677061705862538,-0.012349053681906863,-0.020575423292294337,-0.020125974839502292,-0.052411343188995985,-0.029017672476504996,-0.00665315430334712,-0.06357085222444836,-0.006395930924580351,-0.0222222267074631,-0.0714865273093459,-0.016366299598516765,-0.022398948708746924,-0.03463208360164882,-0.006509172149067877,-0.0096153757981291
2022-12-06,-0.020303764560419157,-0.025369986338581674,-0.03750759035159523,-0.03032636052572657,-0.06787550059527725,-0.009083384575534037,-0.02513067868554464,-0.025633374562772704,-0.01441485156488942,-0.015348094674811907,-0.04550402035500001,-0.02248951937571886,-0.008136687822766109,-0.008800031349734838,-0.008257074388169361,-0.01500104705045735,-0.00816621808135154,-0.028548290229833517,-0.01954061341561153,-0.013564852129464788,-0.010810840728853521,-0.016160868324450073,-0.017193771138463543,-0.005685988896019012,-0.012642754140131718,-0.011178124275897594,-0.006661743231912598,-0.02101195235832576,-0.0069681199253612824,-0.018230505143739584,-0.010563295221338032,-0.014196051930277287,-0.02216428588247843,-0.007924224619125786,-0.0020762181375474364,-0.013717005917537106,-0.00022737294496089078,-0.019412923966818263,-0.0098107287342164,-0.012883021550706864,-0.016820875518591127,-0.010136666955737894,-0.021328945501607355,-0.009688917122190777,-0.03802923967181937,-0.00606062302219057,-0.05471524995192423,-0.018880729934677598,-0.014779844780906992,-0.015941172850901464,0.00299920225737349,-0.031418859889203676,-0.00714491279849061,-0.0437514781174696,-0.00631841426525237,0.007994683990910412,-0.019743636400883502,-0.022222209319474273,-0.019053373612208935,0.00231644027210276,-0.015869938530732375,-0.009768935980378313,-0.0070722718706383025,-0.01880389666982618,-0.02920264670905326,-0.009111038650823189,0.019572642501266335,-0.005047974970501579,-0.014737669659955932,-0.01636271215787688,-0.020780949243067948,-0.0076396449557862844,,-0.042858234485074975,-0.013584945655360392,-0.010026897860896167,0.0020461764600276933,-0.06667976749555293,-0.023911190636150992,0.02682632172179078,-0.02307924052365662,-0.02669009356431562,-0.013399526270769013,-0.011715547362244783,-0.01183844570740622,-0.00606060959510013,-0.00437232717095426,-0.025569398335306026,-0.06474067424866647,-0.021621402923549526,0.00931856998841929,-0.0399039627311123,-0.0214032511976332,-0.018601190936956113,-0.027097893667417883,-0.05337452359966777,-0.036846557843089656,-0.04843049150921919,-0.015044866431903725,-0.004854325858332009
2022-12-07,-0.0030597259095139773,-0.013784907775671984,0.008319271105749149,0.0023795930251859776,-0.0016649354787361403,-0.013921127424322721,-0.021035273715336422,-0.022197061832359366,-0.032143331123685615,0.0016834266198952896,-0.0018499681176631366,0.009359915865924773,0.0030280668291762236,-0.013498418550780378,-0.0003016775370003888,-0.008437947028700932,-0.004016373960553099,-0.013107361085526903,-0.00944057532036291,-0.0028990838071513148,-0.004314107676274492,0.013370275409414267,-0.0033841708746348287,0.008718984595997403,0.006195764002894233,0.0012195436177049324,0.0026080363050022815,0.0026856901560439184,-0.04242009083290599,0.018504823638913592,0.022475884632959353,-0.0020572010257230433,0.002668945362875652,-0.0030028227523571926,0.010997144504403922,0.012655271441139426,-0.001932675883523527,-0.01199832005943502,-0.012865073355414425,0.013995426968740121,-0.01875844589712372,-0.012541754934482507,0.0008341779892280243,-0.019879120191560684,-0.005534611900890107,-0.00802310658614347,-0.017396936198452728,0.030319738477507574,0.0014581849437262928,-0.0010486164758438665,0.007909747215504748,0.005334775002570735,-0.0020701801993149305,-0.01654904606109997,0.000368621073145059,0.01310864130213707,0.02082300816585403,-0.017901583895136186,-0.00652589419083216,0.009244216503706326,0.014749262979460998,0.01726427363342875,-0.01004031735348454,0.001197816981850508,0.006297261006123378,-0.0016369505039567356,0.003112954382207045,0.011922913306307237,0.0021938693994933978,0.011338720934503943,-0.0015750212744561898,0.0071675198005785035,,0.010022364647265247,0.03146252693962448,-0.00988136649468807,0.00422988514956546,0.006743934450558653,-0.0043744975757927795,-0.013062691218712619,-0.010988160157280102,-0.011938420339486777,-0.004024109091644079,0.0005954347032626206,-0.01761804139484313,0.005053908271070329,0.0023329765428119487,0.0057356113870303815,0.004001280439046795,-0.004018022763686457,-0.006491589010722221,-0.014917679906213066,0.0014800222094291104,-0.0006891642928551489,0.2322897231545924,-0.017576763486727542,0.012331336040426466,0.012252603077051338,0.0014782304278260217,0.008130034654042939
2022-12-08,0.012399225927241408,0.012132761639400691,0.06507447699600255,0.021365582288144003,0.012288260529525363,0.0242623280421288,-0.012955585899554922,-0.012611713698295057,-0.003447430865732959,-0.001141124533841853,0.004704902109015308,0.005965878535057367,0.008782556635420935,0.018060469048497563,0.009746563204032777,0.016811983564973154,-0.03346996405841762,0.02994671299335394,0.0038828312971337375,0.04299496132123637,0.010109829567210404,0.023560455994909413,0.015021586246627638,-0.0006649021378536402,0.015151506523593872,-0.0004684509072671039,0.025641045632483372,0.024128930517145486,0.02822718275989411,0.01177662607874086,0.0015046558801450338,0.01835668073789498,0.003201861616993762,0.02192638702544225,-0.006467770826127817,0.020175776659356437,0.01913657919644285,-0.023741596964882428,0.021031494179511556,0.00921267030418016,0.021607829253585953,0.06164065409390096,0.02365102595886026,0.021490366919162396,0.009187287487320894,0.01973473352839994,0.036393462634477514,-0.002687408669215019,0.004103458952854133,0.009133806543168754,-0.00842190483825811,0.04586766948727017,0.003062309081436121,0.0319228141647705,-0.0013587497955690475,-0.0060889154198215945,0.02798689033625479,0.01283882344796261,0.017016699116783274,0.040369725714507476,0.025387624264136655,0.007273394207707229,0.015429947727801485,0.02113513580940296,0.005855083587086307,0.00216289946062731,0.010861726198885258,0.006267234991857995,0.018308421272543507,0.020090460173253444,-0.0023247988510552986,0.009752313125324097,,-0.0015471660145114363,0.031843558370068026,0.02781930670735666,0.004647780710474558,0.015490848998919393,0.08406558240170847,-0.012762961427560504,0.0007935756878487688,-0.026947808593818068,-0.0016835401725502352,0.011360512715106852,0.007173628728830872,-0.004263303506026883,-0.010439800981304925,0.02879960493354461,0.0816994078127895,0.008068527616668542,0.013648827857181578,0.04630603128893296,0.024958893349460665,-0.003379581175249835,0.0904654478291913,0.013066670817883486,0.00911180633778308,0.0018622400549259677,0.006150061269760254,-0.0064516069489635175
2022-12-09,-0.008003216557747828,-0.0034349124103753015,-0.009785123831794751,-0.01394579034322141,0.004942336649393253,0.025683424671152144,-0.00939064413632873,-0.009366655476346297,0.0323454827685834,0.00332345050332572,-0.026678087842294196,0.031425255247575334,-0.0037000363494280597,-0.005833098809770343,-0.007231908054933234,-0.010818586973576294,-0.015576039721872159,-0.022176566309997425,-0.007032375498725707,-0.013642192074042048,0.010008534798502833,-0.011693253524757807,-0.011907496576592624,-0.02423228367913932,-0.005220141781877907,-0.008061875657358053,-0.005978293958217584,-0.010549423720810469,0.004585316327332167,-0.028320695556108055,-0.020067395279077083,-0.018796963450904536,-0.010959337510934364,-0.005717661394641693,-0.007841379020755435,-0.006339689029342677,-0.016765395993455057,-0.0116930270996779,-0.0147000561595092,-0.015142780766841057,-0.0023771753959044295,-0.01536605769399857,0.013842384838453903,0.0031121622594481035,0.007352976041603787,-0.003172600888877719,-0.0013709256596252661,-0.008757767652765702,-0.003691222787029713,-0.010234824368116513,-0.022681193516818743,-0.010205866842839417,-0.014772503313722374,-0.004796181277703981,-0.005304103232359192,-0.01848815636911283,0.0015945447914795796,-0.001721449260169594,-0.01179884690335753,-0.05062361765034051,-0.014741991713217217,0.0233290534232089,-0.01920778565582637,-0.01223642860115215,-0.1284878744557505,0.017266063850547964,-0.011665978053701842,-0.004982580119097579,-0.004103949423240438,-0.01845802843232125,-0.0054094665951135434,-0.009919108705126911,,0.016724131886552307,-0.039794212052890465,-0.020512227866560484,0.005493781883358695,-0.01442995201942654,0.007295338287183428,-0.00837927423946927,-0.011101431441623455,-0.02468391525263358,-0.01618885492114286,-0.007863071648565478,-0.03454413518482913,0.0018114054469307028,-0.012902147725975976,-0.022588758316103075,0.011937182499762944,-0.010903291880539734,0.00042972038885547015,-0.01940935094551388,0.016020506717949745,-0.015155726238105571,-0.013783843937340667,0.012600422973810588,-0.022811534519185384,0.030669137238517274,-0.0114914719601108,-0.008116836872765654
2022-12-12,0.02888923637351648,0.01638999557563814,0.0314099862903352,0.01638799835988136,-0.010267492888173413,0.021864508041285813,0.005170696090393667,0.00526483147497836,-0.0627198857086465,0.009647641439488153,0.030325148594674056,-0.015093331278547395,0.004751475085673418,0.02277400933248619,0.011558942947716533,0.017333887091571132,0.005862728892602309,0.018143603337630987,0.01593487133805449,0.027386670772008515,0.03397510683204508,0.01891192917783635,0.018478143705994432,-0.006710910310955165,0.011973356102348287,0.013561380952463287,0.008747941526884295,0.031319358515373485,0.029713175433214944,0.00630965733457467,-0.010105881015540552,0.008939935401611976,0.0281103426345497,0.02122363046301401,0.004771841730901061,0.019064080552566587,0.00647947808246796,0.01812463809588749,0.026369904337346428,0.020562117745259068,0.0147858385533024,-0.040575180323220605,-0.01810411924677191,0.012472043070004712,0.030066032580988056,0.02546152585826289,0.009292554500223149,0.003126319938666189,0.00873290267560134,0.007912524631018547,0.016788434844738465,0.01973842846700946,0.0077968689739966734,0.02602414050734181,0.019822452824328263,0.012929068400939547,0.018455126835980495,0.009249041063221108,0.028665572508893344,0.0027477219417810783,0.028966013631194443,0.04975574411477535,0.013055966646085215,0.01910918068162437,0.005637416144217866,0.0327480972071974,0.020397610098922936,0.008512773266860396,0.013932478360051403,0.005895871525952945,0.028951543993184448,0.004218292805820978,,0.010063816114134205,-0.06890330307386938,0.01536562007504605,-0.00388216046892198,0.029491734091432242,0.0325912068769334,0.026074405572147574,0.007136551970027716,0.03557099068860703,0.011998641774230379,0.022320463041900718,0.038362190511408656,-0.0033422860594558568,0.018292046501102943,0.006522034487935979,0.04703991384945372,0.010940893534654439,0.025057275082509767,0.034382721702714836,0.0536108739205825,0.013421429940809082,0.05960882751385266,0.005389016900985588,0.014103731271954745,0.016230865888110735,0.01558251455255566,0.006546638458094334
2022-12-13,0.017464730176369514,0.006782446468835079,0.0306244364429471,0.02142456926150338,0.04742396028963625,0.02588788426445854,0.02486335607679524,0.024476282335227584,-0.04093677795344208,0.0010663130312087432,0.013867318272610785,0.016371609182113778,-0.0005436000589881251,0.012685861717483427,0.019044858344126503,0.006896554925954312,-0.012780843703916855,0.018810319251862273,0.0013941794156200338,0.04286970135223678,0.00520259102758569,0.022858187228838922,0.00011271282929059545,-0.016330620108413574,0.028848940995224837,0.002144553444602293,-0.0019872953692261497,0.025070030054852754,-0.015466367281400273,-0.02259781039608255,0.006841958333525078,-0.005744852535759737,-0.008433160119942218,0.018750790022810326,0.0032650820669477554,0.020253909962374195,0.00237179898691231,-0.006366663290077179,0.011335791668465545,0.02996775289681608,0.012884577258312824,0.031021240599654387,-0.010905964880360663,-0.00030644758423081786,0.020668102997468907,0.016139057667991175,-0.023435922266704434,-0.0013550961975636877,0.010930872837268124,-0.018685163632160662,-0.007187236503007455,0.0071646743046129835,-0.003769066202818805,0.021841156657730565,0.009025191362723506,-0.000440150932397132,0.026631194449698192,-0.026250368108228894,0.01570942221804228,0.02380543593386064,0.019947794686789422,0.00379181694187114,0.009794650705615693,0.0010345510042721884,-0.00597148922113,0.009443360565907888,0.0007102962217815367,-0.007696066732581053,-0.029610970263521996,0.028928697444431384,0.00284621021913245,-0.011814144424698303,,0.021540059601370842,0.19626952973398537,0.0007322132878462284,0.004330298167491753,0.05526203450929135,0.03532928037634253,0.0009411980124081065,0.0006369572613582619,0.015721634042162203,0.0023712633380332804,0.017719653501072186,0.03943163855749687,0.015393090410718901,0.0022368075455996284,0.008029295844156126,0.0008346225855768719,0.03953276423937102,0.000139714160387161,0.020785255005468795,-0.02125109511270029,0.002357483948223882,0.014174648029484871,0.01890656300425486,0.01074232777900841,-0.033717843744996756,-0.0007307012418577008,0.0016259759170100807
2022-12-14,0.0011676310808426127,-0.015535811424151502,-0.02202299524488449,-0.009838858835905628,0.011984975395123554,0.005954091735937528,-0.0058558775977977096,-0.0056338124582562266,-0.025784367661833008,-0.00958628241773729,-0.037962333046436925,-0.007835455435847183,-0.0027736690073379977,-0.007416860628161714,-0.0012848661869524491,-0.006849318226599177,0.012661820714983563,-0.014414112965331127,-0.016359182765162905,-0.022106026977483983,-0.03704714367390993,-0.019933881310302604,-0.009464747469190127,-0.004150462213621697,-0.0038688023556182616,-0.0011165123077221395,-0.011766862891539054,-0.016178535461471744,-0.02003579794565069,0.01628187195814257,0.0032639553338527083,0.0007834867356428799,-0.008085528360279648,-0.021710711140932926,-0.005029531739128457,-0.006894377753794978,-0.003943644778829247,-0.00323486328125,-0.01804041645351684,-0.01975270790248207,-0.016406078445760364,0.014311520205472661,-0.0038477419481476316,-0.023234388177917897,-0.0034713461968832737,-0.0021381645061895327,0.006321019824656382,-0.014518313963780116,-0.006790395219190115,-0.005203001752423719,0.0052827324308226675,-0.015719065301770585,0.014536031949266226,-0.019765498249368685,-0.011400242174185449,0.00011010718443071887,0.011052791038402177,-0.0035092903305972145,-0.014579877113462869,0.016142525464923452,-0.008042380443648356,0.0044642567657984245,-0.0009359364544717641,-0.01679373453374655,0.021638513489813826,0.015591662875968915,-0.001318240510969848,0.004753530670661421,-0.01116867900699181,-0.012220069483480756,-0.005270852477193055,-0.007970224280690386,,-0.16384841992959231,0.05776047408072049,-0.00902436419231134,0.012359881973554865,-0.019252984721600863,0.009660071274683268,0.006582011595459791,-0.00811582304733971,0.0038144731934701692,-0.016052733322753476,-0.0049227742215490755,-0.009569401382612641,-0.009366517358545767,-0.007519580122372083,-0.05547793957724023,0.04127581328781682,0.0061287532746541196,-0.0048882469494409,-0.0050097182925025185,0.001529028620611328,0.013420050319383314,0.02227504800676039,0.0024867957842835686,-0.0037008863144166737,0.00826438898771542,-0.009748908678580692,-0.0064935004616650804
2022-12-15,-0.03191822826725954,-0.04685431463789913,-0.04085097316002051,-0.034177820705733164,-0.0447404801040896,-0.028619181065968946,-0.044283150289121664,-0.04312245006432669,0.005548438139381551,-0.040556721122460226,-0.03481795321707981,-0.08627248550671829,-0.016961172556715143,-0.0329784111844873,-0.03277688270100143,-0.023326525942766074,-0.01517282700792788,-0.04165639415793099,-0.03927815291441994,-0.05344699210055737,-0.020933462396363844,-0.046333471901991885,-0.03304523134656079,-0.01840441907759993,-0.04756816815909026,-0.026779060950590128,-0.04671183788116662,-0.047368856010523985,-0.02048540284114575,-0.011823520409834587,-0.02497330729166669,-0.02152856957703042,-0.04340969651271409,-0.03256055787727907,-0.012934919996283933,-0.0528297971652707,-0.020588231486527997,-0.047681455366445635,-0.024726655679492948,-0.04793290552761331,-0.01958062167922847,-0.031774253332679026,-0.03713820061206874,-0.024603013392931916,-0.04628018450011018,-0.027548140851661906,-0.03534546666706739,-0.03937767752313903,-0.0321590076923195,-0.008962538726787872,-0.04700274163727125,-0.03736086372017389,-0.022080470719409995,-0.061664735615998056,-0.020943964681149785,-0.01265824485628897,-0.021585114965179897,-0.030414622838989658,-0.02974106278542543,-0.04321343396422628,-0.03869545367799865,-0.05555555555555558,-0.03176627308554625,-0.04467220468549671,-0.024360229935169952,-0.03316089027293112,-0.029647662019286702,-0.008217082111833918,-0.0324727823899178,-0.034067376550637185,-0.045569384701480864,-0.019014437106890325,,-0.045410257137134424,-0.008135903197276861,-0.04159493962535221,-0.009937600133091973,-0.0816647027789853,-0.02702538470471405,-0.010275540164521924,-0.023503932449076004,0.003946277107377716,-0.0322857819490725,-0.04077488871962054,0.0020704407949891923,-0.034814423537680605,-0.019408356991803877,-0.04926756002490529,-0.024157559082619406,-0.03151115631350998,-0.008842066714638164,-0.048481413434252274,-0.055572509765625,-0.009488050441286311,-0.032945584541661854,-0.030054326589630698,-0.01200109088935164,-0.0892531496441874,-0.027073646564129583,-0.024509819962803547
2022-12-16,-0.017348669373634662,-0.014578794821714758,-0.022475209194014245,-0.006670394101153776,0.028239334793001003,-0.0037455678413418347,-0.006603549087503935,-0.0037280301454788445,-0.047187179094365206,-0.005302734227886741,-0.016834437663269974,0.0010329802320370174,0.0004992862018897704,0.029904832056761865,-0.0035368287585563207,-0.007061269819589766,0.015406588510175068,-0.018089854435808794,-0.008471438138781817,-0.02912765195199596,-0.003467175087216723,0.0016259162424385742,-0.0027056730188861344,0.0047718830080831776,-0.009801703093292868,0.003684759860089759,0.0005764561638952337,-0.004797525316262541,-0.013806802388533934,-0.011673171772902058,-0.011076669909544368,-0.011601120687043776,-0.0069938111713916395,0.004395273661413013,-0.003464312843101558,0.002053303560550779,0.0020790055598176593,-0.010420056203224393,0.016367079467274115,-0.020500083536362235,0.005979173064469601,-0.0013769678081577696,0.010645503271972112,-0.010424106156633028,-0.030350447244152368,-0.0037771746145528473,-0.011477771863170338,-0.007309653595728216,0.0017322197402884765,0.005661555073225966,0.003063365888169356,-0.008718832704510349,0.011339661175263638,-0.025737100637565402,-0.012197441055646796,-0.016722408595682747,-0.0011401034678473199,-0.002971773255451504,-0.008809472507806504,-0.013850659325015169,-0.004792026236811631,-0.049411756420567055,0.002286872207342361,-0.0005501432544493534,-0.012207500768780966,-0.014240855642905337,-0.010463534615394177,0.0022595112667169737,-0.0020846838914651,-0.01846505209103233,-0.009566131953074097,-0.015288052333104374,-0.0543333053588867,-0.027023582358516318,-0.0673582953624472,0.0012841051238126067,-0.025810087145104355,-0.01346723535394323,-0.006066004370983924,-0.010618233874420846,8.210389025165021e-05,-0.022273966005489476,-0.014019469782113436,-0.015852324741165935,-0.023071627244188653,-0.008946782426092037,0.0054332787597271,0.017429117335121314,0.007043690141494752,-0.021126498887042877,-0.009912270609060525,-0.025262431772036797,-0.02958295850305015,-0.01695270280146155,-0.0029944557962161555,-0.00885305423429128,-0.0381760974232388,-0.009000015258789018,-0.012142665243079165,-0.001675000401357929
2022-12-19,-0.017328070010458996,-0.01590959391154889,-0.01912988533763116,-0.033462353983410575,-0.041446846986465835,-0.011296736099544735,-0.02016396689285771,-0.018820152685293245,-0.00239632976495896,-0.00611118701835367,-0.01253642070492289,-0.008290061342737798,0.00554508162530043,-0.02888875327123752,-0.0078270092273941,-0.00857560835882254,-0.005198127915084116,-0.01676415078502891,-0.00482909213960514,-0.0037924617668216865,-0.014786955970166882,-0.0070658404415593346,-0.011442066685271812,-0.006394642801915595,-0.013865736027323328,-0.0015733852503663215,-0.006721691495532811,-0.011781426446499932,-0.003667745089260488,-0.04333986871433482,-0.0028624076954752997,-0.005362731655139341,-0.008055071720631135,-0.01007078204537648,-0.006952942690519159,-0.00487628998585099,-0.003918902246582312,-0.0031787796525766243,-0.017410004113271094,-0.009942230637688398,-0.013786764963687914,-0.0009192443085925817,0.047738145447624,-0.015735732327153418,-0.030582992485285843,-0.014849899495079866,-0.040638600000562186,-0.004475962726344096,-0.003975002287379126,0.005740509051100684,0.008958616726945312,-0.02107254411506765,-0.003572143428379526,-0.01513208841213598,-0.002380005850952549,-0.005328725709416893,-0.02956288037029342,-0.0013246898023836495,-0.020062373871115202,-0.020936874762184532,-0.0373651520633016,-0.020563629505738867,0.008512516425460914,-0.016375324645601097,-0.013447817637800341,-0.015904782839616716,-0.006027278171339745,0.004759580413860265,-0.002506766963908169,-0.013588035965398038,-0.003794432949984161,0.006930967621712414,-0.0042298496892339,0.003934982426073486,-0.01759011855027215,-0.010515512432987206,-0.006917886426460851,-0.043770322664690386,-0.022870342251317344,-0.0038158799486667228,-0.00780349075827369,-0.0055092722812161155,-0.01043919756513012,-0.01627315185407585,-0.0038773566125327452,-0.01028455609540313,-0.0021054322422087157,-0.01881302813108887,-0.054936823575089,-0.0304378252564107,-0.007437023121910746,-0.016986274905504306,-0.03265032690869585,-0.022642803124709232,-0.047956697195763676,-0.021536381027522533,-0.039841621808828,-0.06659938017904832,0.0069142244056032975,-0.010067104428777118
2022-12-20,0.005614498318360139,-0.0005287608069164396,-0.010397362202680505,0.0031795134041781026,0.022798680157436912,-0.010206839695293901,0.006558052754967125,0.005384135943056867,-0.08053641461716088,-0.001766124217713827,0.007121949836639496,-0.0003814962061028382,-0.0006065987237950932,0.028774763274347803,0.00574837166483122,-0.000632966097643739,-0.009038263122645218,-0.004528924016217295,-0.01306459012723915,0.009282430278925613,0.012654511800134216,-0.004711971091791445,-0.009068696777792762,-0.003575506824933905,0.003026619661265606,0.009932676542095065,-0.020108292555705454,-0.0030317925697916914,0.014015485430867614,0.00562438584668401,0.017237628805683025,-0.003051912944497581,-0.004692703451975699,-0.004904914385294168,0.0022831283538273794,0.0058645675299049405,-0.019092820653076936,-0.008238144153381088,0.0032158631381191682,-0.0095847986272376,0.008760507541747842,-0.01495106921207967,-0.009454178251062317,-0.006342019462542203,0.016097747729815648,-0.014432352743266486,0.019667199294824744,-0.0027555448937052196,0.0009695219190395399,0.008818897237512946,0.0030268935578228184,-0.004742058684499506,0.007369104826302486,-0.015364586696442473,0.0027400582151537733,-0.001937829611702746,0.012056005249942547,-0.0009948826384472698,-0.0032884010781022432,0.008197435101372719,0.009803955241190376,-0.0021383514500559198,-0.0049599695780211395,-0.003637410800502505,-0.030922686783179554,-0.020607226079525587,-0.003510657777177517,-0.007978052604208474,-0.002094208882117199,0.00880219287652051,-0.010907154981393163,-0.0016520202036115483,0.012566355477392044,0.010223428420999436,0.05935017277732069,-0.005961724883808972,0.003705350459120682,0.05574436947498862,-0.0009204430245266515,0.006942803743097414,-0.003063190196022858,0.010181169274661617,0.0010913309165256901,0.0034206280720474602,0.023354559167256816,-0.0059461885003945225,0.011006416868521773,-0.001870658514850132,-0.008263231383306757,0.005437548056435926,0.001296777174523145,0.011312054069963162,-0.008265878160132134,-0.001506178868426522,0.035012434066461706,-0.004868604781097741,-0.0006784781382540572,-0.023783812651763103,0.005340770246758053,-0.005084781241258773
2022-12-21,0.010876714602275905,0.023809477126406797,0.02586253183380749,0.018546709195681466,0.02280302230632003,0.03163479342603748,0.006290779702381677,0.006917357643435373,-0.0016690545895901021,0.009261260247572123,0.04043039400513759,0.03390120729694046,0.007007693551845939,0.009343041957022846,-0.0007903786636541676,0.0061220376201474025,0.00805190902308306,0.02221229168298655,0.014750354832484769,0.016146533576550937,0.019471141720826424,0.023188420539892896,0.015894993364185872,0.005703530748347507,0.016653995693034718,0.017069367424401793,0.010063108099096052,0.02403057005129705,0.006326245251062179,-0.009139662015987593,0.0036262634633799085,0.006836716009646082,0.012832559456476655,0.01874278462079726,0.01579348427678484,0.028167176320997633,0.005898313316034409,-0.012459811264478149,0.01784671169631391,0.031607446688255214,0.018785433852501088,0.003269104195080086,0.027616996247415315,-0.011036524311498042,-0.022580381640605274,0.01594532308549801,-0.006277140316333418,0.006544458031729539,0.04606481077300617,0.012129220857849177,0.01639679054283527,0.024575251106145002,0.007809344182820643,0.02803484581046667,0.014911277535623935,0.023869392708543158,-0.011679903246028411,0.01327799563585974,0.022935278845197526,0.014228904892973793,-0.009114382564770485,0.030975964955619384,0.006821152511632178,0.024431309097811882,0.03132324586524171,0.010907449409658154,0.017828527827376206,0.009801442087834955,0.006085983033443876,0.030440478084412748,0.004463456129012444,0.007446234701101284,-0.0043698654780760515,0.03896015862154356,0.04414391261863004,0.01616695622557618,0.0026580080025271346,-0.00042928649277029773,0.01566194734713866,0.013552060775399388,0.017272893727639183,0.015266025799045346,0.010719479338188842,0.01201516635269062,0.014868613556064947,0.022823582206049187,-0.0022608757677424762,0.015773889668681873,0.011592456130982809,0.022012873394855026,0.01323939885770975,-0.0067817884996654865,-0.001562773959879027,0.006967789060651208,0.001249187997304002,0.018040940088218216,0.031338137415647616,0.001107445091645065,-0.023526444065129937,0.005110768380448105
2022-12-22,-0.025528742058475218,-0.02377261936693542,-0.07041994730025958,-0.034343619255829294,-0.02204408268668334,-0.014503775451344625,-0.02031703123043782,-0.022049837825701135,-0.08882756559936855,-0.00725015392203654,-0.05644207561464931,-0.0007047639317366849,-0.0077260474636130505,-0.014236381157733402,-0.00307302073314053,-0.007133868100638541,-0.013713171871538421,-0.03412161757284182,-0.032053694103506,-0.023847595366368046,-0.0074116910678238,-0.07837585393924218,-0.023884305584908616,-0.00375572734666485,-0.00958077199977847,-0.012970750654368701,-0.03438168331215585,-0.08654299280639066,-0.019234884423403487,0.011598780851324486,-0.003490956567864134,-0.009222621360109096,-0.03189762725947165,-0.0218625146768201,-0.0023919275553111463,-0.05779019291881127,0.00011729959685990998,-0.028964891639514545,-0.0257404153854357,-0.043049450598516614,-0.022066435369468174,-0.005120475268749036,-0.029818871845697426,-0.010285706079306678,-0.031485768993585794,-0.008007687556003895,-0.025266991569462105,-0.009247209913517018,-0.02560351056953436,-0.011803898512450228,-0.01207440018756345,-0.036223450004612245,-0.011181946285169442,-0.04630818848785767,-0.005408008987258239,-0.025878412217924085,-0.026281756659100375,-0.017526612746862624,-0.021484626311271238,-0.009410960360323295,-0.017196497190922755,-0.02947841293594744,-0.01016240942288893,-0.041803665853010985,-0.012028785995019109,-0.018586183506550613,-0.009125185133259106,0.004479848277965104,-0.005214852047590979,-0.012199220526476817,-0.02256684162800393,-0.006569884253747826,0.01123594452133525,0.007904427005255288,-0.008093682168073157,-0.008852994865184649,0.0026509617250476403,-0.03585995662205077,-0.05468447999006609,-0.002580356734587008,-0.00881634147799748,-0.03007295705976276,-0.0030559406862930016,-0.018057259262242664,-0.03373082651621384,-0.009311829633865343,-0.02178763270987516,-0.0448954788213336,-0.08852595196399271,-0.01934760712551198,-0.005397029726572744,-0.03023850433824149,-0.04034782077955168,-0.000927305113534227,-0.021010113840097544,-0.006107335073346598,-0.008508092157642588,0.02101765278595802,-0.004145073931010157,-0.015254262903920512
2022-12-23,0.0022670694848565542,-0.0027981178941416385,-0.00867072062290164,0.01742450254827599,0.007855175438613582,-0.001193357586720678,0.016750241396088716,0.017561697086420303,-0.017550833466474902,0.008589310271851947,0.01033504582534972,-0.00937030577639586,0.006460865826968476,0.005735240866422853,0.005096694413390779,0.0033812309476750624,0.0035118289790794233,0.0014455731141460593,0.004620748648679784,0.00140637585668979,0.00919011193649677,-0.003893414542611162,-0.0019428783931929594,-0.005051633448534543,-0.003603739396237926,0.007347734805390971,0.015577593627549513,0.007357458564689834,0.019932865401027344,-0.014391707924197417,-0.009378158895074096,0.005216801306174856,0.00744271095518001,0.0005495959565839925,0.005544659052516776,0.009469061086337494,-0.006214807538500344,-0.01313300526846628,-0.004693552654157496,-0.008238181471858952,-0.0019164043590558233,-0.0170780105387206,0.005794376820200231,0.009237879357932632,-0.019043987050943012,0.009041029798304567,0.0044774035715848814,0.006708459771327391,0.010475116540055174,0.01185991180732171,0.007313120635879633,0.0010158318055331073,0.004463888389394821,0.003237090177303781,0.003733811461750003,0.008130070646811483,-0.005857141580388969,0.008836258475188208,0.0003189662766982515,-0.01970441465302797,-0.008545309676571078,-0.013045209806861635,0.013338050936050339,0.0002860340726493771,-0.004441837354655531,0.014646965510277443,0.012914165395773836,0.003964317269387507,0.001467806601802124,-0.005763281993557023,0.03414157443961052,0.0022044093232080897,-0.0017360846661483853,0.03099916139792147,-0.044446552124431604,-0.004660202075748354,-0.001468837711979587,-0.0004454444784850464,-0.007265233741858945,0.012229549674633855,0.0007412614778656845,0.0312311389523523,0.010097392400567173,0.0017995279060261105,0.02609308022539536,0.006476415121978052,-0.005167249082873915,0.004346433715488818,-0.00031432433487255107,0.0014333136388329226,0.012851657026516694,-0.005303601205355002,-0.00797387865667909,0.013280975150455232,0.0066269208538107804,0.005641233070671214,-0.023189259957299035,-0.006500484173138532,0.004942831638766743,0.00516354735005331
2022-12-27,-0.007414187765880764,-0.01387836965405731,-0.07135335406371879,-0.025923742926365456,-0.00982720817614624,0.0020092778565228286,-0.02062091110682651,-0.020933050935575626,-0.1140885333144338,-0.00897005068892942,-0.019373779453490836,-0.03658115791947003,0.0044442710512231365,-0.009927657698192927,-0.0011537800404670673,0.0010530589204422736,0.006927590280711771,-0.012450354556230003,-0.005749314589996057,-0.0035891828600564946,-0.003984046445079881,-0.01933763484063966,-0.003650116107146828,-0.0020081795708228878,0.004987426864879518,0.0047692724353505245,-0.0035856633952218164,-0.01616035072555888,0.013568211194913582,-0.008181142245897388,-0.02117678241907972,0.009463725826242886,0.00037352177711746926,-0.010009762123445287,0.005812211602342243,-0.016667130291672994,0.0030678718139287575,-0.014581988364782195,-0.007057803654961559,-0.025735898882909503,-0.008671377658391544,0.0139235771265247,-0.027347685730655713,-0.001547958841732866,-0.013040437587190312,-0.000320007324218774,-0.02064518634874446,-0.010140474585262904,0.0039148118781218155,0.012344837398108988,-0.002287452597501516,-0.024671779253020998,0.007406675727608558,-0.03065338617220914,0.007067979466780061,-0.004543406652877002,-0.007531617454816564,-0.0069409714195257655,-0.009938405291140762,-0.013998610497236053,-0.003693829404200377,-0.04458469881161908,-0.003810204612189505,-0.012870034633937988,0.01123451211402049,0.0023417787342299157,0.006270231568741957,0.010858801128781348,-0.005653196242778602,-0.014077643743795942,-0.00758559491947175,-0.007423713656669051,-0.0008695519488790548,-0.003384058569035231,-0.09498695744516306,-0.0018207750131323808,-0.0007355552999206427,-0.02361856836148979,-0.025545409015411913,0.0025557762084498226,-0.005678564968113919,0.00401374192992332,0.008211336678218606,0.004771562290490472,0.009278366124544801,-0.0002847392038267671,-0.01572580094156717,-0.016509036534271382,-0.01878634936893475,-0.0029046618924096768,0.009022971759408582,-0.011123359974728575,-0.020277686816151608,0.0018321083794416992,-0.04365217533752541,-0.0045077087987864806,-0.012915714022981528,0.006543016951274794,-0.008283709189134458,-0.010273962536277215
2022-12-28,-0.010254928535280539,-0.03068521034551308,-0.006019446661722716,-0.01469172937442731,-0.0107802407293357,-0.015626628106848228,-0.01567688243678267,-0.016717857563985472,0.03308891531476843,-0.012017469499727373,-0.011063707252645605,-0.025653686879160253,-0.007210396413438791,-0.020173714045490287,-0.009241551701200668,-0.009678079029806774,-0.014256398945402204,-0.02274801648635083,-0.01542018543928314,-0.01725349274176924,-0.01085717337472103,-0.01164246930556978,-0.015813874448618037,-0.007479407385024062,-0.00878890522972342,-0.012564553752668739,-0.017992833219561022,-0.006560459029665067,-0.01973209492488248,-0.005429477651493375,0.0023617822008830114,-0.006048371901000604,-0.013193348097275903,-0.011837226911650234,-0.009779168078313805,-0.009000259452862869,-0.005175890252315685,-0.013504811379520087,-0.00830323807856459,-0.010313075883091272,-0.010684202944464816,-0.04436618444473861,-0.01724216396959577,-0.0185372422437321,-0.006954148143948569,-0.012804085194010772,-0.01197748263967735,-0.01141517281421145,-0.01740624851452599,0.0009243082064087638,-0.010665866614495978,-0.013525828115266703,-0.0067640665322679094,-0.018585247798189486,-0.016091426339414516,-0.011752610525674334,-0.002509109049172009,-0.0021634393041291,-0.023565406344213002,-0.0010010976802071747,-0.014212124357404265,-0.03262444396238895,-0.006519471436293833,-0.016804230815990473,-0.019299190340698602,-0.015761722588957472,-0.009658326890988889,-0.012695323959633464,-0.013687123666151213,-0.012030620711575235,-0.006080057021988772,-0.009141219676061407,0.0008703087275292454,-0.0013522407388336655,-0.020369640929362443,-0.009120481410321624,-0.00544682386161921,-0.01141031500415679,-0.010344386567811448,-0.004866810932647958,-0.010594262394719278,-0.02260503393633162,-0.01593480379737988,-0.019665926389366928,-0.027919699650722052,-0.007575768110903436,-0.002656696502301381,-0.017601072690870967,-0.01225665911122531,-0.010428106114744207,-0.013972334836719558,0.00269592745514613,-0.02498601763751529,-0.004431349025297515,-0.00021185355376662773,0.003119392197181936,0.010806766117292588,-0.03900321500882997,-0.019055064371395924,-0.008650551716246624
2022-12-29,0.027629709466877372,0.02832433885189234,0.040396111030845505,0.02884381103830358,0.0401314589121613,0.023711175765428916,0.02824924901193482,0.028799420427205513,0.0808269069678893,0.007814761079136145,0.035959725283267296,0.05143018630183138,0.0012654510456069357,0.028172876003709435,0.01178238254346975,0.009135336901713753,0.0030220044744331265,0.026829906370348322,0.0262332868021935,0.03816731770833326,0.01242057534495622,0.03088184154777207,0.023760790204385707,0.006655918235028313,0.02346651936428734,0.012064647387431293,0.03114826195570175,0.044215486837968276,0.022804335588796132,0.011618059536614656,0.01158429293449803,0.011866107373748047,0.011645948886233493,0.02308458308224104,0.002094858384148468,0.032901825279069596,0.008158950501314433,0.020898529665194454,0.02115382791341691,0.037299592785168034,0.022672706965520817,0.012159242390423763,0.03181393063073257,0.016277438309326264,0.04611845390730562,0.012970156178702563,0.033216214863881044,0.04455950215915805,0.013103058598227912,-0.0011366318323106084,-0.00664979590311876,0.042320357930763386,0.006908773690787351,0.03900500881164848,0.025083304296592557,0.0018473159171843445,0.029449583601431684,0.021180795149354115,0.03419462028263065,0.020952929963518274,0.02820723896583277,0.0582711514588754,0.0137369820828388,0.03801376303598403,0.02544023849859367,0.015340962169231531,0.006816291125404383,0.005934759807540768,0.015371503380820162,0.026129603676668944,0.017740092404815444,0.0016774216528698815,0.008695652173912993,0.019859198941572398,0.013371108273946497,0.02130171008783477,0.007992909044423957,0.046629743120820466,0.05870570330043434,0.0044248357587992615,0.022168324456945054,0.013460233079220618,0.027887714753447534,0.025018518032189352,0.022066587914210345,0.021982448057015658,0.007152209144515531,0.04031188378209394,0.05174362908446395,0.039122821762122895,0.007085163697920116,0.037177842699229746,0.02906866382005191,0.010244540594967821,0.053175195565617006,0.016551247427786686,0.056758041872145615,0.06313420821215732,-0.0029271049758348155,0.01570683286008845
2022-12-30,-0.004937501388903698,0.00246888406699175,0.0007532740619811129,-0.002138278742257471,0.0006651771182371036,0.002366410300991495,-0.002487208579976863,-0.002473227643128517,0.011164017515666869,-6.571042292313756e-05,-0.000771413946208388,0.012915669925425144,-0.007253500914496058,-0.003110337800620755,-0.010826405835386632,0.0029473555715460176,0.004304204661308431,0.0009104707469944628,0.008393789713386779,-0.00422133680532244,-0.00228239709268907,0.0024706389260602535,0.0012119557815062354,-0.001975942416916565,-0.00911162613819827,-0.0020954456262732846,-0.013228074303220927,-0.0007370190185442826,0.0058746996390732775,-0.0010377328314070677,0.0002772979150191812,-0.00571313735594714,-0.007314415021822174,0.00030493385205887513,-0.004778254277906346,-0.007450078137728688,0.006919966257424193,-0.004707586850754564,-0.00835456348102448,-0.009193512898985845,-0.007966364135615467,-0.010435633686872059,-0.023133442287438744,0.00621746408971835,0.006885351657304861,-0.008322670639780538,0.003167859115711824,0.00935379372088696,-0.01166433296303071,0.00043863187080517285,0.0038543569613946893,-0.0005691648157712947,-0.004802959026590337,0.007617045886264995,-0.010941467330606414,-0.00645381560745395,-0.0027414713241790123,-0.00555283611186963,-0.006644695048079963,0.010439887321596508,-0.006502737264329483,-0.015328804117841655,0.0018125244550870612,-0.002838849636702223,0.011236656386257149,-0.009770353563271938,-0.011040570403115124,0.0007374331138600976,-0.005046292504978345,-0.005897006186803444,-0.007727988433402833,-0.004744682527345945,0.0065517425537109375,0.0004720707528083068,0.004249102673836935,-0.005021235983553418,-0.004405219222982537,-0.01124830877408134,-0.005950803717580722,0.002318536323779874,-8.185723897713437e-05,0.0036689169685841794,0.0010501935493090198,-0.0071166394693273904,0.011994529739865811,-0.009210375222591827,0.003333381984544914,-0.0054217853221445456,-0.007711289763102869,-0.008088361144892864,-0.01350779637814703,0.0002681574913772078,0.001486675605199439,-0.010839939801470355,-0.010108170500023217,0.027531093510452243,0.0027772146413846954,0.005302145858161245,-0.002935698072269677,0.0034364227382495116
2023-01-03,-0.0010007734377206479,-0.03740470449409117,-0.020459870710632155,0.021666663033621747,0.03656308509038486,-0.010105028105666936,0.010087264601452484,0.010931968382854818,-0.12242248574195735,-0.007053671896392388,-0.01157943552372076,0.00023740953289319577,-0.0069190743643395836,0.0011589298126533087,-0.024005109902766275,0.006297213285139769,-0.006857190813337022,-0.024922734512620948,0.011350708800476283,0.005035690480784671,0.01715751939310417,-0.00667481941689585,-0.012165564047847743,-0.003769497017727219,0.0010552054752455131,0.0,0.007803109108051487,-0.01427551790212156,0.008400783709711979,-0.00955748243400456,-0.0014137680980420564,0.016431501340296917,-0.005023850561734378,-0.009632395554550865,-0.006001523131602515,-0.0012731373839807159,-0.005358172308079001,-0.007811354381073721,0.0012214103806023058,0.005801579005336954,-0.006225099625245867,0.0365419450155966,-0.023787584036577214,-0.0076566552107038,-0.019090152139357164,-0.003227901321734783,-0.00701752601311223,0.047177766817769085,-0.005823490791478481,-0.003921730837595283,-0.005456207821088688,-0.01885715212654593,-0.002068345188589449,-0.02834771088303034,0.005484957155393655,-0.049878151815660465,0.012071979025616963,0.00936113812674999,-0.00920426641861094,0.013157943494105151,-0.00756798806512371,-0.009422349187794499,-0.002067699357289121,-0.016370128482262047,0.009363880249322554,-0.004440093632549935,-0.0008424876696284667,0.0017194717857638153,0.001690655781289907,-0.004779835597353732,0.002163378377307845,-0.0030847058559240192,-0.04076740364116049,0.007313419121534714,-0.003507346849733639,0.00478782029537439,0.02256635266120699,-0.018068287758353563,-0.019183723294005084,-0.0016192388518493361,0.005074502742129727,-0.03947941179029846,0.0069942566092682235,0.005207708960945467,-0.026413839096124714,0.005214817925937698,-0.015491868904019879,-0.01218531881591356,-0.016941193657617815,-0.012210757866465194,-0.0005705450745844276,-0.01528149295044634,-0.0406383123309082,-0.008342816135478714,-0.030938815541515674,-0.00979541601815348,-0.006577655050089559,0.006329158493033615,-0.004550374220161912,-0.008561676271995777
2023-01-04,-0.04374319912948854,0.010314231379827232,0.030317930714115704,-0.007923564525679994,0.021083893922178687,0.012213648197175742,-0.011669668800220356,-0.011036765857871389,0.05124885285593783,0.007236142755316921,0.009996986138740782,0.04902522751864935,-0.002452496697090134,0.01332657620630795,-0.00496314452505453,-0.00813515646266949,0.006616897814724965,0.040391809275379664,0.035540620247237475,0.0009970209513265882,0.028675863551162584,0.026672119426482288,0.036517316401603495,0.01047208414244083,0.0164514363470174,-0.01987872004181035,0.07603736176834142,0.01969588197571226,0.038495028551410515,0.0028319613653122744,0.008355684172894673,0.036001162228482375,0.0047125940416117285,0.021298902916997653,0.007245333689563704,0.009773000431970935,0.0012882142070245184,0.000650027734737213,0.0039101602497462196,0.0386848071806849,-0.002568301576528098,0.07725066690638838,0.013714901515228695,0.014280883995611227,0.01050541341301936,0.012953417640862996,0.04499410631529632,0.04170019487793275,-0.011492469262880056,-0.01662858140155521,-0.0022351032357490475,0.01876816255939051,0.008191885447637715,0.01722697702055731,0.019058138705858374,0.018312781503315723,0.011042191023273196,0.008460795078258476,0.015176953335217958,-0.0034864596371925183,-0.004534237811778974,0.011786594037019205,0.01847534624725089,0.024457344120480506,-0.0074215902660836885,0.02219318906651435,0.00685141644003795,0.011280110665512266,0.012025309630275371,0.04044231057168979,0.010879908149492579,0.008157550541520786,0.0801786014011927,0.036360483388879095,-0.009106681003341,0.004507385283237131,0.002452014488036003,0.006587935313757898,-0.04341791389123484,0.013206665821116736,0.017996734768330525,-0.005784820652906086,0.00816116026146596,0.009135978161850966,-0.029913064707880466,0.016409178539537495,-0.006675741083601805,0.00957636985461674,-0.0007905017717082519,0.01801878588147665,0.00856284396652307,0.012705271489841685,0.023404237265312267,0.0018537699686871356,-0.01855828721432662,0.03549603346959351,0.008662346470158289,0.08805033081202773,0.008066766949067716,0.012089839744830355
2023-01-05,-0.02963774929736973,-0.010604653061194957,-0.032815861525640866,-0.023725589118479662,-0.0033759935298998123,-0.00931738325381104,-0.02134428750828732,-0.021869039132318302,-0.029039097760312105,-0.013952153388931077,-0.03603466902399921,0.0009372953087791736,-0.010448651195355652,-0.03798951724197108,-0.03560943009285522,-0.014090392843226662,0.03229486136645088,-0.01909797612060371,-0.004335290386935475,-0.040733488032000054,0.010658633179067012,-0.013996570575166123,-0.013241151016192831,0.009342148213915547,-0.00511112919560186,-0.026518721402936873,0.009409562995466247,-0.012782261055976463,0.016347302438282973,0.003695666861194047,-0.0037577674922530946,-0.00028717958605972704,-0.02156794506580295,-0.037490212063226225,-0.008092325616093854,-0.017778738054077703,0.004093549404925012,-0.024758140912401583,-0.018352862821424454,-0.009652627928915969,-0.015260897701330434,0.047990367491170804,0.022270281285455384,-0.00653940827137145,-0.09078712852070447,-0.011828671071332897,-0.011384153768415173,-0.018277844686783395,-0.02320705699161152,0.00913223973939914,-0.0043783758525824945,-0.028171765117053438,-0.0173275011847408,-0.0527178441136128,-0.015404022580003063,-0.011988969621089529,-0.06442003679861663,-0.02307196379053389,-0.03133645019823195,-0.023091046508943114,-0.017598312371584712,-0.036787231265766884,0.003644997039300879,-0.023873462629600772,0.015421464016536435,-0.025312501618132255,-0.018216058677969382,0.002182350846869241,-0.03481346552315345,-0.007646191143508729,-0.023148535846391316,-0.015345960790148938,-0.02463219767106084,0.020988679875088234,-0.02170729640429936,-0.03974357018103969,0.004460396526528854,-0.03881744904977369,-0.07917632188168133,-0.021724234458815883,-0.002639803419050124,0.02618280735561984,-0.008439574007523376,-0.01705766735855574,0.03262817738711976,-0.014479892429134833,0.002880243662821691,-0.03954982402409224,-0.050870254964825445,-0.04647241471747687,-0.02023489942305068,-0.06452188533496184,-0.035721024288395964,0.014517458184653664,-0.0802842449605693,-0.007586378046836373,-0.007205995308568136,0.04624272995609524,-0.06134977190675528,-0.0051194896117446875
2023-01-06,0.011785322954254163,0.036794101724815675,0.04164039744520909,0.035611152390083056,0.02426344550037629,0.06019597846713376,0.0132250513922052,0.01601944304274716,0.024651090365942707,0.0725915557843484,0.02615108624312379,0.018889168083167096,0.022586108764231172,0.013122632829606795,0.034927538606251085,0.030716693555887797,0.028308497491878803,0.05429611269801127,0.042452833779615506,0.029018673228734082,0.02460789233847227,0.06484884183887729,0.04930217065493325,0.03125244440256392,0.006589306691327401,0.02836603422082118,0.03765310560708213,0.06764012760805427,0.015995813184053853,0.008058552532548724,0.018500627926062885,0.021641311209672276,0.027950171822203496,0.03650824561289512,0.02764759229734337,0.06458348739751574,0.02597557829434116,-0.0019243172649058282,0.01745810008513815,0.05400475459240095,0.018239799455919137,0.005553796265346245,0.020301537574844764,0.030225684124218555,-0.0017915288232561721,0.04173409647025106,0.009234951169178052,0.0027534643124476066,0.019398896698705315,0.009864725360079207,0.02597661299600773,0.039867178652683855,0.02042242586022791,0.04094573692184733,0.01777849091868955,0.013226505150512269,0.0059304384403744415,0.030388111903751902,0.028121024392942173,0.036977322617434805,0.026132725897404452,0.018459556803900545,0.02677363283861478,0.053111407380417974,0.010216970406759396,0.06828193999763865,0.029323950051139303,0.030486287580719695,0.02829376662802252,0.06815356864190814,0.02701990487407291,0.027486465878187927,-0.0008474446959414461,0.017430812157856135,0.039421427083326854,0.029639535053094468,0.014181428560187559,-0.007043889081609134,0.010078730545644676,0.020804100398412073,-0.0063362280525639525,0.030587931280803726,0.03786695009087815,0.028979016808148517,0.040277773546583795,0.02949789186651741,0.028204292372313366,0.04569801582748112,0.010919376054550511,0.03349885590367263,0.02960720847783982,-0.004119171450233994,0.03390826198969732,0.022937740800093254,-0.013706501637541613,-0.011419395006865063,0.0035794245217508625,0.04235727925314836,0.04035243077744277,0.027444228045615304
2023-01-09,0.009736373594974257,0.004088865910060413,0.051753163947318104,0.01486987397850048,-0.0042301417757629745,-0.01961147149360576,0.007785669036956211,0.0072595209058901045,0.059349011404278285,-0.008532307161035368,0.05128203293069067,-0.001204165361855969,-0.009773629005010664,0.027738575466049964,0.018218654158990155,0.005380838946038358,0.00134614618282769,-0.006329077082684487,0.020187954505651584,0.022819019908196125,-0.008973348061884101,0.02129089184017685,0.008677717412041153,-0.018459363606503354,-0.020193134645727917,0.0019022870041229822,-0.007222121615396926,0.016080139777598035,0.01338070992744056,-0.02405148228616527,-0.07686364010463786,-0.018277294338873595,-0.0027065670609663917,0.009545685054803688,-0.011467198144538338,0.027012727516533497,-0.03383291660971477,0.0017055670532377665,0.016877779740094967,0.042762511618549714,0.03920828237035523,-0.00458526933726755,0.02729347047418007,-0.005541831245637674,0.019531233638927947,-0.0018633966419054904,0.008133769182192108,0.007845167988825619,-0.001425543918478045,-0.016391299005900417,-0.005283082147752194,0.008394388879924719,-0.012496327008525765,0.022714673946926833,-0.0005860431351134565,0.0059880239520957446,0.01110831136224899,0.0008013982617356419,0.028206628080736262,-0.049732361866755115,0.014787456171916347,0.0010416507720947266,-0.023360996504234843,0.014154273137369167,-0.09293568971615296,0.01885594506146049,0.014710433926265365,-0.009157064762882805,0.007141359971206684,0.0006923142823318518,-0.00034051330074058583,-0.006343065440787443,-0.01441903779164555,-0.0014957123272903994,0.019961135142187114,-0.0005186840521620439,0.001412407765688739,0.04019864568778653,0.02806365869794991,0.010991604695667956,0.0022600595744313168,0.024250804389149616,0.01857741607282959,0.004038890340758439,0.019359207235599918,-0.00453850507925424,-0.016222018905270863,0.0348967546434642,0.04856529888631478,0.03583810910075447,0.009678810948871241,0.007599085441367004,0.0498578401538432,-0.012754581272695797,0.048580848216836836,0.003341274215953094,0.026948048610434983,0.025618371879075452,-0.0071019429635560405,-0.013355580427863889
2023-01-10,0.007617167239879041,0.004456410743407302,0.017980532253280224,0.028731709234134817,0.027187798248804462,-0.003397566126795759,0.004544439231246145,0.0049548963613803565,-0.007681374256751861,0.005535235292917662,0.012046478490814083,0.03924864228881919,-0.008252917595647835,-0.009591200286346524,0.00034165428359478334,0.004734449023616527,0.005310165110205878,0.020068083409032544,0.004435382821016187,-0.016846268335615533,0.00878833123194811,0.014555386260226122,0.0097351216436794,0.013919775779626331,0.02427053506037047,0.0031803207612315365,0.015081590931796063,0.013659555678948943,0.005678311346883236,0.019489421316790878,0.027127543736974236,0.012029808687501475,0.0053025105489896696,0.012686984079905983,0.001041042490305344,0.019445063312784727,0.02397180907291907,-0.006588683577022469,0.005154142085793678,0.019409970912205088,-0.009643146470489916,-0.014970690488184668,0.02058378017467155,0.004130367061263129,-0.009319680322284807,0.008089674585190165,-0.007843982126834792,0.010897720782775178,0.008293498181226822,-0.002208271942322537,0.00701473878421055,0.03168295996049042,-0.006129537688869036,0.0024377073957602136,0.00011273492378593986,-0.010952359154110858,-0.01669420047987502,-0.0131326027043418,0.004987745877225391,0.007450478947972572,-0.020036463904556157,-0.00020808161689811477,0.008927798607123005,0.02235763994924489,0.03622851132239324,0.000750762117680992,-0.006840206123736259,0.0030805939754721123,0.01147026544962304,0.046933581970872496,-0.0008517681662240095,-0.009436585181991641,0.032702264643349466,0.020317070977348806,0.030986665087284537,0.009730150261852089,0.009873017393189798,0.019322537887902946,0.012587112085682417,-0.010419091353831234,-0.001208033567616007,0.0032510526342466317,0.005750878583815844,0.01315502326932072,0.0108054981602268,0.008184510900290265,0.024534035397591136,-0.00587787894576286,0.039238857946155115,0.001653245672159187,0.0018060189963222673,0.0021002503169749165,0.0005416897565599932,0.013266678099011608,0.022575329074662864,0.00409134454251836,-0.0620327083199006,0.08182608019226612,0.009628674099327439,0.0
2023-01-11,0.030238138450453755,0.02111229140844828,0.005782878811508185,0.058083825879343465,-0.00075198209929217,0.005583326689422741,0.03505992465864893,0.03384137544547183,0.036769060182475055,0.006044876815546996,0.014841946532577754,-0.0008548536728101297,0.0011245259565848542,0.012488870139645725,0.023569221397576667,0.008194994876614015,-0.0050815359671171345,0.012659273639375801,0.013926624999133441,0.017057746752462633,0.0018479327574025817,0.018696747741105302,0.002634536080622585,-0.0035417014875480657,-0.042010592983025896,0.004542475302840021,0.014857582632771926,0.012407061824099674,0.0017380434078841933,0.0121212121212122,0.015723571131607272,0.0028302174694132542,0.017734048899862742,0.0033683492572860185,0.003862756583880911,0.006918598406857379,0.0005738243299064916,0.01877937422023135,0.02051094564158351,0.017824685843224497,0.025255560561752155,-0.011372087750771032,0.022953064954072566,0.03466960976514666,0.013901974041078402,0.0015431862563528576,0.06663656499741699,0.007956914285826233,0.020203587229953524,-0.0016689300438557098,0.005672279195303442,0.016017271548180334,0.01153888069426956,0.03809780900724169,0.019505691749332588,0.012397674008137516,0.023157051991790523,0.012009115405613668,0.03360388898372668,-0.04256848582455297,0.007848019051742705,0.07826807347786513,-0.0020869855421096206,-0.0006626298791977403,0.008013378508182845,0.021134965230764635,0.0035978462018193547,0.0054334876514838815,0.01237110255919771,-0.012982022399985027,0.020202905088274825,0.0022415756271512155,0.08316663106282562,0.010116319344318558,-0.015871313491730765,0.037517642300507026,-0.016061474167412992,0.055084772798792425,0.0338475700142955,0.010299857566586246,0.0168521530709298,0.002043033118398929,0.004737802971163774,0.02253458975324607,-0.0012957860200801807,0.01596386641467573,0.012683889123149328,0.00560137901283686,0.07279051793750502,0.015136915692485431,0.009291334950413788,0.029341733783339485,0.029958488575769993,0.014121178294781211,0.0369598062588774,-0.0025584823859523542,0.049370050162926615,0.0031847102322188903,0.011444091558969083,0.015228452607710441
2023-01-12,0.011621453894570033,-0.0005993095195339082,0.03187304717579842,0.0018929468094222024,0.028745634297266065,0.006572781154543517,-0.004261357123618081,-0.0037936100803931394,0.0027592625752506095,-0.0038818213381710542,0.025195562622019496,0.008769770309678071,-0.01274925152234374,0.004694882056183403,-0.0021539696183349166,-0.004267406794951967,0.00745968136818842,0.027029284270120302,0.014740386212214629,0.0035162648478970215,0.019499284555803964,0.0012720279188984662,-0.004137028314280422,-0.007291745292117624,-0.011617129992842479,0.01733392662685973,-0.013606629294548478,0.012362741552585543,0.01436525370516395,0.01368691189050475,0.00652168474362691,-0.00423334491738081,-0.003223866701013711,-0.0065963552710675,-0.011987532370165033,-0.00019083042688861074,-0.01685974514900379,-0.0008046273494946021,-0.0037385972100535403,0.012223126159237596,-0.002433689435143105,0.004730191972534881,0.09341382572703538,0.0095917477172478,0.01010312739106789,0.0012326938239406449,0.04288432144922938,0.01578810605188541,-0.017027889272737684,-0.01774684968390372,0.0032652916091686635,0.00877147527887101,-0.016225798861885576,0.023165102726764086,-0.0019463723291802681,0.0027344635105228665,-0.0020131883524947547,0.003207196295412773,0.00015012273888603822,0.00923130834337793,-0.008196674537606752,0.0044401456684148854,-0.0066086741632668256,-0.002122064441264726,0.009712780043248603,0.000543035118902857,-0.012496093676432896,-0.0030545362763267914,-0.0016292875528211015,0.014448625545642857,0.0014204392422445533,-0.005591298864410343,0.01015546520701327,0.018603199220927902,0.007608219961364071,-0.005325081178647495,-0.005251882657416274,-0.012893692509929666,0.002607566396622518,-0.017217905121028054,0.0024581520663977674,0.021723820434182528,0.05853656055481449,0.014744451314911533,0.021732081672136694,-0.018823373646475017,0.010700585222716885,0.004641854626443509,0.03314992938854844,-0.0007534995187454818,-0.011404257281889207,-0.03137435718557613,0.021377277505290948,-0.008922585524098192,0.009479892049041538,-0.00921528786829895,-0.0504778382637181,0.043650731778501095,-0.01239221707190119,-0.006666660308837891
2023-01-13,0.003018746540126571,0.010119112567793076,0.023499514677908895,0.029915043601747016,0.0019749030825297886,-0.0050520713975188425,0.010863662054230172,0.009683378894427719,-0.009388119582672827,0.005845422894579233,0.0028248155313777,0.008148312487867182,-0.003071983672106038,-0.0004643979164715706,0.015809740146411233,-0.002448957793566686,-0.001534327134342317,-0.0111028745355789,-0.005942565194295146,-0.008797632076027573,0.006203196872204497,-0.0020870756253023037,0.004940153819691151,0.0029898033310478134,0.00762820672707476,0.002916959418812315,-0.005936793257730777,0.0077227572479408035,0.019749495063140055,0.015831231869725793,0.010579785718831003,0.01303736327544569,0.004503423107564242,0.001837893887229658,0.004493640095323936,0.0023146519764003504,0.006416185423833598,0.01654461497698123,-0.0003902878427810563,0.010926205880666506,0.007140288978189524,0.03787717686930159,0.057218988391099845,0.011188156914022418,0.01581950774911456,-0.0021546169869199883,0.019088282298603598,-0.003760283616864757,0.006028286702322916,0.005697718759686721,0.012624620566655809,0.00945890691995599,0.020391852227689355,0.03459671198532033,-0.000554041162850738,0.009722638840693909,0.02176170693983437,0.0041559833092363885,0.0031505781299803193,0.012413681525400344,0.009710689900589209,0.005958127629523746,0.010610544305098779,-0.004253052949358294,0.0015238928258354267,0.0067039300990123785,-0.016284693129161143,-0.00023573264573484298,-0.00407998288600131,0.01994846881617507,0.0038381234070017367,0.0033735994634327415,-0.0031987673966751284,0.007782706800787631,0.0209507736496628,0.009088687247351013,0.014269406019862041,0.007066338564587493,0.018205492745240415,0.0,-0.0075937280365225845,-0.0006192550523411722,-0.015975436864883674,0.0075495460906720435,0.004126957484654081,0.0054109652276261855,-0.00013877405306572665,0.003388283068983533,0.010376872725257558,0.00845340664560612,-0.01084084520334272,0.025224529880311986,0.014582234701846941,0.004365021217855869,0.03630448636895656,0.0070955782651580535,0.037987099924395196,-0.0007604011785239395,0.0032732933001700104,0.0
2023-01-17,0.004681730535380568,0.008756366745847899,0.047517595823864944,-0.02109661268732821,-0.011826508743727482,0.0004144909056562618,-0.009010006581719132,-0.00689654492027858,0.07426473736900463,0.00313238333574839,0.008309807575924255,-0.019830556932492915,0.004679251539179363,0.0,-0.012301294578902944,-0.016366596145236056,-0.01803846258925601,0.00033267561741534557,-0.016937901645425524,-0.0076548900421080646,0.0002568281904655745,-0.005092275642244237,-0.020166475175293685,-0.008501076308093047,0.01093092760355674,-0.020174484580000818,-0.0014052666542391234,-0.005657996321036363,0.014200392116133997,0.03668508159552952,0.008281030324616356,-0.004476390393608587,-0.034969032481705575,-0.012249923764747317,-0.0005964944375727033,-0.009737158972210613,-0.009968621936026767,0.022612698947477528,0.013004134175425452,-0.0022737952590591304,0.021918981651138703,-0.02216496418431857,-0.011930745965548883,-0.00488313321852929,0.04923140345600152,0.005552138042629551,0.008966761700273329,0.008807208337656913,-0.00899939504606695,-0.007026598985379495,-0.010324427221398702,-0.008671897506979276,0.0008816255512962279,0.008851748870410514,-0.01312699739127432,-0.021019267714331713,-0.0027519681236901627,0.0044571598321727635,0.0005483853250900506,0.009587912822193623,0.02516880640719288,0.0406954730971647,-0.002083159699607484,-0.00573945963274225,0.0264684631540415,-0.002441793297436101,0.0002109265418954731,-0.0021215544972962297,-0.012290013885123074,0.0023169739923443178,-0.015709412584170024,0.0011207878135754967,-0.032243284407588724,-0.00030889159217040163,-0.006822903951009152,-0.017643433082446647,-0.00478339840358033,0.0008505404330343413,0.03675317572053216,-0.005071489517892824,-0.014028392707427395,0.003373658880769348,-0.017171378645697843,0.014216006809875559,-0.004742321293398244,-0.012938242258808463,0.0053811545166893016,0.011051438278433912,0.033175700419658005,-0.005588403752953441,-0.0011240948870727685,0.05787510631735171,-0.001690877158490367,0.0031916422533977418,0.02688198041517076,-0.004665313429158324,0.026502917880158128,0.0068492539240538886,-0.012234827710094653,0.0033557014762590764
2023-01-18,-0.01888915510560274,-0.005369984658148752,-0.018359506957178473,-0.006142675153973931,-0.017287206910012953,-0.00854570176521885,-0.0018621773166879185,-0.004123316706949431,-0.020609982513142944,-0.014996791005461363,-0.014806503880664734,0.0003371508526484046,-0.02521868966815466,-0.008914592254748999,-0.01715152624881633,-0.024542434697114035,-0.007347951166475131,0.014632542019392014,-0.026689219775209994,-0.010584327918014558,-0.01694914922157742,0.0026505189326964107,-0.009350053858133589,-0.01866972952492285,-0.020555552122349163,-0.03769317655929705,-0.005980653680099257,-0.008705016393017795,-0.016096720698616895,-0.006795389320178424,-0.004889367856800941,-0.016393442622950838,-0.010685018972633298,-0.005452061842569855,-0.036556208161130255,-0.0021397154040579958,-0.019552812630082017,-0.0022535727057658717,-0.0048620936561254435,-0.008964014026614953,-0.0029484563984317758,-0.05587765427122626,-0.0010093047240069541,-0.007453954693368847,-0.03284497074741255,-0.011349661018496104,-0.0015798957047343798,-0.0357944965784287,-0.014992837067360099,-0.005754900586276368,-0.018403690491649916,0.002054780960278002,-0.013996283946400512,-0.01316103136475233,-0.01628993852462668,-0.018232028576048664,-0.014398038995272477,-0.009033275889190229,-0.013353227287155267,-0.026299012205567962,-0.03433128659463569,0.015421335299486305,-0.01987311990947671,-0.007920477309848128,-0.017756778055541544,0.0034332034329707106,-0.025405899711183233,-0.06307587687567207,-0.01410203832354584,0.0023532453342787196,-0.010048934558451794,-0.02239012726867995,-0.019737880370422567,-0.0167117822838998,0.03319524752221725,-0.01934188473252041,0.0021204626860149567,-0.029530473734022178,-0.045989607481944694,-0.02154773652603581,8.08580151756555e-05,-0.01118499740486445,-0.031289667005279576,0.0023783080271022605,-0.025095267460813586,-0.004846642327006823,-0.021133309833143432,0.006983438064248837,-0.027336392874641624,-0.0040366829319195,-0.03277527530857782,-0.004228731811294573,-0.015921450318931663,-0.022879508033407214,-0.009859988346028192,-0.012626742713450212,-0.0029064430169531974,-0.048374861057648655,-0.01981836455861863,-0.023411348835963186
2023-01-19,-0.01645394564684821,0.00044373608175840573,-0.03521902644590347,-0.01864654092151996,0.02353021743716366,-0.01927598904345096,0.021180863114582893,0.02320772402639193,-0.012501946153228194,-0.02081467236932366,-0.03998298232853492,-0.03232920119840854,-0.01159532858054313,0.0035744667001549324,0.0006166745060416368,-0.009381714863345159,-0.005209009860378422,-0.03654538717645328,-0.013536945396665945,-0.019348825547149673,-0.0036572464501789526,-0.03226976649601021,-0.016286843465245116,-0.008926267023657286,-0.015018552806123076,-0.01752840645695397,-0.0026543570277276496,-0.027843816727990744,0.008251845925144163,-0.006196291876725768,-0.012393872914281179,-0.007047598702566993,-0.003970086129268968,-0.017289127211972843,-0.011305552821534892,-0.031224380887846404,-0.0014329486535539226,-0.006846315725987928,-0.013048932953065195,-0.03378861973933289,-0.002957263978721536,0.007481833010748895,0.003573650162797426,0.007760219946587155,-0.011386153721573367,-0.021098365337693048,-0.01987936034118354,-0.0072435335180204286,-0.024234945173029376,-0.01409802302896701,-0.017345131281199078,-0.0332786086215201,-0.008735331269392965,-0.04741916285628767,-0.012859470807445428,-0.01233967202271613,0.01978209344947568,-0.016312177797473182,-0.009948496001406792,-0.004032639184579856,0.000826727985676623,-0.0119327396677813,-0.013886499331729252,-0.029093389465303376,-0.03184834989011298,-0.015586432777846881,-0.008869656267087689,0.009581469227868178,-0.015565874299869886,-0.01286047192556583,-0.014586766739745682,-0.01631834210833827,0.02996128770608153,0.00612797084071115,-0.03370215838827162,-0.018698758327794662,-0.005642566360881007,-0.031085857577844322,-0.032568102474266336,-0.004499138734750829,8.085147768555068e-05,0.016169232988039184,0.006230484390232993,-0.004038583808105178,-0.006516805456471264,-0.01317175743347665,-0.011782538975932733,-0.04281622303918353,0.0010757995475403348,-0.012954024152372012,-0.011052968479039804,-0.02353354031179611,-0.04388983311585404,-0.010668572773163021,-0.05740887766149405,-0.009300514174767405,-0.04595798495618586,-0.009531364901089079,-0.0056164212162724825,-0.008561676271995777
2023-01-20,0.03574358128192001,0.01922074933545259,0.06406206909733325,0.03810845093076898,0.023650395630214316,0.013422923523666919,0.053412073383211967,0.05718235446469455,0.0491468120625187,0.022620280172290563,0.034854536143285264,0.08461587600226106,0.0014737958663191275,0.040434432466861514,0.012571598153824803,0.006887638853423139,-0.00013782742555501493,0.04524578680027824,0.028149163790039955,0.05142630984369223,0.032249595226007344,0.03287488454576204,0.012110263926267795,0.004617759266935195,0.016910847578898602,0.006827444892776979,0.037260440940012796,0.04100109002392771,0.012477385305884381,0.006170013253948392,0.008985833125993326,0.0074812848965579715,0.016500903153910285,0.01250532228941137,0.003132844023518544,0.029221586226425345,-0.007294912584495217,0.03830572903467311,0.0336271875437284,0.029512059636553012,0.03669670061403418,0.029040069626891984,0.023631053020032322,0.03651496570444279,0.03565353272299698,0.01458000302999407,0.02199798525471275,0.03048855163375408,0.02095463301718059,-0.00044092524479266704,0.012039591585667031,0.021212121212121238,0.0014019566272056583,0.02359346265523099,0.021773344026984276,0.02671949233002313,0.03497672702149135,0.0320273333516492,0.05024223765059643,0.01563092005471889,0.017554777384595655,0.06166512054512818,-0.00017275717551967773,0.025783950858830673,0.015782247558068452,0.02020981842266334,0.005893276565684946,-0.003996000093747787,0.04700856407701148,0.028939447853627565,0.020862220672978493,0.010186218507098888,0.04426021390584256,0.030999408553150642,0.018909500747951613,0.024797622401144137,-0.019009737246415193,0.02959786314889401,0.05368534376684808,0.007136042591039615,0.018347855000558688,0.0076487771085014256,0.022323656027803063,0.00745096695589198,0.019022628011150733,0.018507111754479277,0.02013345244190723,0.04362892399644003,0.05950702294762422,0.03228671388209525,0.008088280172908968,0.06115792182680746,0.016201647853101298,0.0348714782765529,0.045164033395074465,0.042342989548266985,0.04078823865808445,0.044105868400747816,0.013273121229269824,0.008635611582778147
2023-01-23,0.009824330190487673,0.02350043960188808,0.07590107815717895,0.002776315095798454,0.02798313332790303,0.019009031551617595,0.01805758348376907,0.019439971080844165,0.07742468874848996,0.026035700946412943,0.09219350810058335,0.043562083000684204,-0.004473803530611331,0.024131561775873278,-0.006481665493461297,0.015391219313621862,-0.005168136888334063,0.066151319385509,0.03593433159080517,0.02996958438535291,0.022606030322435355,0.04113088986292479,0.029884382479452576,-0.008623268112306182,-0.0030766573974139177,0.012027955992936157,0.05747520805630657,0.03868782810433191,0.024438119050068874,0.006358124335099635,0.010955641474420075,0.011138596332326944,0.015980134815458902,0.02718414689677129,0.004996872115075712,0.028343555142575028,0.002650297735712348,0.02217652360725686,0.02310020686393255,0.04188958115686581,0.028890437080519193,0.026497272844712372,-0.0028139459575192705,0.012641546726120945,0.02794700016732876,0.0012496381638493759,0.038902078286869424,0.00518401417491221,0.002794642663652258,0.0012856632697728632,0.03084989951950723,0.02688426575250369,0.0011000061035155717,0.08282676027555103,0.0032609489647597023,0.0137349324054028,0.017474042018165825,0.02173914741755878,0.02617775400400557,-0.013536056705089061,0.025167401101051645,0.044295065055972804,0.00043200052633785013,0.03682064049805023,0.01048593001054643,0.01842153977754002,0.005316323130069911,0.00952851663090315,-0.0002040473782286556,0.014850289832093466,0.017467968737920447,-0.0005762160268283356,0.041186163520431585,-0.0002523935008827971,0.015259340030220336,0.0029292328931078693,-0.022270439357127247,0.03554968055153984,0.05967625167701707,-0.012281541234994253,0.011270781986005396,0.012199274920559722,0.023908131099358076,0.006087777959893126,-0.015448971578724824,0.02064864262649113,0.02155581026324871,0.06851797116144231,-0.020095075555913278,0.01704233245592235,-0.007877474711702415,0.056693982530172216,0.039149673243646266,0.021652428123707823,0.04644699491083215,0.03827753045530713,0.058662388223341466,0.03763438969973176,0.022017755777942627,0.006849308357518069
2023-01-24,-0.0022261049585529102,0.010063058343160014,0.0037513741894388275,-0.012305137300550828,-0.0009074117326419717,0.005845682625585269,-0.02094402192715028,-0.019760893371125743,0.0009739087975544347,-0.001015001755685363,-0.023912215604918408,0.017934007340714375,0.009283392677080338,-0.010027956468680377,0.006554610286524376,0.00652634470086344,0.009974388654909738,-0.0025185212098683962,-0.011562615664908571,-0.020609785870807973,-0.012667619046084932,-0.010248824113590849,-0.006342284865160086,-0.0048664176255179825,0.007813170138958325,0.012080533506832358,-0.009058579360327945,-0.006683236455143127,0.0003164623876370509,0.005644494337595063,-0.0033428813568534554,0.004048585904174562,-0.007511673169614985,-0.004715330864610179,0.007457982022794685,-0.005733286340554478,0.009491688745282278,0.012053054077256098,-0.002997139363495993,-0.008904958759762938,-0.00561582661104143,0.01059805324756824,0.013616469570490786,0.0036090438701459338,-0.015992516734067985,-0.0059281944222102645,-0.010359284875874786,0.0010063123403105667,0.005642235152455877,0.005903829679342554,0.086356952036998,0.0008091047254008554,0.029067985365829108,-0.005614074350100529,0.007110114225139963,-0.0027334885810250675,-0.02210505049247069,0.0037002445499703107,-0.02300156545402532,-0.0034774693728931716,0.011482911311193389,-0.017494658699810928,0.016755937656419695,-0.007731573276982484,-0.015407476980748624,-0.006070716545885646,0.0004316132587114385,-0.010928928093711598,0.012043276839633688,-0.019026891931092083,-0.011417577644621035,0.008359784577911755,0.0011507743802900983,-0.010050278750993291,-0.0009140242324505721,-0.0015238444010416963,-0.01967167311119733,0.009112106753323967,-0.021251141647829597,-0.007412754078269024,0.0006278486724817789,-0.014127891021906702,-0.004981315464904323,-0.014152131888679031,-0.014383802937653623,-0.01084373381645154,-0.00017123212490288697,-0.010169508328647603,-0.018631160879142405,-0.012232073073676686,0.0048521422040122,-0.008968976981187482,0.005966561115436697,-0.02960461658441027,-0.034629307236247575,0.005421509750141551,-0.005684494678675489,-0.009622510158290187,-0.020998000586716525,-0.015306148101401518
2023-01-25,-0.005908084264779956,-0.00470075194473818,0.003010650658864522,0.008928577793566816,-0.01145731030209185,0.0011109914813900446,-0.025383785107515155,-0.024997437258591826,0.003752820129427681,-0.002499401567459203,0.0028113349725127357,0.011351469189558427,0.007264574472079399,-0.008718016806796514,-0.006907523651285219,0.0035557030759736374,0.015499690031314906,0.0035960308468043767,-0.007352918208339165,0.0008716376893431743,0.008804993059650101,0.008496319166499289,-0.011296882488961657,-0.012167899551695949,-0.054965529617415965,-0.0012564370368643996,0.004570724806822524,0.0018461413261217086,-0.004824499224338252,0.0054533004277734776,0.01884616894825908,0.003188334295116002,-0.0465816419567644,-0.002428068581235343,0.002467669203366052,-0.0012289538054727212,0.0005951327511977134,0.004234480562610665,-2.8658284642602005e-05,0.017193802127344116,0.0005482555217104501,0.001868968017222361,0.01867717187012463,0.015916977365575402,-0.036137656160980525,-0.025423771430432396,0.0029770978216183686,-0.00603170829214883,-0.007654904579189603,0.0017268940936310262,-0.002430581812794541,0.005370491103562802,0.004853426677272621,0.00541057083074703,-0.004370392490615549,-0.006077965844026867,0.011070559761335641,0.012749644401061522,-0.019037895728425958,-0.019145513559066907,0.013114076471800074,0.0,0.021066901986260822,0.005414633202657004,-0.0054304247543742745,-0.0010595087078758558,-0.0037756039443723743,0.003264717958602281,-0.002218648775496046,-0.0031231138136964542,-0.025290844128617596,-0.0005717683826588216,-0.01278734783276414,0.029921207618939905,-0.018753747131706633,-0.016024348859826065,0.005280604715859116,0.02288954592684922,-0.039896897055254676,-0.002168156016070122,0.0005490602870588113,-0.00108668606452067,0.0034418214487685894,-0.02546415891246334,0.028192384485050237,-0.017671150178936057,0.0015759608311052276,0.024686011448881606,0.0015161221632558064,0.009433201157630355,0.003219216161724381,-0.022339974151499686,-0.005253305667026753,0.0207479743208292,-0.023714255440123067,-0.005122671987244476,-0.019102954808025818,0.08594914863185155,0.010584881260911505,0.02072536897231303
2023-01-26,0.03071360031130177,0.014803370185255682,0.02478915619123634,0.02099198301215366,0.0409894208604793,0.02202572151240223,0.02415454098800418,0.025121474422047596,0.10967259156647335,0.015115675595561484,0.0033373379759484845,-0.008397642161234398,-0.0099458589421495,0.021358554903222915,0.009651993367597589,0.00750313909516942,0.004187175569120738,0.02127017293488387,0.013131292243436343,0.026499114352381614,0.007730707857534602,0.014304562759688944,-0.005370128077419545,-0.006470739872212583,0.027686628037354888,0.012967571289082436,0.020474460558795426,0.01914415688034876,0.016898421977935785,0.018206008172415356,0.0015110973424203866,0.01663861210919948,-0.011315301492090257,0.013594589411749958,-0.007384667029747605,0.01452845279299897,-0.005352646007799278,0.048293595269514045,0.021187117836719782,0.0034774624966014134,0.017262216292336596,0.08467204870161527,0.051245259901991025,0.013056345245129108,0.03620314954301951,-0.028985495672929185,0.04768283809963503,0.021618193646768757,0.009659627046648467,0.00019992527583134745,0.012814676362834287,0.03400343458589794,0.0037674558702671668,0.03860546669124121,0.0004952416884547173,0.029736159258576533,0.02545289141977425,0.012437428955386354,0.029432131920331894,0.025480783902681825,0.0280139260038621,-0.04333946025973523,0.004242946332603248,0.02797852304817816,0.0002261803008001273,-0.004086590867765083,0.00693015051676249,-0.007259096620502947,0.002829985570929061,0.0037512002796762367,-0.004497528629200054,-0.0008580886751281547,0.007422531553281875,0.016420657624466317,0.0008805001424163628,0.01731932648729062,-0.009605274141229359,0.021350871177882258,0.07420494699646651,0.004345734262024559,0.012386342594032484,0.019105232007145867,0.008107332045669713,0.01134711633341734,0.025806427001953125,0.004885930152852991,-0.0014366248731522147,0.026040980506317313,0.04245384399376362,0.025189354396482955,0.0035006636772259014,0.04403301324362574,0.02453149247006703,0.0059507849971698334,0.06708002653906431,0.010749796515013843,0.008244908778048066,0.032346887520052325,0.006063980929036594,-0.001692005465796509
2023-01-27,0.0006451760568926268,0.013684258613779976,0.028431418556465582,0.03043737760442866,0.030142582141333252,-0.01268005385874671,0.01897053083673539,0.015631256203306965,0.11000180416824756,0.01001408965321171,0.0031931592878635673,-0.011236895766665644,-0.003524886025219054,0.013367186137868803,-0.01459742470954073,0.0035167184197084644,-0.013181832548826322,-0.004180447815137711,-0.06414092041836672,0.024409181001532776,-0.020044577489472304,-0.026648224452849423,0.0065479572066793335,-0.004825843388121642,-0.013131145499296726,-0.005827567160900271,0.017038211908015022,-0.029874425147538908,0.013721945894703547,0.001339552701003388,0.0007140365156828032,0.0023905342196506307,-0.020538481011630028,0.0005270957888907635,0.003099885121556456,-0.06854653880734607,0.0013154820227037067,0.004210911736378442,0.001682158755572205,-0.024140969697683645,-0.003232268963707652,0.00019106289285986122,0.027503461849611055,-0.0014320082333481032,-0.0011486813935085438,-0.0023217146172431757,0.05958695285658844,0.012622253474532608,-0.008660380774748955,-0.036796050351583176,-0.014256424134787227,0.008443445048314624,-0.01077858442026447,-0.0031538497763774487,-0.02326476897620655,0.008150961807452228,-0.006820221307028529,0.00494384765625,0.011608932605797095,0.0006563496842260097,-0.00958463315745528,0.02949956598190351,-0.01018967556016892,-0.0074112166524740175,0.0040699304904212585,0.04554427108824388,0.0008603272705940412,0.0007563988757512963,0.012900612412306556,0.0,-0.017984359011869455,-0.006584584604262034,0.012424163466994376,-0.038938596008524895,-0.020130404052312256,-0.011815529360859167,-0.0069707394963443026,0.04422112086310448,0.01618425469649476,0.002163465285795141,-0.002090787314054876,0.007138617176434936,0.016238715788668756,-0.0051981973739647636,-0.01572327081748126,-0.004641204327226922,-0.00630318844488631,-0.00013575103405316646,0.03706272847718872,0.00033771048091923994,-0.005377946659445354,0.0186116635212199,-0.014965043570262404,-0.0005317503002821855,0.07578158336008611,0.021360259207129362,0.005874612309292093,-0.006000010172526049,0.018356114217679798,0.0033898272208872093
2023-01-30,-0.021961625031497123,-0.020078070464177533,-0.05907193292336532,-0.01652968356145279,-0.03084228130452482,-0.016142368204172808,-0.024454062976861146,-0.027405442968135296,-0.06318150994943417,-1.9888663504219473e-05,-0.03912472835460368,-0.02123237490749008,-0.0008253707916434649,-0.019664908406514137,0.001016281366984506,-0.005978089277759224,0.001703809768141884,-0.013268284067878944,-0.007457353892420415,-0.014599363450480851,-0.009090828523378836,-0.03822224934895835,-0.012040633098666875,-0.0081214177337392,-0.02034295434378408,-0.011291049096158856,-0.033818692399160355,-0.008801358426575145,-0.011170589361693462,-0.004573032088598494,-0.008575306558212259,-0.005686985289656277,0.007019941260573592,-0.011122221711104885,0.0018540654345524654,-0.029271108456648154,-0.004538455363396698,-0.013455963906059076,-0.02068459248777421,-0.025592257473077473,-0.023185393257500353,-0.07193349978357388,-0.04869518595564215,-0.017954482016502404,-0.028557697854476816,-0.006648961550755561,-0.055718466003460754,-0.02676283016500114,-0.0028128627613442925,0.02393768219944703,-0.016722463035832136,-0.011347348434385451,-0.004085982733772586,-0.051073408396230535,-0.024486822980184897,-0.04827905078279282,-0.006641944783557285,-0.01177699603403426,-0.00834602487136249,-0.011525518580063343,-0.031309326413506366,-0.035306151409059905,-0.004017436754664594,-0.025746652833969375,-0.026572332647387342,-0.03568112692775982,-0.002148887384742393,0.017132787319326992,-0.01631840188704914,-0.008316196700141165,0.01468639900944102,0.0005763820554445243,0.020262530420141367,-0.008797954383722661,-0.04478484664897342,0.0015428483988864095,0.004730620545832842,-0.05255051977177028,-0.04389494848751185,0.0014392270392777906,0.0009312514978170316,-0.03722847195303092,-0.006696126122914925,0.0038284728587507644,-0.00894564811890941,-0.004107633968615132,-0.014271870940768983,-0.03597124462799273,-0.044505312381088236,-0.019162319015390117,-0.004822473032047081,-0.03858216984365659,-0.029203296892586605,-0.010108326548041058,-0.060711535994933175,-0.014175666210113569,-0.018361877765713408,-0.0355465954658063,-0.01721817113736479,-0.008445978055825365
2023-01-31,0.02101269294075281,0.009020932070858745,0.0195699827552267,0.025658817736008643,0.0129879212145938,0.006122620145936342,0.019599688968780393,0.01960189747993968,0.03936155894904236,0.015617580448666901,0.037267145498509624,0.0021239841157516537,0.009086668537551912,0.019041281862514303,0.018182948294943158,0.009332163767117096,0.01585250985701392,0.012003356168385215,0.011091214936689076,0.014935769092043971,0.0028031801974834902,0.030406663662856825,0.02356611630558403,0.0032195141714057574,0.014283972979791448,0.013120793878213632,-0.02284880681138901,0.04485719867470461,-0.0011817424991509284,0.009750593818564468,0.029886141913737063,0.006826548462666393,0.015561013537671364,0.015035864885146744,0.009253641847678518,0.012381392904537103,0.007078632010633301,0.006407374710080127,0.011060921067734819,0.016192322640597556,0.011563551368651837,0.008543508162823787,0.017119893047161883,0.017406517410394562,0.0446877641960961,0.03480592184530251,0.014888538577257249,0.02322951391636452,0.01765888803449056,0.003444614169048288,0.00487231336571714,0.02691108728566549,0.01670410314148163,0.027625620410655527,0.007721708059031496,0.035922318321111035,0.028048487466445282,0.004827269428340886,0.02888297956174468,0.015167300279855356,0.02526936209219066,0.024045204431280665,-0.006806702173056678,0.025634281627686217,0.014177628463736047,0.03529260960368874,0.011736796658280868,0.003963335438330606,0.022658282924742146,-0.005073014069996495,0.010201396320861145,0.01612896137399411,-0.02769235464242792,-0.01695913654629444,-0.02659367329267248,0.0,-0.007138420678163282,0.030069067564626684,0.01313652855918912,0.010538889262490692,-0.002403386341426561,0.005366718033235074,0.022675094730387313,0.010307684443553233,0.023210809243372932,0.013265646148170163,0.01734626639409953,0.03421571979774263,0.02982026636280022,0.01835138338343767,0.009838446166778203,0.01272434916316545,0.030777264987346342,0.008935079057643458,0.018059992327456698,0.005059468101330511,0.019514472754020407,0.030598023427095722,0.009033721381937587,-0.013628607370651635
2023-02-01,0.019934637383781206,0.007900751560697472,0.07196600250801177,0.019586971068148662,0.027857916778399217,0.030324250761935234,0.016086645347998862,0.015620281522893409,0.047280928205116535,0.013244821970649578,0.12628074079947327,0.022975202677226303,0.0031574860989509457,0.03666905336752668,0.0004229894537579604,-0.0020546225166061527,0.01111783329483984,0.03941145361006493,0.028662401252019798,0.030472884179271187,0.01575610598790189,0.06745003512915737,0.02759437506000495,-0.023732133039716552,0.02238593327097904,-0.008442030616386154,0.03814260806237235,0.06030794499903802,0.004782010645056456,-0.018044001794218167,-0.000619629940905031,0.007788148056391719,0.004074213626022338,0.029859421944001818,0.019712727191328883,0.04405314294578444,0.0007147671771350339,0.006807878436774439,0.037597138637367467,0.026768963323214656,0.03314553135646481,0.05103082086847244,0.02758769158807839,0.006774646826210207,0.043437189875743076,0.021668825182430407,0.025920234340720993,0.017425522586388187,0.005904347534247956,0.019663049876820438,0.018753924712934467,0.05224895562027787,-0.00038432854365499924,0.06882960141321481,0.016777981633530947,0.0005857901991597192,0.02149594506263819,0.043537028964209856,0.03267335313089559,0.005789548676664369,0.014329384749971474,0.01709257095587402,0.0027920652749267028,0.04560681255171972,0.028773417726050576,0.10316890496435405,0.007343576502016669,0.00024678353150053844,0.026706277135383427,0.0056191721270162365,0.015967533785389953,0.0017007192564366669,0.007048410771362423,0.0373916765332043,-0.009996561008983273,0.014249044783173792,-0.027688561989324012,0.03175543562374927,0.10546717881481982,0.0026072674551338437,-0.09263281953694291,-0.0189569470725095,0.03131080656015928,0.01606893799979492,0.007876496591140203,0.013037078296417759,0.002406367211132965,0.059768544207591034,0.053768114737940076,0.030147280892347084,0.012214686757147764,0.059278353682890916,0.06595816342657623,0.022373157372602703,0.06516965135865616,-0.008654979492002113,0.010831033413970292,0.03643724513986446,0.008681489135253795,0.012089839744830355
2023-02-02,0.046884297145462384,0.03706260688917107,0.0365754855082665,0.07379935352944922,0.2328239961605887,0.005010401545002097,0.07278699130121402,0.07266097529732485,0.03781489703913388,0.01065826073542242,0.04336009210078218,0.013536353341952578,-0.009267873400077398,0.021645127286801236,0.0029298092909382234,0.015441630733218359,-0.026627834933803163,-0.0188502129408763,0.03852772105232627,0.03813572800979137,0.028521374901984142,0.04411393921319595,0.014387671770302646,0.0004869733996353265,0.0386559630586536,0.003192742154663142,0.009105426656837112,0.020329589377263257,0.0036594041916193643,-0.042518960826747776,-0.008970960149035312,-0.0076370247677522984,0.009967846373273304,0.015346320686715487,-0.001048998820662339,0.010957417264160219,-0.03107143583751859,0.01771851871666441,0.004195637096139793,0.02655734855945413,0.0017470582461802664,-0.032724826536482454,0.010121072064196435,0.004619055404736061,0.04914027425498446,0.03323834225985367,0.03974031813484835,0.048848091225138335,-0.00347250614713579,-0.0028096735507143755,0.002245039840053975,0.011446845378759951,-0.014033055282824058,0.05724196554183547,-0.0031343270670470824,-0.0009366798691542444,0.03048612658858585,0.0034527097740433277,0.027138929353434982,0.002970937680291552,0.014315281961741588,0.08317775485606549,-0.020502871869748196,0.04152285565705105,0.022330678475058763,0.010309582164358844,-0.0010565078976121356,-0.013566828432159506,0.06531790539462867,0.043501631793555706,0.024551859758103367,-0.003678581424842342,0.009141542209969877,0.034037342162926976,0.011761348341164712,0.012656625401373578,-0.00645059532022596,0.08984891655235083,0.05163245985526843,-0.00969266796234114,-0.006594760691786661,-0.040320882687113646,0.026438225174875374,0.014559741248680425,-0.018755873265476897,0.015529976941133228,-0.013991827861606354,0.05498466868000107,0.0710469513062657,0.029556415753515752,-0.0007183314368536253,0.07474149567917099,0.025320498869928265,0.022665176100684636,0.07752992322990648,0.02200446521784527,0.03888785332901579,0.036458361467036626,0.014254942844180052,-0.09556312798984423
2023-02-03,-0.023620558789990698,0.024399897209064214,-0.02805286489761516,-0.08431497620839845,-0.011866321144597514,-0.013453991038330115,-0.02747353947616915,-0.0329044276713083,0.009082654784473565,-0.016487409975679435,-0.025138730405129373,-0.0026984129096612186,-0.005000918382132125,-0.03288892754948358,-0.025447920494192644,-0.013990239881964017,-0.011976825746078945,-0.006109692997895322,0.004306033735241188,-0.06280961090425674,-0.027730463943641537,-0.03444389751904697,-0.01315508834187884,-0.005516572494567273,-0.0238405571721515,-0.022615499715396892,-0.012031001164518385,-0.0217913250520424,0.00015485742077347986,-0.00908555460107896,0.04250531437289351,-0.04443425017242153,-0.016070605032061813,-0.002677053649578043,-0.011251124494406683,-0.014459567930155903,0.0382110902282069,-0.017410038621491597,-0.019398231008770805,-0.02430549561765727,-0.017809930744354996,-0.03975503523951518,-0.032064730766670047,-0.009876854806431967,-0.020443394637653767,-0.011335751801579641,0.0015187336337669777,-0.016559365875883136,-0.00537304499444069,-0.013429916651849672,-0.012812542584662578,-0.026559984790995195,-0.007603809371942716,-0.04470870725021736,-0.005109216315909104,-0.024961969261757533,-0.026861397731635317,-0.01591398724518367,-0.01998070955307696,0.0037026893492435597,-0.015784558926767334,-0.07475317904882939,-0.006632756200846579,0.009582368038459466,-0.010348234715682358,-0.0010769604817867373,-0.025806476601281103,-0.015253828075731946,-0.01971423647203774,-0.04325492345760251,-0.016749557782953617,-0.0017039920520818264,-0.0014154065387311787,-0.014433019301470562,-0.017578712765657367,-0.04286964396445869,0.004592194676531269,-0.06858445820959214,-0.08635163885041686,-0.023633274724137898,-0.01784636376367066,0.006033194214415838,-0.03453159234287828,-0.004948535188731951,-0.0006370994203215297,-0.03694793874586011,-0.013529438924242632,-0.014978121234716979,-0.07187106160381485,-0.02573447438467924,-0.022714121005097065,-0.04499469639706921,-0.023769113964594357,-0.04528085859693587,-0.09712846670271691,-0.047419825518834724,-0.047479362579594064,-0.03140703502536646,-0.01644123433935729,-0.01509441465361916
2023-02-06,-0.006115800474224331,-0.01792883024246561,-0.0005213299068794752,-0.011703250716856073,-0.002519708485385408,0.006157746905806949,-0.017942329407522717,-0.016631818852855806,0.025160537355481072,0.0015346524499486591,-0.027993914917314733,-0.012079756720101753,0.015965067910274744,-0.010808466852267773,-0.002286837880084547,-0.021797272260107303,-0.022177843973813616,-0.015479273667198146,-0.05375986732100302,-0.020695722411608775,-0.011508703655772168,-0.019086521515712218,-0.007076599559186825,-0.005383986928613083,-0.022381015832282247,0.006660372137085702,-0.03893607292288026,-0.0156825466092938,0.006060879078063852,0.01278986859354636,-0.0028986496713143683,0.006903102303374764,-0.00816650995441126,-0.007102137459139568,0.003944689612957797,-0.006564265676876624,0.022011841542622035,-0.021850773018349368,-0.004067068422902165,-0.02597043133055421,0.00032282785377102385,-0.019236842006608135,-0.009947406690882343,-0.012096459554890915,-0.03645649417623764,-0.006817515264403884,-0.002948597161916533,-0.037301156889958165,-0.007933659552221695,0.018381038772496527,0.00235975975508107,-0.018748373334748325,0.010019613089282675,-0.03327614836469228,-0.0006041961422076358,0.0007212162282361767,-0.01140710415040691,-0.008595517819593668,-0.023786136265364077,-0.015678289619639907,-0.019056572104400038,0.01084009789505469,0.003381888576834191,-0.010194459274908918,-0.02535848025486409,-0.003881303478350695,0.004234061307829551,0.013966460694331051,-0.018081172111466537,0.006467517450929217,-0.01619158491564876,0.0019914563808107744,0.01856835580336824,-0.004208691869194592,-0.017200552539908043,-0.011099483596204385,0.0012610629379963267,-0.014312586504189762,-0.03146237136678409,0.0014669329182246393,-0.015186058245659773,-0.009248546501051447,-0.02037524721161399,-0.005072629118622829,0.009244469251528331,-0.017655920958269955,0.016394576795235816,-0.006057582735403466,0.018133443650861336,-0.010173375717686395,0.012062366200818797,-0.01437145242211646,-0.02782606041949731,0.007070892753648028,-0.015947352708655105,-0.03404100715828229,-0.02594976991104314,-0.001297046541161806,-0.021838807494167667,-0.04406130810688058
2023-02-07,0.04202207815005732,0.019244699473851767,0.051401187203107934,-0.0006850625818668465,0.02988282076507498,0.021869324265794132,0.04606411849836012,0.04416738804396392,0.010525791279409002,0.0018231586967250024,0.026649179598481343,0.004066618280474499,-0.001513268272270385,0.022892615426231444,0.04416778297904367,0.005675855780866268,0.007184646500603131,0.027834291814456513,0.012547880665794375,0.03055500973938674,0.004049604004283447,0.024046173361829126,0.01375693642632081,0.000615107208242982,0.016386866017619628,0.007008468837601756,0.035845307473951094,0.023591472769674438,0.006979894562719968,0.012037962037962036,-0.01398455947930255,0.01723486236759264,0.014767096405475355,0.01954379702089648,-0.016472666889118637,0.02771269098316509,-0.003589596530834127,0.022210851408808185,0.018834899453579634,0.025303262596955367,0.01301704115580371,0.006822294065711887,-0.0013866151345427458,0.017989732549708926,0.04724911584226854,0.0074883520804978065,0.011322382632545258,0.010931634955210656,0.009478033372217087,-0.010414469761753642,-0.0013581828886986003,0.03132844387547351,-0.0030149538952911614,0.03886298128892207,0.010393418341385852,0.03206819721883569,0.04365103390278269,0.012343810436742153,0.024319857321863703,0.025953307935377756,0.03442964114331737,0.0056970534659732674,-0.010543611013361764,0.024268916689216713,0.02499035910401526,-0.010471615771007081,-0.0023783915751689477,-0.009767077051534234,0.004885349785224369,0.04562023757990885,0.010372013084940956,-0.0005678721485085081,-0.003200714653215031,-0.004893870348377405,0.004639650357139091,0.028126200435760973,0.012122173366098554,0.006878116341269447,0.04365905210918153,-0.003417953925236028,0.017737746862148907,0.046966180504181,0.010324626561525774,-0.0038488667492631023,0.02716363280152878,0.005312849603338776,0.010926855521794065,0.06380593477683871,0.0509950037356901,0.017105325358413248,0.001162706367904942,0.03765497476078217,0.024556810543428398,-0.003974339926237858,0.02737591860787103,0.07853354591947359,0.03373267200702368,-0.004545434841439211,0.012679242410350344,0.01402809115674386
2023-02-08,-0.0031020577808305028,-0.017652737376545935,0.00144322974060751,-0.02017429777965274,-0.04274085507828951,-0.02073397344173611,-0.0768301439052379,-0.07441689047942102,0.022763049555982517,-0.024625928826628618,-0.014200921530646005,0.010690106721972459,-0.0023315102714883684,-0.014225475140601684,-0.008513274675949867,-0.018394671097584192,0.005734611049224014,-0.03264295216627222,-0.027882942761286778,-0.0138658849280332,-0.022939246015001857,-0.03791901611446924,-0.03809474785494227,-0.015573782999007468,-0.01663633721526192,-0.015817394172831345,-0.030259150745130747,-0.028748813612245683,-0.02497190192323362,-0.049296757475268405,-0.02633975275030387,-0.004961141722481965,-0.012303252160147826,-0.01800911329511523,-0.004456068029625726,-0.02948439033479433,-0.004416093774963992,0.04032562657777272,-0.01676889951324978,-0.023470640858377023,-0.015292331836730177,-0.021386942385750896,-0.005886841852391189,-0.008037872972449844,-0.0009598829258419261,-0.010529580147035422,-0.027821887903167863,-0.0421723176097657,-0.007538303840653682,-0.01705329935159572,-0.021443483005123776,-0.027375328061191806,-0.004097217730828606,-0.035912790701467245,-0.015280138804244614,-0.01850347912997019,-0.015749696336171737,-0.0014515673538548768,-0.01041800418444927,0.003104989387128887,0.10896245339089572,0.03932023646038307,0.0,-0.01999532818610783,-0.030774074385423678,0.0005468462750279901,-0.02058952699406813,-0.011886727613062753,-0.015145874723714425,-0.02018988368238872,-0.02494275365147136,-0.009375051815400326,-0.02038250929017016,0.001713823468147968,-0.039284469289211255,-0.01733879352091361,0.00108881153876772,-0.01802657968095378,0.029133515639641505,-0.014208672726446991,-0.01296201920632245,0.005084952214777783,-0.018068626362022666,0.011892269837019853,0.0015374918928885428,-0.0008994681942555705,-0.02051944075434542,-0.022565185697663637,-0.03041515596291333,-0.017070305853121526,-0.014953525266666046,-0.0031145348644436854,-0.004444425068204416,0.0010640664182017812,-0.007976086359225865,-0.02986386975360167,-0.07991102741355183,-0.05022827840322697,-0.004899300406980611,-0.011857696335581758
2023-02-09,-0.01165978982882443,-0.006911552556695955,0.005944571255520392,-0.01809100582487666,-0.03003867811615213,-0.003822520390444062,-0.043876426384636846,-0.045400009155273424,0.029956849516678652,-0.006311888789803932,-0.017475538012382885,-0.01180379666538689,0.009464799500621401,-0.006739581064840627,-0.005026156098073997,-0.004897775696771189,-0.006675415279713048,-0.012408257640679654,-0.018059498336236768,-0.004742258373194641,-0.022187740786782317,0.0011212150602344373,-0.00855520967045853,-0.0008326267726193048,-0.018766378594307742,-0.01483532777119212,-0.0011618206609829151,-0.004614612070067858,0.0045524430974814845,-0.005897727978533163,-0.006522895430537412,-0.002351834363337413,-0.0003124924848861843,0.004275482612010162,-0.007717240205813436,-0.0019775999744114925,-0.0016341705689353336,-6.015713779139453e-05,0.008624473929347953,0.0020217970999758528,0.004421716568955292,0.015687514264359326,-0.01992458609440395,0.005114645237308313,-0.009259304305602845,-0.025665151254832375,-0.01220349055944392,-0.016307112792921075,-0.0037295945408840625,0.037644806949648224,0.01473252582277107,0.010109120436946117,0.007444432985530325,0.00022177686405489005,0.0017527049930625704,0.0009485633688455231,0.005510563071401187,0.00625091291543689,0.015046025944628783,-0.023670780779370793,-0.030516427120220735,-0.008496354359074254,0.004629214684129135,0.0011793663526518117,0.0037830232551485654,-0.02978954380515253,-0.021022283184596202,-0.004607123280823244,-0.009682899929051136,-0.021490466193850644,-0.010267121744039875,0.0,-0.025081866221493554,-0.023630049758863403,0.0008518887231845351,-0.009410550262710982,0.04754502065839916,-0.036135245060575194,0.008952308625516547,-0.006212723398910325,-0.008074499177961436,-0.019543919860315784,0.0049772878804024145,0.008430015458546825,-0.011974190767659487,-0.008384477164322779,0.005429979774688398,0.01375599936446048,-0.0256191298398335,-0.0034512115376081898,-0.0078113307474726446,0.010390122974992533,0.03475765725043045,-0.009765503438675993,-0.008219924497679276,0.0038931671983410965,-0.013299745036012278,-0.013049486853147996,-0.02051422242417955,-0.04399995803833012
2023-02-10,-0.0019724945880554845,0.0009279472007650558,-0.047992127210635616,-0.006412838631079665,-0.021189322792601994,-0.01027672781654898,-0.0046311170562374215,-0.006285339198360496,-0.05030873801899527,-0.0012784184771093,-0.020790719223332976,-0.041765557650862095,0.01979394717622318,-0.012825649545066264,-0.001593645751645223,0.01134172447011994,0.005950233170523012,-0.011798002762082871,0.0025243309044271633,-0.014818700541804453,0.012137178521181902,-0.01128536498384014,0.00457161990888677,0.01041666666666674,0.004463967685210735,0.0062744703962489545,-0.005982063950248917,-0.020406616877489236,-0.03602039135135393,0.019890218352429656,0.01724017546838663,0.009806631364501106,0.008530229247781351,-0.00033608311202015795,0.01882095298244768,-0.019963337181226115,0.013679389519978713,-0.005297085757827169,-0.01264745597203032,-0.011714617980929543,-0.013260327288607376,-0.01523221502995642,-0.03383908749708209,-0.020182955417289095,-0.03932286330871948,0.014134293155142474,-0.0528101580467476,0.03034946363662372,0.010888148676174936,0.010183607495983793,-0.00027399358821567077,-0.017803554248871367,-0.0004861003704911271,-0.012414129144624919,-0.002939415282182889,0.02831082020240583,-0.015387037483294508,-0.019069628308954978,-0.008234991742661735,0.0993099751774329,0.030958161967745257,-0.06677441156520025,0.0013910943034183276,-0.02697609767925846,-0.003382245995360633,-0.016901408450704203,0.023395113203982465,0.019028071228609056,-0.0009585743329527663,-0.002074987197087652,0.004131878863324223,0.011757954114452573,0.01213264372502687,0.008050419067422432,0.02918289868944912,0.0022430157922121996,0.021655282173311585,-0.02385730585252399,-0.03453243201582967,0.01800443550352626,8.947254806823679e-05,0.05527668055385071,0.0013508025063071472,0.011211638338187724,0.022995582869852038,0.0031778319981532466,-0.0024390669234538587,-0.01120940351908184,0.00631026508658783,-0.016137368897370163,0.01723118935484136,-0.03732203748399621,-0.0047766591787316015,-0.013551618848423042,-0.04574278063369441,0.0019841380425029698,0.0036761013910926454,-0.010438386898041219,0.020664558374506425,-0.012552388490189026
2023-02-13,0.031242877347060993,0.01880677902118011,0.02459445631996604,0.019772567289289666,0.030318684836907472,0.01326589990254945,0.0004229767966208442,0.0014758527171372382,-0.011427700782035255,0.012920302603714129,0.020250292446066354,0.03227205908968078,0.008910370893365771,0.010808943290064654,0.006083571141092037,0.012695774653571634,0.020041788058282384,0.014342125482152968,0.026978418006579075,0.011051478636181944,0.019030227597007343,0.015335036923491918,0.005233593849889306,0.004783520256121054,-0.0005707970286203956,0.014465974354395783,0.0050150324070714625,0.01047526444538982,0.031792225408995956,0.005985201129212081,0.008394801381361505,0.013353257578456068,0.006819560872309172,0.011150903056759587,0.011755673939945144,0.01774165907095071,0.009111890926581712,0.006414508675302466,0.007379422801257363,0.018877146506140585,0.010337289798354021,0.03948081824083083,0.006669980942911602,0.017505981709041496,0.029460344268028793,0.0019005215876584103,0.06934872078526078,-0.016707995699589917,0.011583807642363775,0.02928558946307147,0.00013703434063860875,0.010242954092378298,0.013813211350104382,0.02356900684718899,0.005334578408648927,-0.00483813132999833,0.0074926082459358945,0.013696616852377108,0.005385982638265174,0.003308163471605674,0.009058898003660998,0.027200271337850968,0.013891287288433807,0.020944350955110602,0.02482221340427926,0.019942668925725382,0.00596348169998584,0.017663405098988116,0.01765492531509505,0.022543350095288517,0.011294001941347664,0.010771005704745873,0.0027441139120205627,0.008036485165984653,0.012996201347511116,0.014744638758309003,0.012049968991737936,-0.0012322357832402764,0.02136116855950254,0.01179070383274472,0.0125223064245914,-0.007100258599128884,0.01663669949105362,0.027037529542385474,-0.004252715596457901,0.012954002493126282,0.014530226473909558,0.006921171605470455,0.0193346218060797,0.021420015869048736,0.0033585823052646457,0.0,0.024152427255567543,0.009589252764488299,0.03132418699150197,0.002520241072389462,0.0984840799166844,0.04922642729397064,0.015321515320941392,-0.002118591629062694
2023-02-14,0.0031328544912645473,-0.004224953717818392,0.05429594990792053,0.0016073541414833858,0.0002786772211944566,0.001979642086559208,0.0007398762749459831,-0.0005263479132401327,0.0750616556523096,-0.006377748856698062,0.0339227690123407,0.003876465132240048,-0.011250491938643803,0.007733317057291744,-0.00017960114659709703,-0.003343080764138251,0.006208238850741843,0.011464384301313357,0.0031523697020301444,0.009280310260465496,-0.0007674284773542261,0.016390660620591246,-0.002093884680654745,-0.010793748843817674,-0.0164810854014108,-0.011653612499827437,0.032435143007051304,0.011601272469776713,0.019818169379099526,0.003576466844085857,-0.012775304141190436,-0.004975979569082578,-0.012183340363409623,0.011582135623366518,-0.00920466292223443,-0.0009188617421133083,-0.020688051237720884,0.023029294012858914,0.03919723654631735,0.01306933989593162,0.07210554447871353,-0.002185214233163646,0.01797154889775987,0.03957108073918447,0.03690825940295506,-0.00600691216409055,0.03822371282963766,-0.0275644417385994,-0.010982350091309545,0.013549317705850106,0.0027396842224958196,0.007484809251371738,0.00028784090333444645,0.03530703211021535,-0.006795715322867157,-0.003819907783148224,0.006852553976801179,0.006537802357563738,0.01803568431309288,0.002282755117073876,0.017290059425561832,0.0391296957159708,0.00017129878977595325,0.00652194249284066,0.00883063715504706,0.007669432104345564,-0.006696596832590829,-0.011157965348589372,-0.005468548133236828,0.014033182981970649,-0.013591893912118458,-0.007571521562506844,0.045801530911684596,0.0,0.02414275421505363,-0.003892099696823581,0.00903740154485666,0.02652677508732104,0.039396954977201304,0.020393303728910794,-0.008392199415663826,0.011063883403618968,-0.006191923302485081,-0.014725381890577038,-0.009762041084221296,-0.012564918232935707,-0.004751101437066363,0.029627874868160653,0.03594211464082386,0.00557262413569326,-0.010624301226399346,0.017330301104350188,0.08435376723115717,-0.010171738214062809,0.05296822064054196,0.0063745654693923015,-0.01440215140867862,-0.012734620180029688,-0.009700905535720783,-0.012738841251293542
2023-02-15,-0.010471418462388193,0.013903426404976438,-0.009011393773529441,0.014643999584324163,-0.012926187434011083,0.00893228554169756,0.02386989996774358,0.022643513375265156,0.02384709913101113,0.0160168465860695,-0.008958658178080947,0.004056067361137394,0.0013653651279599277,-0.005186534762461559,-0.004401201259590204,0.01572327018876507,0.0004067906729892101,0.005516178075630762,0.007332437021531302,-0.0017300068351217002,0.009216507501212279,0.008611926900043754,0.012249085329289144,-0.0039828712605900485,0.015264042434231628,0.003532371710782023,-0.003705486440585659,0.007903674630523883,0.01842537722717008,-0.004995836802664466,-0.002399858800416932,0.009446162357439114,0.014515382780987185,0.0747233477119047,0.00045688056082426876,0.005294173822238513,-0.007352909094001436,0.041847861424294086,0.009416418901773138,-0.0009889338865669561,0.015922438230222546,-0.014912924332859623,0.02410109915130465,-0.0037513538839455407,0.03619636465344933,0.00731550694432026,0.13353182256554819,0.008413169918540575,0.003520882778807133,0.00026710855836231673,0.023360748431127565,0.01844143592293257,0.008153462581497406,-0.009955463145951193,-0.012114568632083711,-0.0005809368322284847,0.007333541410176503,0.006206701973907602,0.0054376667675488655,0.013665078662884689,0.026474959681971777,0.10663852669594598,-0.0013698943315820777,0.012134854406465445,0.01672504070854819,-0.004126156224746991,0.004862895619886176,0.006268806251358949,0.006446722445340836,0.021721499238681385,0.011321756081150935,0.008759575547822473,-0.003993952803878598,0.00869712450024629,0.009452247513169976,0.02761139333533924,-0.009240743962538933,0.3281251098483078,0.03790357670250044,0.015227204573788677,0.00971043508143099,-0.028224433611487854,-0.004153781241355903,0.021769421207260775,-0.00955014070662863,0.0033932293851024475,-0.03493834251791994,-0.001956700901468156,0.030186427891124135,0.013198173885440312,-0.001176843587880283,0.04831486682648123,-0.0252335857142173,0.014972076437248294,0.020628474590558055,0.03443662000590808,0.005732280271611101,0.04209102909036955,-0.006258490945206252,0.008602142157561943
2023-02-16,-0.026622654213367847,-0.010429376798369527,-0.03347388480767144,-0.02975486385196624,-0.026642589315506005,-0.011765907593241809,-0.01475139539056769,-0.013594229820467207,-0.05694553722096751,-0.014043171438201774,-0.059873191545541715,-0.02963317352318595,-0.002840747773448671,-0.02867478509679755,-0.027155441050268014,0.0524251986693518,-0.0055574876805059015,-0.021868215991145856,-0.022530315768999665,-0.030576405805265883,0.007610427846091339,-0.034069979290274666,-0.013557412711178274,-0.024367917378429915,-0.018834009600375845,-0.011650419043658045,-0.028945680968799903,-0.0364412005915703,-0.009298391371598824,-0.0224602224437761,-0.021358329083964844,-0.013394487013510648,-0.0016239208517223602,-0.011978748763694202,-0.00015226268623436123,-0.028754401247383155,-0.019517972987010523,-0.029561042518101432,-0.05209765721220627,-0.03033342937571104,-0.03777316126343622,0.024666545136963647,-0.03446012571473922,-0.0265795622631102,-0.044805791958964836,-0.017682332320597682,0.017589984371462197,-0.015145684118991531,-0.0073544733718811095,0.0008940928076270893,-0.0005339862978483989,-0.010657548916897519,-0.010085609647794147,-0.02246476281667642,0.003273334032590558,-0.004418147580215304,-0.016655280981344833,-0.011189195087374704,-0.03118455135446374,-0.02421566178792578,-0.02260789607698388,-0.018920517890191557,-0.011316869870811819,-0.014782961451799692,-0.010454214860895594,-0.014781218066686863,-0.0024197231096982907,-0.008721711425431544,-0.0011303950870610313,-0.015915646498303904,-0.004946625689653095,0.005602262147486492,-0.01949662664082885,-0.00802752744472568,-0.02803475437119385,-0.009125490580212059,-0.024967792110884512,-0.04871799710796476,-0.07044634709204156,-0.004218338368936592,-0.014293234246787412,-0.026641066321566265,-0.011470232006112635,0.0076662821947395265,0.0034213620663674504,-0.006763594637733572,-0.026704465960453172,-0.029754375023591684,-0.06778392883683904,-0.01676863535249007,-0.009425616719677232,-0.06892212160967015,-0.005577794620447385,-0.015354655327239897,-0.06937008963697366,-0.029581719667546524,-0.0104181064972928,-0.0026058606422781905,-0.005476472081942019,-0.01705755282089849
2023-02-17,-0.015601741114309009,-0.007546702305912589,-0.027906550633664207,-0.009679109147912035,0.0025516262768308096,-0.008242500671037156,-0.012145363167878509,-0.012424331348639295,0.031033480898909227,0.0067050284504825974,-0.019730292144448547,-0.007841236540169216,0.004387238884170586,-0.022757140637678308,-0.006120590375048307,-0.004314595282628342,0.017855997084887942,-0.01874617680359325,-0.020921990660485057,-0.00974625480340241,-0.0151057973408526,0.00043333956168045695,-0.004316188658182396,0.02694047274232525,-0.005204863345016797,0.0103330535327395,-0.01731891638202543,-0.011309881838354685,-0.012502074751776449,0.005547168435102723,0.016853819424038186,-0.004091523504373695,0.005363114311661699,-0.005778234053589459,0.01781361393893155,-0.012498977451732785,0.016428861453524624,-0.015928411958554545,-0.014622833318500561,-0.006628323927141744,-0.0009248416416456351,-0.03481767449845541,-0.01676433432681812,-0.01860167892690756,-0.007557355158314238,0.0032143514033817766,-0.05608945752497885,-0.026977708904754927,0.006208131327924082,0.01277263313877608,0.010952312872215764,-0.014485117793018754,0.001345630415383381,-0.0339242565911233,0.011135521293436756,-0.012612334886149323,-0.010386135543233976,-0.00768894207094728,-0.009679057795040746,-0.021320142882954696,-0.012216973569907918,-0.07594555333698472,0.0032084872317132973,-0.01618623294495891,-0.004567632855967729,0.008268700374140181,0.018853437391436634,0.00553044815118553,0.007921504438308746,-0.01962875703240652,0.0007848973924320379,-0.006406778472357266,0.031871307151596806,-0.011864025920847787,-0.03313789992444549,-0.007930452087002382,0.015011101078310274,-0.043919462044820445,-0.030071581426277638,0.013179513684922872,0.002506254710324729,-0.04994358144330535,-0.013260959091683566,-0.001493616449095736,-0.051766839920466046,0.005164020291712923,0.025227437610248815,-0.026982012565965996,-0.03492503135014513,-0.009076198790018863,0.011150757897404162,-0.004363097902820301,-0.03408593641300606,0.008103419360965924,-0.019325435571970084,-8.882427243261937e-05,4.718396039260497e-05,0.007838006679955711,0.012114499735849105,-0.0021692469831258165
2023-02-21,-0.020886613348218064,-0.026679824600448265,-0.03427156192123193,-0.02695468312187932,-0.004627504796174131,-0.023590134479425262,-0.02713298993105895,-0.026852662908026237,-0.05251789433835996,-0.011310831220321282,-0.022038259323994835,-0.0300609027242964,-0.0005673139562522023,-0.028443305934931273,0.009455115230153188,-0.021272440837442175,-0.015132304474487768,-0.031475134936103544,-0.05613912025152412,-0.020080110339631307,-0.0327198060901176,-0.03603606699697415,-0.02600965449967152,-0.009520614051281129,-0.022309663678181102,-0.02313575466424489,-0.02389425330482664,-0.035044173402840495,-0.014833416349402495,-0.0040182274094737735,-0.0029649420787983827,-0.02166199559176285,-0.017577631508979508,-0.03497485993642002,-0.003739715866961202,-0.024695856770041158,-0.0014157945204998912,-0.01411861653404467,-0.005924689042721809,-0.03397598458078899,-0.009205968537576492,-0.09537568194554624,-0.0013989290918371422,-0.010665497050265316,-0.015929975447039113,-0.019865394106763135,-0.021428626089884495,0.007768472719142272,-0.018892174134494066,-0.014753559224676471,-0.024177589800863597,-0.037408483501019996,-0.017277817685592667,-0.03488901080248996,-0.010451742651641394,-0.049438204072174474,-0.020882695474077395,0.009356716014199185,-0.02013816147750136,-0.006535378058896146,-0.015336416796444374,-0.06066979318367127,-0.024029723577064233,-0.031103596040630843,-0.01950930292727182,-0.03421255849439042,-0.016881345375683865,-0.0032500267028808816,-0.037050890589782615,-0.03684078947376512,-0.02814817740247144,-0.0033641418010847968,-0.009566720865920142,-0.0447651576605278,-0.03907568743773071,-0.01985560809699527,0.008989344732697857,-0.058872293233441786,-0.018377312913630428,-0.019047612296315797,0.00017854145595008752,-0.0034896494466366557,-0.012522902455492813,-0.03940538009813899,-0.015037626333008425,-0.013775206764209846,-0.02316981138694374,-0.031517246662815634,-0.02023020711615764,-0.018281917670619374,-0.011910089141973002,-0.03407638502183041,-0.0603037943853294,-0.01094295589473826,-0.011823789305717591,-0.0043552171705654175,-0.04243971777111177,-0.04407001242557884,-0.01632204846346874,-0.0326087170602698
2023-02-22,-0.004590982983795899,0.0028960664530148783,0.004792980971909833,0.012793392483054111,-0.005578839514481793,-0.009234094507832746,-0.0015252139476202853,-0.0027159151734023057,0.017682553475729224,-0.008669780505049074,-0.0020840958670185206,-0.007762948495370403,-0.00034054694680429876,0.005826330956301362,0.016853590281764808,-0.007647358903602686,0.001631691475555641,0.0020210186432307875,-0.022640067716001244,0.025538774713030232,0.004492552015322504,-0.007818072670120801,-0.005621875649800989,-0.00873069922387304,-0.00012843042667054494,-0.00645450827977001,-0.010763870630366768,-0.0021953590745943385,0.0005029790714605742,0.006427702046695627,0.0020896928652673896,-9.545844958003258e-05,-0.007788855514719972,-0.011883673169655107,-0.005555482367334719,-0.0015594342221320057,-0.01346880195970157,0.12499251415088342,0.007691191735872849,-0.008844369565731425,0.006955679414138549,-0.012897928525999358,0.01721962874447125,-0.0005272811211187722,0.04625097335344219,-0.019614265396431074,-0.012191331803899752,0.0031898657626043825,0.004268930953198913,-0.02048526968849096,-0.010289766178582349,-0.020506042365954213,-0.0004883319369459738,0.008685510794250506,-0.003804223397531503,-0.03197710099535256,0.013467441583673079,0.0044901152155696344,0.005335160659720506,-0.02069994356750915,0.008373806860935362,-0.002928039607673627,-0.0022141527933002836,-0.011155199832357576,0.0076724834436956435,-0.0020134298711066423,-0.00033020120859350577,-0.007273566807100229,0.002720547845689314,-0.003931666206619222,-0.007532248593757895,0.006469748162372779,-0.0073133540826472165,0.012542642926735015,-0.011993242631431533,-0.051170738771707525,-0.010633681602403189,-0.00599119211608623,0.018339308494270234,-0.009235126542172511,-0.0024995428288491217,0.02294900840614722,-0.003402431305954967,-0.007347905142753963,-0.0026551585109310105,-0.001087654924442405,0.002279980634305012,-0.009081751157785645,0.026279211365881183,0.0036492277552100383,-0.007589204315421871,0.03379229856046506,0.001742998087271852,-0.015230130825203303,0.014149355296058985,-0.006963031625346505,-0.005570842262001885,0.04542373398603017,-0.0022123345324943644,-0.011235891245119367
2023-02-23,0.012961750375038772,0.0032905125399556034,0.14021396860794821,0.000313172345862478,0.005376333539019118,0.01324262823320721,-0.00829243997356477,-0.00795210602032348,0.006024129792842503,-0.008544602575111915,0.040986808048976364,-0.033534432700029204,0.001078823794423922,-0.004875006311884311,0.005635899391026156,-0.002028032570133398,-0.01764749929547338,0.018152481285978128,0.005496713811203868,0.01353413045404639,-0.008418829491053548,0.022642875800011897,0.011896373593381027,0.006182213043860907,0.005780307544793306,-0.0024042212261309315,0.03106353934684858,0.017056438720568945,-9.064565055805218e-05,-0.006080914921931191,0.015479568749524164,-0.012026291373555376,-0.000672829594098312,0.010285151535407433,-0.0024158788162378375,0.02811381897336207,-0.011496995023624668,0.005272998632032344,0.029347190613932206,0.022236113478198094,0.013557345994900327,0.03224649365201793,0.016096435393207598,0.007913747186216291,-0.001615190142378431,0.02200733085859241,-0.013285138381960215,-0.0038420893300172843,-0.000937001291785533,-0.0016023983162756217,0.0046512171598132035,0.018571686681393418,0.003518035804845665,0.05306024469457915,0.02239089730726529,0.01825190376921504,0.01540387086778705,0.003604902746945138,0.020581480280004172,0.001970454256125853,0.006145204321676312,-0.022801860575943467,-0.010385281025277915,0.017798924425576734,0.004043974547343954,0.009561091547913403,-0.0012111936877470253,0.00429505207379588,-0.003875909964270452,0.004325090851448055,0.005782430320597998,0.009223081115520726,0.0550458569652954,0.0015157901452904632,-0.06701644412617647,-0.019270753397714446,-0.02106023210424912,-0.002836373831677119,-0.0157579058361339,0.0,-0.00912830376379603,0.03139349572550487,-0.002327770332027801,0.0030883357373336917,0.013976708384603187,-0.003438430392639691,-0.0022013414522449315,-0.002163927879688665,0.006726056715447015,0.10484294680517747,-0.005398119615722896,0.010139197190978999,0.01913949796123071,-0.019626893565000803,-0.0006085941582104626,-0.007820883979635984,0.002429181587753737,0.020103726615342987,0.003603027905227929,-0.0022727792420651483
2023-02-24,-0.02178436612899859,-0.018005269695533066,-0.015973625714361117,-0.024212061179431754,-0.009590757735848943,-0.010363117368056951,-0.019364090087461427,-0.01888658423703582,-0.025684180003413215,-0.009186091500006266,-0.020815092941810387,-0.020083423829999947,-0.001985087910912453,-0.07630678723728146,0.0475157079684263,-0.014834374229172997,-0.0022109588535612623,-0.014738515493898152,-0.018352253397180718,0.01925316252736642,-0.018307207531178205,-0.014170631933586253,-0.01559776405732094,-0.016665228248679886,-0.016389914622233603,-0.015280540052520886,-0.009702122465093055,-0.013947874785003811,0.010710940633991584,-0.0177735655632969,-0.003514707901621006,-0.018452358445472772,-0.005386466266350087,-0.014597315077689577,-0.007870389669566547,-0.02193781476630563,-0.022776801945301517,-0.011179403141577171,-0.008755642198858715,-0.030889092672060636,-0.014647491076921981,-0.02775518955647449,0.018147250576424634,-0.009363734951092662,-0.0013624289746519969,0.003262655227221245,-0.021829174131999807,-0.02181140226623146,-0.004872369075325622,-0.011103673639387135,-0.015522866990070994,-0.02281896655872795,-0.014217538706416066,-0.03093926024041782,-0.0060319368317863775,0.0006310959554771678,-0.021793716600259416,-0.005316021915217073,-0.12945380904656578,-0.015911382542142527,-0.02839222794181917,-0.02616226887432238,-0.0002690714850809295,-0.01871917118464017,-0.030522284650848386,-0.016624160839516233,-0.0030867465783582793,-0.0035219972238600405,-0.003112837405881308,-0.021281472866916396,-0.0030542251062046777,-0.00886180253158142,-0.011725946926957387,-0.021971174454901377,-0.0563123426505312,-0.00014128508817856655,-0.015281880652501134,-0.02275553385416662,-0.025794140508441532,-0.012428309174647767,-0.008580243561802647,0.005508465718049971,-0.007155064207839512,-0.010214037668672904,-0.002953730049755743,-0.012765964914435823,-0.0070969777779972265,-0.026916706554155123,-0.04735393307058733,-0.011569138802746015,-0.00783965412492238,-0.01962543158941943,0.004035420378689425,0.018675717163622485,-0.03541653040195325,-0.009694660398632204,-0.027744810558961497,-0.01144306145833962,-0.011322835067066439,0.0
2023-02-27,0.003771777693612144,0.008247504598905886,0.00923298931052563,0.0027807715104863906,-0.004988591505137752,0.013327584953753746,0.008302541411058906,0.008393956494775257,0.0546017865369246,-0.0032336354549299395,0.00870790545607747,0.018540138722915156,-0.0002841728225160267,0.005553125138347381,-0.009146846465755365,0.005156765725259582,-0.0019389153950305493,-0.0073990525658794715,-0.009546530506957196,-0.017126801370190625,0.009459418219488924,0.006827797618362164,0.009459655370044562,0.0033809521259582365,0.00298637711444516,0.002134991025012578,-0.004812629388590173,0.008566486761666603,0.027971725845908235,0.00010439078472557206,0.0010568010188893862,0.008267755707684454,9.02801349202953e-05,0.001257219440634616,0.001372941780331649,-0.0020008154624535646,0.0028514222303104297,0.010073351416370002,0.0029810825215430548,0.02215468174723334,-0.0028905378419769034,0.027233620951417903,0.022569311632460343,-0.004227095713985052,0.028734675832695622,0.0006504213906886047,0.006108486784953904,0.0029910752165949184,0.0034480380760155693,0.01699888740825406,-0.0026279727992574164,0.004975714575232271,0.010767522490810588,0.010490374348391507,0.001283698510490927,-0.011353525098995898,0.009829016245156419,0.010544499380931383,0.021555050759864303,0.004450953851066863,0.012911965913223966,-0.016336930901907576,-0.00484479562141471,0.01179721934997513,0.007140479214122308,0.008393726900488563,-0.003980986499354855,0.001262288217372065,0.00644024210670735,2.1315436189217607e-05,9.005682585705443e-05,-0.011735176666630376,0.013731485801403265,0.0006402983803479589,-0.007108934894625496,0.002262067370581544,0.006478835127032179,0.0020011025633766,0.012129911665401227,0.0026621638713453244,0.01202514106943453,0.013906417050404851,-0.0051700113048427365,-4.934827875469061e-05,0.021724877320374647,0.001805759730944656,-0.0030367263165805847,0.019008974840600823,0.01273449416528516,0.014896671903768421,-0.006229996169651919,0.0073348977633189705,0.003091620663074446,-0.0012499491373697547,0.004711030837576402,0.0071363106817803335,0.001576873515277688,0.02508034629355249,-0.011452509948315148,0.015945369883898275
2023-02-28,-0.0029581287269390133,-0.003447772533457294,-0.012127104852315829,0.005012811540044737,0.031850945907257566,0.01509943741735964,0.0021141071125532207,0.0022198066706311526,-0.009247209573726933,-0.005851808124055946,-0.0024120200597779196,-0.002786100052271867,-0.01352967331740862,0.00505710115963387,0.011292336294699501,-0.006361612481082135,-0.013529536813772669,0.0008912705556922695,0.001204846871691645,-0.01318404950264529,-0.004819285476022173,0.03640583423007815,0.004158319270445077,-0.011900163456810553,-0.01014070099167641,-0.005040276622940154,-0.0013817241614221265,0.006836440862968862,0.0011582027482330837,0.010055722720294868,0.0034706250532090532,-0.003416693627236289,-0.008032485244902854,0.0016378394647420524,-0.007007908116239192,0.0007650123921059127,-0.004450495896500595,-0.0007426629554294628,0.0011009038699609786,-0.022702879751147154,-0.0012423141291747486,0.02011631810387904,0.03128514194637644,-0.0021814463525502426,0.00033154508927846216,-0.0090997946857313,-0.002023799906666013,-0.002304435091245005,0.004444144610522116,-0.018747985690547697,0.0012480423953526998,0.0041633296472665116,-0.005473001957231993,0.01895734882766731,0.0028206298519812822,-0.044404787992499695,0.002920070114687201,0.007146941202733181,0.01021969615861451,0.0038885901433853842,-0.0030191262730721036,0.008673209681010707,-0.0034258678298856315,0.005085537320106637,-0.0035448779542698317,-0.009141635996675723,-0.02331518242740449,-0.018154342498065024,-0.00019387864247377706,0.010807803916768055,-0.005315761323058998,-0.02318348090434963,-0.0005260509606224151,-0.019837362174540907,0.0039053537965383356,-0.003244403011980368,-0.02425153701455407,0.015976710678353934,-0.013917549642927574,-0.025102604582829757,-0.0013502016511743875,-0.026184530086693747,-0.013700770580862498,-0.0004938085196812825,-0.014175274519322323,-0.005116604771824851,0.0024516088952615256,-0.004116810510798374,-0.0017615921196351136,0.026819510525612822,-0.012691159200145519,-0.0052336351681765425,0.0069347657955745046,0.010151518430859374,0.012810021838944197,-0.004814669063235355,0.011681072234908108,-0.020075263691852863,0.003955902573125947,-0.01569510561942966
2023-03-01,-0.012629275597824008,-0.014246021649447993,-0.022312232309013136,-0.02186145722806776,-0.008688717567441717,-0.0012114804720665395,0.0033311465677381413,0.0023255711780241217,-0.014291975817664837,-0.011380022577133775,-0.0036905180551005667,-0.02685249360621078,-0.01267790562852622,-0.0017595533345881043,0.0048224379232664205,-0.0016521689257049665,-0.006259666869430358,0.001214292296293884,0.016044910294173986,-0.014514474601936667,-0.014527767754404453,0.009556612964006339,0.004199482260244469,0.01955451397602559,-0.008980328541239424,0.007311516537035656,-0.008301617861808719,0.010102680116562235,0.011220312345235683,0.0032381494840900693,0.013176954520452089,-0.006464845297186939,-0.0011828303018910358,-0.001962176966023521,-0.015188675347258651,-0.002741337264843824,-0.011672699064387837,-0.00759140368874367,-0.0075324958170046585,-0.0045002968119003395,-0.007826317749133338,0.037729367741237585,-0.009245925653176279,0.0011817356520369415,-0.003977159227970262,0.012135153886878136,-0.019873434235088805,0.0029891470823939503,-0.02127850604668713,-0.007083490008130688,0.011772938219442919,0.0021851154134036044,-0.02525549961549378,0.0046511423560482434,-0.020920501498425836,-0.007210587794476364,-0.0072788380580703915,-0.009366960563306215,-0.011626138860584945,-0.002252049321584626,-0.016823688141046733,-0.013538267115488,0.0011760200139432353,-0.003085277104359019,0.0009378331691318742,-0.0019160065889037847,-0.018301700443453695,-0.01386741448058737,-0.00019399022428367996,-0.008748170518744658,0.0027173498026895615,-0.010419699516676206,-0.009210486161081444,-0.013791727669725806,-0.02269284599010757,-0.008916004106441,0.00046024515428699786,-0.009828435419205639,-0.016988963400341173,-0.015845491441439874,-0.0047773460215740915,0.028738036943461998,-0.004151399198408012,-0.008101963266888501,0.016013064216002126,0.03278593063141022,0.008708242166596714,0.010592942204259215,-0.013022572663563547,-0.014525125513987214,-0.02013317706682216,-0.02066329836978187,-0.0035199837837408543,0.019548433106783225,0.0021477517137553637,-0.007759069647072736,-0.003313271446890975,-0.03841225558203232,-0.00928787018562216,-0.02733482669901488
2023-03-02,0.01965321092265815,0.0041291453691869595,0.027138971618907215,-0.00043399062951077205,0.006400649418011106,0.008558412701383356,0.018149616850053008,0.019887254224721262,-0.05853928157947319,0.014665612669993777,0.02746201942440507,-0.00510401316652187,0.011615043902972522,0.031294436775257006,0.004856484120310034,0.00393046392447749,-0.0009908655694031987,0.0008085258236929516,0.0343466577913083,-0.0022428637105320615,0.008736000149963452,0.010148343768825896,0.011093707860966306,-0.0061391122962619615,0.0069062246636344415,0.00813973468314444,-0.01587024494228295,-0.0019147771850711592,0.009994831793185943,-0.0016138488581974864,-0.0019988292695911625,0.015577263396439722,0.013618170552065711,0.008082549956888618,0.01822710896472257,-7.929053123445495e-05,0.0003770123140101056,0.015566511309003994,0.006537078114672523,0.014993040930326718,0.006320883665897226,0.05184535559355541,0.008107790940546922,0.008616568897790167,0.028533402639538297,0.013609853142811046,0.012827902001776748,0.0037929935038527596,0.014307647670398271,0.020225236633239607,0.023819271609567094,0.00983960314010135,0.02984170795056884,0.019179870374301133,0.012939177425223658,0.024613340532772865,0.02199654116425598,0.01790830867260995,0.024187798563476415,0.09461895562848643,0.02053389444110998,0.02522256410488599,0.0030722325192968913,0.0033424644285848792,0.00697923593740013,0.04772453371489105,0.018874446988164983,0.006770789354213491,0.026188211615875367,0.014986140882175869,0.012646807267153504,0.011406938286362855,-0.0034528834753400073,0.001517040271434178,0.016216990187629232,0.016992752565319957,-0.0016868672273567809,0.017686329993413574,-0.01488969327846501,0.015849083474597014,0.017027417725402616,-0.0031806905725960677,0.0025653334961068808,0.0036856534399001273,0.019942069116817285,0.027557690604050222,-0.012710743777563094,-0.018918615536559602,0.024169172636651748,0.027740599780542663,0.01691158325249642,0.04430085902561398,0.00660421288811075,-0.010329454697094675,-0.02214599166285991,0.06053359720136675,0.04019346860170114,0.014647090988654243,0.005113644922567717,0.007025810290949952
2023-03-03,0.016646062146554508,0.035090089703815774,0.024706161627843226,0.030066258059702422,0.06142211250605212,0.05697817415934825,0.017934799194335938,0.018524527458547935,0.03609219282314147,-0.021474587953948077,0.013426083650940335,0.01058095338368581,-0.0009809221125657297,0.03160422352300407,0.030220340818230218,0.015454358517724698,0.00531349651031543,-0.0014541954027380566,0.007633543884232319,0.020356155545819377,0.007577774655358471,0.004305632329001385,0.009191123781578048,0.00029816845783336987,0.026081264219705247,0.01218827674555012,0.006202347549677301,0.0034082674246129763,0.01651382089920883,-0.0008598156266451662,0.013525768043552322,0.014950013431615172,0.00988540515872538,0.008992923208421155,0.005354933764576186,0.008511541438194214,0.01821146568981291,0.009165078632793255,0.011337979695707823,0.021164141715154683,0.020037378647121074,-0.0007309909488580901,0.006745864303720817,0.012697562932908912,0.019411206225546485,-0.0041560442858536994,0.027373804369178245,0.029554689426492864,0.015093749638494192,-0.003401140817159365,0.01871910026395307,0.012899306693626711,-0.0013705275335994527,-0.04737180723327006,0.008109671872906787,0.03675509373248942,0.01796250685923817,0.005207531334206594,0.031472190510524856,0.01385681569430175,0.020120737344402784,0.0372648592398761,0.012791623652098627,0.019123940333148015,0.01662118651445188,0.000817455122763322,0.012501403577985792,0.009829308577730567,0.014744778011306803,0.024930155620225936,0.005620025792934635,-0.0008676284674802304,0.017723904781822508,0.018976051992425802,0.038734921763011076,0.016708823659221217,0.0015360749072959035,0.015960303876933812,0.03886646345638356,0.02476473436226878,0.007658746133580641,0.018035452127350027,0.00015995740325802643,0.0005458545455510055,0.017975392976385507,0.02935184723026807,0.005655773074128012,0.028534233764250905,0.06874961246754485,0.009333317454268242,0.011812281310045636,-0.11101175335117719,0.01785166543487371,0.017463657974947644,0.0669198799154449,0.01231781908381091,0.07113113566483276,0.015091896283786488,0.020067808452174152,-0.011627950817908794
2023-03-06,0.00618904725060565,0.01853938339660255,-0.01406446503220693,-0.012118034851298809,-0.0018893716788968007,0.00025281803853327567,0.015803477879603456,0.01659227019450582,-0.020122331071529054,0.016454102272347892,-0.00441600828976052,-0.009994269844801673,0.002021404076542277,0.008661726528125246,-0.01194883004442815,0.002840896775899493,0.012825985923201833,-0.009627789860053082,-0.015530297474865451,0.010256542039772887,-0.004028947435561259,-0.0035305831554948153,-0.014970342290923866,0.0012776417310891297,-8.510671472483633e-05,0.0011177012180052515,0.0008806455236494148,-0.013078394702746743,-0.0026598881708440603,0.0038208161999582213,0.0013858810557696444,0.004208462928441126,0.003426047930860765,-0.00391944014786072,-0.0004565329434613741,-0.004875069738981219,0.0004934120596757907,-0.019207645211763436,0.003455752418154656,-0.025746076208814528,0.004580121610607613,-0.01996032619268584,0.02406379490865862,0.011844847207572062,0.012297646866902934,-0.01958262312915271,0.0047721184928133376,0.006422832060417605,0.006201177314758333,0.0016824852275452162,0.0011812092795224771,-0.016506362929817442,0.019311843735404066,-0.04019074525358646,-0.002720194717636959,-0.0022790617564588667,-0.014252130952988828,-0.011901407111638451,0.004193555813325478,-0.0786690393181958,0.007725200846882885,-0.024241356573936224,-0.0002668218377251952,-0.00762708553336533,-0.03860108255870687,-0.005942616363631026,0.0031429612773743454,-0.0012807181323774008,-0.005961246143908139,-0.0037704842989562115,0.0035482470023342483,0.007814774637507238,0.004059153429945672,-0.0023515476753628306,0.005796102295691163,-0.007457545756345718,-0.009815942018471135,-0.008029308380548161,-0.005196174440577961,0.0026583037098160123,0.00035352112229714017,-0.02187238740274422,0.001119278762383935,0.006745030885368486,-0.0003097373578470064,0.004172901706279042,-7.395942755172857e-05,-0.01938179290572639,-0.007773361641984278,-0.005380619700450451,-0.000767978856146323,0.004780272601777824,-0.007794883079041193,-0.034126694912393174,0.0037889246795625997,-0.008483272404956499,-0.025224906928701274,-0.021978031462128178,-0.017733427180452566,0.01176475076114425
2023-03-07,-0.010589018851587695,-0.014496494188358522,-0.011293149694918125,-0.0021333007812499583,-0.002109245010937011,-0.01227636779671204,-0.013350117520588678,-0.014752078207758035,-0.03147407730028162,0.004285019834720627,0.01170523540384849,-0.01140915159606748,-0.004956775852170359,-0.0063973295227545135,-0.010920187900668399,-0.010319675039034637,-0.005914320180183674,-0.02630504962316116,-0.017699079973976684,-0.008286649174880756,-0.02400224272913387,-0.018306041439055454,-0.005720921558539094,-0.027178764718896797,-0.017628270308937655,-0.007206649499237772,-0.022347359085772234,-0.011458714695614436,-0.01321253303133263,-0.0172827948333808,-0.008367755780538721,-0.015715797308805346,-0.018801017261606323,-0.003126357361456722,-0.013246083168995892,-0.011246659942141468,-0.010233039388594989,-0.0037784402108994586,-0.02031073692956431,-0.01909912863923746,-0.010384943547889658,-0.001172964510379626,0.006885536709615003,-0.008851004089690195,-0.020847998346755214,-0.02783236267152711,0.00482862820794816,-0.0243552376519669,-0.019208728525757057,-0.01277045614588701,-0.0064236742476524444,-0.014115863679333818,-0.007309118212100785,-0.027442626800328163,-0.015759802599778383,-0.011421338718575424,-0.011545428715226458,-0.0021255707315797068,-0.013680248060607414,0.004944790804359833,-0.015331959229342829,0.03949953627054348,-0.02259787260716839,0.0017079344585038125,-0.009159581382193749,-0.008924845743353504,-0.008280244717709384,-0.008976718998492839,-0.014055472103096323,-0.025032938407234306,-0.009192972162791468,0.00028725262257700557,-0.005607724353996368,-0.030505756264822215,-0.020690104511529084,-0.017114280088045386,-0.004182104294867095,0.014252991949599503,-0.022982529304625188,-0.01181011469375537,-0.009276464609154433,-0.005642616101524611,-0.019006587283270204,-0.018030462402409464,-0.0161140517628523,-0.018913175862952825,-0.01987047221901017,0.016664426109105568,0.001873413809191593,-0.023939145954686047,-0.02213685432513346,-0.016108841870494994,-0.017072138406594273,-0.014160719982679981,0.017099433886364146,0.010111469866067146,-0.03325139362141161,-0.020489122093318213,-0.03695349351474575,-0.05581400867666164
2023-03-08,-0.0017705959435335705,0.00837723590066819,0.038345896979326,0.003955051898638651,0.002493126267206769,0.011373246539063242,0.004155118123932988,0.005097200448835659,-0.03041929843714275,0.0018345143968556687,0.03970286337836759,0.01076282073161261,0.002722435254661537,0.0030162661883454955,0.0021459852504985832,0.004089158936074533,0.002169787703425685,0.01686378442540981,0.01762627667402339,0.01803123635744086,-0.00801318352678948,0.01959266757312017,0.02417763408774154,-0.0012679632011808328,0.0016470443975786786,-0.0002555351917824522,0.02393804865881055,0.028645269835869014,0.0015394993966775239,-0.004885176781635914,-0.03702263265849859,-0.008128472688774702,0.0031182323084448793,0.008813695583944403,0.0043203022657689605,0.03199256782336746,-0.0009965350307817866,0.0063034612917038935,0.02142379943680006,0.01689356488969862,0.020220101483636954,-0.006832490681745518,-0.009755704008331145,-0.0007490054578938032,0.03193786803828447,0.019535194114959076,-0.0152828297155716,0.012414799496955009,0.007223998399830567,0.0022203240183864548,0.0022430157922121996,0.02880496497273466,-0.0009687897010123292,0.0496229843162217,0.005495303814646801,0.0021822614328042,-0.01687737841183834,0.011360452606637539,-0.0047206601171498885,-0.009401631823015788,0.02352164997128403,0.0006877736525496836,-0.007464042329041742,0.02935082224820995,0.013452163915827597,0.0018296588644144407,0.0075595827496655055,-0.008281565731855234,0.006462652511754374,0.017363259047429747,0.005352896093482995,-0.0014356316143867565,0.004983570536629012,-0.011122008993837529,0.007302366231916491,-0.003963742663025904,-0.0026442396410707447,0.010062488500977462,-0.03795771651262225,0.0060975609756097615,0.0012484340147174144,-0.0017514361102639597,0.0017909575648145104,0.0032608934456102023,-0.010078730545644676,0.003909862854015955,-0.00702210750095511,0.05590853489832548,0.008046227353368574,0.0043808945435408475,0.012419445180743782,-0.02485578871262506,0.03765761865315498,-0.002182773899929158,0.02257993824983151,-0.004876794218161673,-0.002062783846882188,0.03508775090901506,0.009958997031821237,-0.049261096182871555
2023-03-09,-0.005439454633911489,-0.014914625839747453,-0.0308093007876441,-0.017781071140368643,-0.017732598570852742,-0.015405039198961079,-0.020477456818841167,-0.02102480540610907,-0.04989011995084991,-0.013414573731839963,-0.015696426428178922,-0.04493412034275135,-0.007567428536623844,-0.02159958738087897,-0.025302847628025704,-0.006108719880514757,-0.014596985925423578,-0.03283824940390634,0.017705966124959005,-0.02901583139139341,-0.011977723869059154,-0.013569326503551693,-0.01577572784042336,-0.011557148685792273,-0.01090479490071583,-0.01375467781696571,-0.022675354708512563,-0.006323459983345825,-0.029997723886226124,0.005961190303290342,-0.0019458027150816015,-0.02146338486089938,-0.013470313451010574,-0.01613340648260919,-0.005069814414293661,-0.023076333488805667,-0.015586035505795626,-0.021021374940141002,-0.019240083999011892,-0.02366812011923236,-0.014550973963208147,-0.0793292201467849,-0.04054057609876882,-0.0329220862170837,-0.05615884243406333,-0.01684837202409195,-0.04128002929687502,0.0011867612293143814,-0.011225006958869188,-0.00993305724360749,-0.02172197927548669,-0.014684087208609697,-0.010861159006506638,-0.051911972172778986,-0.004004740181463462,0.007301136122100038,-0.01100879727498938,-0.02218480488589758,-0.019656687309419052,-0.005854142675364882,-0.02977828330352905,-0.050171854731348664,-0.031914924135313716,-0.014907649750117491,-0.013306330758789953,-0.021316063145365716,-0.00604704252041699,-0.013830865958186833,-0.01605292307027295,-0.020613003227248794,-0.014553193310126722,-0.006325400049663421,-0.003262429974690506,-0.030689195188662755,-0.03322072888424943,-0.021176774457706826,-0.0003119817779796419,-0.04225357003763064,-0.028757982749174515,-0.015999996300899655,-0.016209473767466842,-0.017896013428676194,-0.010076368343653774,-0.01885183065414331,-0.04358895405444174,-0.009195634733286884,-0.01532202474195754,-0.020336881384396377,-0.04446311790163937,-0.007963531782126498,-0.002329216185167793,-0.03914745645470685,-0.01644201711194826,-0.014607347584129293,-0.08364665447876152,-0.028802326063444905,-0.02615008639776828,-0.037157737233011634,-0.03451272165045405,-0.015544027049267939
2023-03-10,-0.014782858584556302,-0.0138787196275717,-0.020097314821645118,-0.0164769283801236,-0.011998502423232416,-0.012353020304787465,-0.01830591905321466,-0.017807052241177734,0.0030071956856769777,-0.0174757560836436,-0.016184703440536463,-0.01685804632362997,0.0013387411143979122,-0.02680499883294185,-0.012661900765471357,-0.005121901105636928,-0.011198539032284072,-0.01731785325163726,0.029500709664969538,-0.029586241578870243,-0.00451084978589511,-0.022641844712488757,-0.010378246231666832,0.009212108122164553,-0.0167126359619012,0.0023330409417792186,-0.012050327110299519,-0.023374380932551397,-0.009938533885489265,0.0012548290066767276,0.0043697478991595595,-0.0091725400832251,-0.02475111094480531,-0.009806074720518754,0.002161818792932202,-0.028958679471895232,0.006966473375779714,0.006994949342425061,-0.01848475407050698,-0.005837166912594394,-0.003716882638620689,0.0009340552204253338,-0.028083108449066474,-0.019078262861463746,-0.016107816235675032,-0.009072595957228424,-0.012850411658815286,-0.032925062425287366,-0.01374721111689614,-0.002906464296352218,-0.026779678766647885,-0.026580652453018105,-0.017941194422104734,-0.054509888793788264,-0.005842008732300674,-0.013860584261831788,-0.017633751731507163,-0.017805828182615557,-0.03227094141071152,-0.03845472089200197,-0.019849915367172066,-0.03708392334169697,-0.01316786113865609,-0.020297890920553452,-0.018356455438772623,-0.0192436833543016,-0.013857630997414327,0.003969243385755217,-0.0111323998722479,-0.036884927315914084,-0.02899595796681209,-0.006944492735242669,-0.01846027865170874,-0.03941581629203206,0.00677047664275543,-0.02599100978860036,0.0014041180877952808,-0.04322094547986066,-0.06823063971667676,-0.010101006303789517,-0.011497344320048342,-0.028798047084387157,-0.008701342646931454,-0.02925439731284807,-0.03293412470748114,-0.016542003655545034,-0.009382573718707099,-0.03721909190997441,-0.08359318933276128,-0.013956440025213457,-0.01603110940539887,-0.045269353899059395,-0.033132598299403404,0.004654783008632313,-0.07391327457082153,-0.021069380955272332,-0.04235155726418249,-0.028436023241500852,-0.0009012494193157972,-0.03421049411937427
2023-03-13,0.021440934508925258,0.013266001486216261,4.358704938400848e-05,0.01873687738723384,0.0077432980457001754,0.0026673284772977812,0.005296296717205218,0.007142088898162369,0.005996271168666301,0.0018253286174476635,-0.007983501237850188,0.002561825300526621,0.009765784726451399,-0.015274822246453379,-0.019646371742049307,-0.0030889934439213285,0.0015769567010652796,-0.006597813352917092,-0.009919124071490093,-0.0026743787273483255,0.005664031165783845,0.012675906600043252,0.01310883248660577,0.023302750131112937,0.013481640842255338,-0.0011896535734792213,-0.018751115484698544,-0.0038010260565122245,-0.016770919382875338,0.021654370673205747,0.007135230374623491,-0.003018670060920825,-4.6799526831731164e-05,0.0043464379885429505,0.009861315479218202,-0.007319535168910818,0.00012581303434555657,0.0010230314778347793,0.0057990527119990976,0.005938036948394565,0.0030664185063136173,0.06345497024376057,-0.0048886021170948535,-0.02412934571298786,0.014116291548400106,-0.014581224432457018,-0.01978025280575335,-0.01116709371396285,0.005977113312062965,-0.002061179720742823,-0.012444711416990217,-0.0006855776857146445,0.0014974695879090838,-0.017838640673864092,0.0027360037370656176,-0.005802766730213849,0.01671619260739199,-0.007017592781075943,0.019843267497922756,0.02681643415666657,0.008679410326728476,0.01070824158794026,-0.007487748804908878,-0.0035552398751049763,-0.011341442511254796,-0.02125633677282479,0.02113559350989802,0.004744341372987515,0.003493794712275733,0.01332284278971696,0.004636928419823105,-0.0020396181656952006,0.01694006432423123,0.017511972145635157,0.06949165577344218,-0.0035778993233860357,0.015422929211962755,0.016869757293722865,0.01688668229087975,0.030114461803943504,0.008059320759610689,-0.03215370655747307,-0.03974828558170185,-0.01076286574588936,-0.031991754899858615,0.004552055773271446,0.0077564322314920275,-0.008037729975685859,0.01630510055736023,0.022700406203471246,0.03290100903024862,0.041820804075261675,-0.0023363536388529837,0.014256184301904007,0.039468279007836005,0.006782419855136723,0.1697335645943232,-0.022996509751469163,0.009320546871173896,-0.010899171940459529
2023-03-14,0.0270558066537383,0.01408915464869298,0.04776626772523662,0.0265065123894086,0.07252631740542892,0.025938086248213477,0.031390633203734364,0.02825655939790539,0.050320947926932424,0.021016977601132192,0.06633330899047052,0.004872040571710423,-0.0010362554119683898,0.02793967331405356,0.0227279998038592,0.013220396440109639,0.023473834391955384,0.018526634107560502,0.03933207554487539,0.042752043974742415,-0.006477036133703651,0.038846686310953116,0.010581381012990887,-0.011150145494436381,0.03292650821052545,-0.0006732515727773114,0.00686454399648051,0.03559750730886391,0.015113477461219382,0.006099668087790722,0.019233541629905426,0.003835256826760336,0.0001872783215233209,0.022076136466315344,0.011443393187721362,0.038923253671319324,0.003269959751610596,-0.007638505731936807,0.03512549327667758,0.02566215441031905,0.036938909880164905,0.017110948988914743,0.04527974574573923,0.013266099372200024,0.05436117820319564,0.006882338837405966,0.003449478518773752,0.008676452942050439,0.025275066190125983,0.003666450840974278,0.01582196740105557,0.022237551085063645,0.013157891734845384,0.01632005539594883,0.01563537099296597,0.01076526391026178,0.011917261584051708,0.02046524480449685,0.006822692357757898,0.02259172164527956,0.0273325277437646,0.05929372651754217,0.002804922306212765,0.02411416232663499,0.0075111377701453375,0.013273783794982563,0.009733752218802572,0.0005246709948605321,0.012572489392448594,0.022780525241059557,-0.0008308314018633522,0.011094921696795268,0.011804847207460334,0.002624842979118469,0.022853313200122072,0.011669755407350824,-0.001380852514018871,0.04202762726814524,-0.004227034847928635,-0.0012080028460462744,0.012810063287169049,0.008362522119967242,0.00793375453784817,0.015285027655239425,0.007818096143387132,-0.000331635804355912,0.014697422123221004,0.04437295110279349,0.010485019748141422,0.018331916739781073,0.002143941548325312,-0.01720370816628547,0.028102971687741007,-0.00562223508831039,0.014573149115517436,0.022276077308455378,-0.004670827298803082,0.0021397811691639124,-0.008340744171649317,-0.03305788435109824
2023-03-15,0.01783041429550547,0.0026214638237991306,0.006856974870145249,0.01391230747297123,0.01922479973921165,-0.01015090870927815,0.022773218706492404,0.024403215403265843,-0.015333393227232373,0.007760603689757062,0.025500325154424353,0.030006123381903116,0.017864381520905415,0.0008400047717764814,-0.03361175588005216,0.00020391715364009855,0.00985947637416329,-0.009094853369652434,0.014280600330657034,-0.004849327768664979,0.017290267331571574,-0.015456149555917786,-0.0076253136656773135,0.018735328437524013,-0.00467530648258585,-0.025133471901513826,-0.002579682853649401,-0.01402895469296872,-0.02424316652781988,-0.0033192582094093703,-0.008476786780746481,-0.0012065428080298979,-0.0015918177055107563,-0.019562702966304357,0.001659384655790408,-0.022980295782669025,-0.0015042637863509345,-0.0036859968101123908,-0.008165663647997534,-0.021940973108812933,-0.0028498517043966665,-0.016391720235468754,-0.021399882165612727,-0.026799437856802832,0.01023367606904202,-0.009569401382612641,-0.023891360989298227,0.009148085989653998,-0.021301649489777863,-0.0036164908414934027,-0.025637498719670915,-0.02359915584306982,0.006985429838018753,-0.025641068708022074,-0.016679548966927915,-0.007699197635974375,0.0051796354030522185,-0.017602095854522992,-0.017217186595488654,0.004948723404657018,-0.00821152906900835,0.025969459530574612,-0.01331015865505436,-0.03279668185488149,-0.006336818293834701,-0.003357400190301507,0.025927937261946088,-0.0007865437802030417,-0.015090680493918374,-0.013682092451130057,-0.01145600414118808,0.008374158009977206,-0.004926072808200788,0.017254678229947862,-0.011105186999850525,-0.003992964529635157,-0.007835221009822924,-0.02547317632768742,0.023953939554050452,0.012094823370935481,-0.0008970766101918937,-0.07463813006208087,-0.023442829638579576,-0.013852635196019647,-0.05324401256644107,-0.005140921543167143,7.61921601175608e-05,-0.039408830892960545,-0.01237652069269446,0.0021407839385079175,0.02857571893983124,-0.0027785778305640108,-0.016704608953839073,-0.008339867755728703,0.03639834118438867,-0.004393287151619352,0.010049534994695852,-0.03416373589995936,0.007509762484968707,0.03703706974191756
