Date,MSFT,AAPL,NVDA,AMZN,META,AVGO,GOOGL,GOOG,TSLA,COST,AMD,NFLX,PEP,ADBE,LIN,CSCO,TMUS,QCOM,INTC,INTU,CMCSA,AMAT,TXN,AMGN,ISRG,HON,MU,LRCX,BKNG,VRTX,REGN,SBUX,ADP,ADI,MDLZ,KLAC,GILD,PANW,SNPS,ASML,CDNS,PDD,MELI,MAR,CRWD,CSX,ABNB,PYPL,CTAS,ORLY,PCAR,NXPI,MNST,MRVL,ROP,CEG,WDAY,CPRT,ADSK,DXCM,FTNT,DASH,ROST,MCHP,LULU,ODFL,AEP,KHC,FAST,IDXX,PAYX,KDP,GEHC,CHTR,MRNA,CSGP,AZN,TTD,DDOG,EXC,EA,FANG,CTSH,CDW,BKR,VRSK,BIIB,ON,TEAM,ANSS,XEL,ZS,GFS,DLTR,MDB,TTWO,ILMN,WBD,WBA,SIRI
2023-03-16,,,,,,,,,,,,,,,,,,,,,,,,,,,,,,,,,,,,,,,,,,,,,,,,,,,,,,,,,,,,,,,,,,,,,,,,,,,,,,,,,,,,,,,,,,,,,,,,,,,,
2023-03-17,0.011694353099191312,-0.00545400109224925,0.0072040887651558805,-0.010895681300578386,-0.045478906936647356,-0.008688184284171285,0.012958563155028413,0.013752838565800563,-0.02172378153438792,-0.0004310264919078488,0.01283641701197058,-0.021157187674150313,-0.007818195382528259,0.013728115673271146,-0.023057193867761283,0.0013966419855544476,0.006642657606497515,0.0018255847382229184,-0.012259802368853712,-0.010666008657606807,-0.005794781717537889,-0.00187253401860199,-0.008016700331966775,-0.020377771619706997,-0.011226598537389498,-0.023791900256537102,0.0015909519723069643,-0.013257278009040085,0.0003853361725401072,-0.016198860422690364,-0.002800901081610574,-0.017225961880679597,-0.011955522681044162,-0.00417938573053489,-0.00806693898764066,-0.00551421885134773,-0.03180965515422696,-0.003425247091949246,-0.003930484547334578,0.004963849427384037,-0.004523156617638691,-0.02729575003480933,-0.011187551187551215,-0.014646562023429177,-0.0029958743444703506,-0.014319811707687036,-0.015334580970487788,-0.018291871395598402,-0.006611359845000053,-0.02641793232390577,-0.03048688890944451,-0.012257017882341348,-0.003965219110821372,-0.00966301743683351,-0.0064422988635439715,-0.021165417004337606,-0.01538700672574178,-0.004142278341358163,-0.007378213044313742,-0.0054992778181209845,-0.010665802133481006,-0.017948298383072103,-0.011429681611702991,-0.018723415386350695,-0.008944195415939493,-0.01762914294353246,-0.014237638925914564,-0.014405427780627478,-0.0045819334397243505,-0.0058003418720675715,-0.010490470312478739,-0.0068375462735840165,-0.010180192909562402,0.010275645643407882,-0.011595694564440873,-0.012103316528770725,-0.00560780126943039,-0.006284013924422238,-0.008524726855877018,-0.00023729859711463241,-0.0015854867181466226,-0.0191985665271297,-0.010445215657764129,-0.028566994147066538,-0.013919383567261856,-0.004422998919474841,-0.0078793452889373,-0.02757765491556674,0.005719694067836789,-0.0095198368638717,-0.005353965225890378,-0.02441505092672136,-0.004642767323337016,-0.013380337269634945,-0.006689246226165291,0.00631757428177715,-0.0017781458186745258,0.012711886095724712,-0.014965579236263626,0.008310307667627637
2023-03-20,-0.025766674581018112,0.015483831590221708,0.006802721088435382,-0.012531560404374087,0.011246853133161094,0.020191216477916107,-0.003936247934143711,-0.005172738473869343,0.017320796272765726,0.0045991598564731895,-0.010527379577363938,0.005370691541392025,0.014046658976137216,0.013235019937741122,0.02517476344236158,0.014943216188909814,0.022183248366495434,0.00902837991868588,-0.02180475109611768,-0.004471962321056178,0.011101902287844467,0.011745533926007523,0.01963460711637377,0.021454406539067605,0.011354066079025671,0.028379579237898467,0.017296144455974494,0.009697837787865815,0.02166453518111422,0.010751676341349103,0.015515248053430408,0.011651484918302035,0.01242844893214956,0.006510580658276588,0.020030147597757564,0.005647975348565426,0.027810135736318076,0.0016391580298089625,0.008214097035462276,0.01994668465612448,0.0009184185852755267,-0.1417228456960391,-0.0153186729717949,0.026894179623150105,-0.002854489467858934,0.009339344835307628,0.002115954268060216,0.003014128334593691,0.0209368366616014,0.0227982034074794,0.02416648673336197,0.018388007722260902,0.01514715234824826,0.00950706134132262,0.015317363523887684,0.0029960058224696162,0.009906209010243305,0.01161786495140249,0.0065792655043850345,0.028789596862204725,0.0052270448945368475,-0.0053655214302326115,0.0007838705954186231,0.01957628359530794,-0.004376664416382625,0.00563999014041805,0.011686937416251153,0.008238042779552757,0.019370965632020898,0.025246148981413752,0.020180397968749153,0.010327039703053265,-0.008438810925003759,-0.0035999249463428695,0.029995999678997798,-0.0025399397604988216,0.017222942278706244,-0.02854209907455607,-0.03512100795171447,-0.0075937280365225845,0.0014997633103994712,0.02022415373799724,0.015746666084021532,0.018027116908450047,0.0011144385795127665,0.030154897844839157,0.018049855349975052,0.02171697245971771,-0.05908376684686023,0.008068436128363166,0.00762563034053354,-0.00028437557971716654,0.024525989706171814,0.028654816693149288,-0.04026939951524866,0.00025798744076199753,-0.021287012755885404,-0.006973527224940823,0.00850801521103306,0.01923075033665156
2023-03-21,0.005693669802799839,0.011944122971497162,0.01154436383928581,0.029679680207260972,0.021990830378667336,-0.01081235608438591,0.03655401011282944,0.03835961955271672,0.07819919143822474,0.003188288195855371,-0.009089941902801435,0.0021630244536681165,0.0023649877673639352,0.031249989487717178,0.007349223022689477,-0.005300362486113319,-0.006455617316572071,0.01625351635112282,-0.024005513257969957,0.024742624640677002,0.015371983766123032,-0.02934536732329851,-0.004186202191726274,-0.007540917958655857,0.02569643524233367,0.006741093039716484,0.01717560182078337,-0.011552909524107924,0.031114069485598472,0.012410072933895178,0.0006717283709252175,0.006910390104663655,0.010330342505995516,0.007163457475566792,0.0014764280107015804,-0.012514758301941042,-0.004027179694326866,0.026711782785333593,-0.003274876855936193,-0.006498247174008931,0.003911708745562015,0.00025341074817375464,0.03184954043146271,0.028949959611563436,0.024709949100203854,0.004797785749975025,0.044679061210747495,0.04794429968753966,0.00301044964019459,0.004374687320661597,0.015494015507137915,-0.0004984565847103717,-0.007269269383514243,0.019330920036946253,-0.004026077708044973,-0.006233809830306414,0.00031471652741199563,0.009074144346026936,0.03357946207476736,0.015101137157976563,0.014949596283044375,0.017700594107591616,0.01958096741679327,0.0,0.018265411922290253,0.008157638126297773,-0.03116827096522401,0.0026358010658429354,-0.00018818694154876248,0.025121019504070086,0.005378340781208246,-0.0019874983645108424,0.017553188143514697,0.01015056213597676,-0.01566139077163231,0.01647690891136344,0.003745879652413242,0.04222381279796039,0.052257953969434334,-0.02725966996574436,0.012508860468034344,0.03988531552019636,0.00817716415668901,0.015931900401491728,0.04044527353360272,0.0032345342507580366,-0.006569406672267242,0.0171292205512108,0.03626601327483958,0.0026148192227650746,-0.028045695307407192,0.07168592475084568,0.011014833901270782,-0.0007088609456880057,0.03622226178633303,0.019602775575231934,0.008372372489966695,0.05969103898398331,0.010545414380846108,0.024258736723427043
2023-03-22,-0.005442290309805031,-0.009103446505241086,0.010267577165829156,-0.018984232685839597,-0.011624485857466782,-0.009155896489742799,-0.014773117131277824,-0.015306076844671446,-0.03254381959196684,-0.00678418467645181,0.017200057548523606,-0.038882940306046,-0.008426493153688597,-0.033429559416432664,-0.006299425647177448,-0.023879990688735475,-0.008363803624750865,-0.0147819207265254,-0.011595219055579586,-0.018529505833324134,-0.021357147328469384,-0.012790705116364376,-0.011714569222524451,-0.0133934112816525,-0.023795991938846073,-0.02092487928107767,-0.007845862029500883,-0.002089241542884479,-0.005086911694095586,-0.01582636782846758,-0.011135124070647096,-0.014123713507207758,-0.022191707754389056,-0.009501026242688337,-0.006929105233901778,-0.008310424939802608,-0.016805684120698272,-0.018509979957001765,-0.008040333811906164,-0.0027408932026875554,-0.018664637250705107,-0.04244265122473867,-0.027687220666472556,-0.02712200728394365,-0.020291204814965602,-0.0351295630974614,-0.020373548570788547,-0.03102196096120824,-0.015977583160952213,-0.013005910125522546,-0.01539762130352429,-0.021279017254877464,-0.01387419239526011,-0.023583787880207208,-0.00432119658626251,-0.02744378680407822,-0.03361302446087144,-0.009554592140940898,-0.04233641936795984,-0.033451027438567094,-0.020012808490590395,-0.020705648867252235,-0.014691749455195025,-0.02090170374975142,0.01646535747777178,-0.015855977001466126,-0.023059651479995225,-0.01235544714488368,-0.024651817343621096,-0.04111827890220743,-0.02919576746734609,-0.013655855934464056,-0.022869838954162724,-0.029691509037851227,-0.025772605328276632,-0.027556774679674434,-0.006269565343163919,-0.022788694303988777,-0.04994970315773939,-0.024582104043710307,-0.015486329750204031,-0.020364386251342292,-0.02940185315130217,-0.0195897614775723,-0.035663336924010025,-0.016980137337296308,-0.018523361971966468,-0.03110016996621967,-0.03415427199112364,-0.016824655934752464,-0.02061066372703957,-0.03680761065541982,-0.008425250327053213,-0.016668966633168303,-0.033995208449750014,-0.04241503444325301,-0.019990108399302042,-0.03843604491989261,-0.0310077783881596,-0.03157891764865317
2023-03-23,0.019721601779969733,0.006969466083539766,0.027316046495378554,0.00010133876939955044,0.022371259072721417,0.013171238482990066,0.021572948324341645,0.01957398667850052,0.0055977366381618765,0.0004923300733550295,0.027669572633507666,0.09006465386326701,-0.00487224880808812,0.020154291330454654,0.0064278128114800825,0.005458966088991213,-0.008085902745167295,0.017873249843058492,0.03199436732064154,0.04413220143502827,-0.0063535783809097746,0.03297996086838251,0.022459115758749038,0.014227926060169871,0.015198719734295096,-0.0012823546081851545,0.054495480203314184,0.03414979158476705,-0.00761460243882961,0.0230973411071691,0.06769597521353576,-0.00706219287973997,0.0016880831830838883,0.01521888606506483,-0.0023753512568226443,0.018200420242075577,0.012209286819747422,0.015715857350265594,0.02167762935413764,0.03715036339732025,0.014705882352941124,0.024741930032861514,0.004146232545163331,-0.019790520516250187,0.009605274141229359,-0.007423152528285293,-0.007179954859572457,-0.023944025652172685,-0.006627865773330188,-0.009382259039498853,-0.007534813859684242,0.03068734185701416,0.00039082477893215284,0.05278881822559023,-0.008236499346433335,-0.013705948241907406,0.02034836473284618,0.010498021217055786,0.013912664779226702,-0.004347826086956497,0.033327903055708985,0.02012859375686582,-0.009550758708744556,0.02147205366124294,0.014782833674533036,-0.003990107293979639,-0.016580251437088966,-0.0039925878918644075,-0.001736448956364267,0.007810015082440724,0.007565121517721485,-0.0161522234833964,0.012571920337158593,0.0009947250645807593,0.008368238321331267,-0.0021215243852175103,0.010365066014262014,0.03973051064622779,0.01888502725327057,-0.012096762564130281,0.02545066419419273,-0.010393887469291818,0.012534840492985921,0.0022027136766704647,-0.011464547440640072,-0.006122199093914538,0.015121400308446997,0.027277360241097393,0.028584812062870002,0.017856529377549224,-0.013094312277592501,0.03398858099850455,0.02168174159422609,-0.02286660937237217,0.042343590369205986,0.034519248702142846,-0.001059009739826311,0.0013783255529897787,-0.005230712890625044,-0.019021785432482563
2023-03-24,0.010480456759089485,0.008305589788276002,-0.01515205421536181,-0.005875816395847999,0.008468747493033613,-0.004787005697620472,-0.0015151139680561476,-0.0018822188369647108,-0.009416281069083654,0.015396873662634869,-0.023234960704204943,0.025033616298294037,0.0195844153768292,0.016151738360645318,0.01001966883155836,0.015684672963538038,0.001686508989656943,0.004913416051987696,0.011367547912524145,-0.006751561830538266,-0.001390132056182214,-0.026470109401467212,-0.004271157519828872,0.021149689175005593,0.04888130301207383,0.006633883507977112,-0.0029344686131075326,-0.04112001411902011,-0.01553117722390196,0.031632533711033695,0.02223998635276514,-0.0008128615377268611,0.0023874626780382435,-0.009290021299481865,0.027381012661389592,-0.0353385723634958,0.015744004953487822,-0.012068679897141443,-0.007485493894513584,-0.025039063659497818,-0.012173933683386151,-0.04506130408374076,-0.0035835838666193887,-0.021377661334420095,-0.022298202391163757,0.0060541337876010015,-0.028096465478544386,0.018191837641095443,0.007387769253428544,0.011704815225810572,0.0012892704545592881,-0.030158154454256403,0.016505542059580325,-0.028618711433481714,0.01068111675169181,0.0005449715898608876,0.012710058896947984,0.0028077627238061176,-0.004573919517435687,-0.003580818009688902,-0.004110645399734492,0.0059691060762223636,-0.002951839323730665,-0.03487245006269457,0.016968434772612673,0.0,0.04308620206058844,0.020310052737019912,0.010823299969601852,0.014141328632136352,0.008898768158267067,0.022280806447788848,0.009906221226646528,0.005202088755427381,0.009771160030509485,0.01958999157812147,0.009664012864025295,0.004319690017655198,-0.03262165625732505,0.026530635083828358,0.025766958291788766,-0.009555390592413504,0.00842506326946979,0.0031920491411241425,0.010849267508183491,0.02678470421851542,0.01832780897334363,-0.03902684468901052,-0.0037183905694726516,0.00333709941495286,0.03538148207041103,-0.005596990645722277,-0.009893817509997072,0.014247693637414294,-0.014904411909495874,0.005447730433782549,0.014058553098230453,-0.03647623831461788,0.011444445126178815,0.04432135470365206
2023-03-27,-0.014933892903828516,-0.012293299349161457,-0.009261028818078887,-0.0009171134251457769,-0.015387594065685573,-0.014665822508644122,-0.028262550151111787,-0.028285876570406487,0.007352522816861606,-0.004139131864321688,-0.013680412247472518,-0.0022229999505607445,0.0022335650424534226,-0.004827175164928477,0.006816551424265738,0.0005939931694938227,0.009541186154130799,-0.009297881069629366,-0.006130800457555763,-0.006122412733595484,0.013363123090261775,-0.005521593235631839,-0.013703924741552131,-0.005335479893181394,-0.015014452468237849,-0.0009034766456030852,-0.022400244200503128,-0.012528400142430729,0.003592954987156727,-0.01883015729476767,0.0004999672494283569,0.0032540912765466334,0.0010740938789262078,-0.015557558372651714,0.0017381625867713968,-0.0027995261952236117,-0.005249977111816406,0.0051161352749979905,-0.007010792829763024,-0.005374332226236844,0.0038635003982223637,-0.030827458187131618,0.0037986066086665993,0.00012777384244300194,-0.0011402911976595709,0.017699115044247815,0.00846737520243157,-0.00785049029808027,0.009923195855847888,0.010212600722761866,0.014878410483901261,-0.013310711203027847,0.005668681086769434,0.0034087993837039754,0.001559657891119448,0.024918220871795516,-0.011972897479330946,0.018199678653278983,-0.007341929935774649,0.01735474993854491,0.0157167461087393,-0.012691555403087862,-0.006908167028397139,-0.02366860438366969,0.012027401074662603,0.015144128177162264,-0.006061211228304275,0.011000475788062625,0.0009560083707442768,0.0072912565264156015,0.0022051222091092892,0.006595914805894054,-0.0010463226786898705,0.01282155251640682,-0.016768284049711646,0.011021713888839102,0.01207479974385195,-0.00909841571743597,0.00551809659931779,0.0069582198712161425,-0.0032764798256578187,0.025035874944111747,0.006138052622137735,-0.00020869304428949853,0.008882300779132768,-0.007766869833842782,-0.0001851194059724337,-0.027502884677986783,0.014863830895210928,0.0039277484524196105,-0.0039664702383792605,-0.0005360275031731643,-0.018102823240471633,0.009753230539657265,-0.02832233765303216,-0.00965119677565729,-0.009909057617187522,0.024285725184849394,0.007339384041896713,-0.005305034755357818
2023-03-28,-0.0041609156819140125,-0.003980318976947728,-0.004560670409002987,-0.00815996577200262,-0.010648805467888267,-0.0034139725556021627,-0.01395666911920257,-0.01649521626735606,-0.013659325116185062,-0.013077353292785587,-0.021219366926886862,-0.01263509309090649,-0.0003343518610851026,0.0006699718721403514,0.0007778421461375196,-0.0029679763189878194,-0.007713694631217627,-0.018284807153162386,0.0037697261549394234,-0.017824555735287517,0.001373605356170149,-0.020779012060501922,0.002485187426275459,0.007264745990072541,-0.012194646006011944,-0.0003723991817282668,-0.00852989008899685,-0.0215624234590599,0.014675242587189219,0.015495830260255694,0.007995999284906352,0.0006081244310431888,-0.0009796917021329676,-0.006332186728859046,0.006217360512038583,-0.00804764273691494,0.01746669210437246,-0.009193394710867664,-0.01083124241845268,-0.006738554308780786,-0.009694575202145339,0.016182980298216965,0.0041533751832401045,0.01532758889014385,-0.020930055657011115,0.012521760360054257,-0.011025383863808469,-0.008185621808118548,0.006694227684626464,0.011977434339922155,0.012686691084169865,-0.005683066887016919,-0.014044150629776708,-0.01844208537775871,0.004044043589648938,0.003188594444904602,0.008131803502149593,0.005224766064605646,-0.00744651938384433,-0.019384854018400843,0.00453262117700759,-0.014357271927280535,0.024942881891465207,0.003997389379686522,0.009740862259630223,-0.007354454623154538,0.0042913296479036855,-0.00544039100450866,0.00534866479762286,-0.0018606955674160819,-0.0009167443384899832,0.0011396272725434642,0.006808121120188471,-0.008095007822998768,-0.009639419452214137,-0.007071239642911009,-0.0018915302846320703,-0.0277128515046019,0.03246958738349326,0.007403732321603851,-0.005225916636645955,0.016723780305716973,-0.0010167354736537737,-0.03052116085257206,0.011738800151776196,0.013226068211991127,0.0010000333457484967,0.011365146440620588,0.0017419769282076558,0.002429447238406768,0.0016848002574525456,-0.01448111832312915,-0.02286140091431199,0.021120219309490595,0.015570846780601943,-0.01222431410616831,-0.018272017502983573,0.009762858309535716,0.026715273369856796,0.02399997711181645
2023-03-29,0.019183950036463004,0.019790742129842442,0.021734154114805948,0.0309543624265336,0.02327094677185504,0.0012805951294005968,0.0035633041146323485,0.005327554383145916,0.024789906342217005,0.00842288184574258,0.016180190554138107,0.02630443266139393,0.006910803900018303,0.015425843223826563,0.006793954291718363,0.015479237720671835,0.007143387635133447,0.030904896268148185,0.07613518171841882,0.03329125609825767,0.01371742083770755,0.029639148651343872,0.020001057429148927,0.010692733551836975,0.005090340236922453,0.006119674151122245,0.07186238569421577,0.06322671368996025,0.010470980196093604,0.0031603838288107866,-0.009214355281496722,0.019246368541175007,0.02685033931301173,0.030337646406663366,0.011208599651365558,0.03811213648869449,0.0039520771890813045,0.0074963722779886055,0.013977920609905992,0.03034183063863405,0.013380564920488114,0.00027463307889452615,0.02351389180445662,0.01981387117830824,0.007462738793704071,0.016489162905260812,0.018780571391334266,0.02035768114250769,0.04850886724705772,0.0038970158642073205,0.0070991392292356625,0.0334275911419919,0.0106589741864751,0.055624226392140486,0.005416658189561607,0.004899948440207691,0.0451813984349283,0.012720562131196322,0.009580774312946572,0.001230006940992956,0.00840206851925518,0.013888883504548977,-0.006496007105973978,0.03865915890874372,0.12715810089217539,-0.0019576360535917825,0.013156394522998882,0.0072935343513544915,0.006460196573962795,-0.0010653081403796394,0.06469072495137462,0.004268683223799252,0.03042908051312776,0.01206801761600973,0.012796112893022515,0.012017767659585843,0.0005831037378585258,0.02747250048093086,0.0054627949040197965,0.008084317332724744,0.009913623382640457,0.01591298650009909,0.009499534373980989,0.013346225539707213,0.02139231886221893,0.013639498776142567,0.01391307961378363,0.04364306834653586,0.023380168821612868,0.007428207902219208,0.017431182921262334,0.004081604972718145,0.04784902896521226,0.0020471077130881365,0.016220265224624386,0.00969273117791114,0.03829967537253953,0.012430960695181126,0.009757594146436066,0.015625047536257375
2023-03-30,0.012619792178901301,0.009889881791605992,0.014786504182199733,0.0174563591022443,0.012125591236261224,0.01318944844124692,-0.004931452835683192,-0.00569187264346982,0.007220929756684091,0.0012427238886234537,0.01862837947493512,0.019275348372176815,0.0008856127953229542,0.007226474859982179,0.0051754138956765505,0.005081144137860427,0.005284818708903405,0.01846674598781295,0.018083746400575418,0.015693848597627458,0.005412740427871654,0.018856922528192266,0.017675719872424223,0.0019499698090836848,0.0021534876246265267,0.0002643877454504562,-0.0070821648796906,0.030266573633664473,0.014771923595757297,-0.006619102077728201,-0.009580735729349144,0.006956836902550778,-0.0018644311718958306,0.026642747759719754,-0.011226387447678676,0.028248747384731043,0.0019682129525513403,0.0071804197163336525,0.002399727698322529,0.026641579209672805,0.004902885955514247,0.049135352745880434,0.03422379643573592,0.003330619070314178,0.01635798624495588,-0.0030415732383840544,0.029292892576971763,0.0028309393853966913,0.0053531565830939876,0.011321006053122362,-0.0019350296143891832,0.0146368442300977,0.006519657576983473,0.012880543963313063,0.006124242953762016,0.01238801364563713,0.00907946053850095,-0.0075634461327553915,0.012301651452059525,0.0038610253153836815,0.015429718217407906,0.032074810380360974,0.0064408707412164645,0.02361810273087417,-0.008170873413504753,0.0067293754477992795,0.0036626174988168003,0.004396224248572667,-0.0028318203213535398,0.012161094161768471,-0.021459949064601913,-0.004533857842483391,0.036597698183493454,-0.0018872885483288693,-0.009139788860612508,-0.0008796006362563613,0.008158472662781024,0.004177807475977957,-0.0027899385648872954,0.007290382161271092,-0.0007551301740210681,0.003840724387462302,0.005041220974951077,0.009399916323816537,0.020589276611118867,0.0037319669585660353,0.004087424098650594,0.02453986499401406,0.010699206713905562,0.01865217322488988,0.005560606274288338,0.013730842948185495,0.016421772107715338,-0.008030992702762085,0.0070837561552792305,-0.0006857103995051572,0.014547564497128018,0.012960473126550465,0.014055622863518247,0.015384600336500354
2023-03-31,0.014962155193252835,0.015644205941022005,0.01438849882997184,0.012647067799287592,0.019726742570040035,0.012291878544132162,0.028149509212669788,0.026450851887563465,0.06237201971890638,0.010966843025909556,0.0013282068498214894,0.020831541125555075,0.008129188772980855,0.00908615154794612,0.01109402572022189,0.016527288918478877,0.0018675312996725424,0.0014128752199364936,0.018074104506062172,0.013042764621188807,0.020457558285799315,0.005896332954748118,0.009606974386122458,0.0010351966873705098,0.016593705206149334,0.010575296381330368,-0.04358852422489967,-0.00233361613324079,0.01634246144632301,0.009322154113181158,0.012532326445047648,0.027733888344428248,0.014305887790167393,0.015498658167859558,0.0020120636097189504,0.007928729283428249,0.018661808832562965,0.03187476331811534,0.02742458235792733,0.005955591033420582,0.014878517524683943,-0.007064375958664715,0.04046416781641571,0.020716758806915925,0.04205886148490312,0.014915272340936259,0.017337281384901093,0.020836175083683406,-0.01060649605954933,0.00888886567884728,0.01370998305389004,0.0267591715725779,0.028957831862481465,0.0011560517239432855,0.008443941513515352,0.021869308928010422,0.032441840216797635,0.023543762227874465,0.032488482872518265,0.01555942968142543,0.009876941953996798,0.028811955797426014,0.02908949946569095,0.01208021278988114,0.01703484086653928,0.021672046113095256,0.006192608168792635,-0.004376982053931555,0.021204069260805314,0.013230673570669982,0.009247801778198506,0.004269789542300506,-0.001339184455429021,0.02452370106848689,0.041644053770878875,0.010271415004684536,0.0030347792359624037,0.013646192257313672,0.06994551235240598,0.010615165708329544,0.011334999927933964,0.014028470175363905,0.018725947269162102,0.025359035511625105,0.003826108186141264,0.004712996778602596,0.010540449405798569,0.005987997712393778,0.06588207280853142,0.020733588120721347,0.007921069351203958,0.0410800263785871,0.02295922339335066,0.019458884601030402,0.06476656854690677,0.02324390427128309,0.032362641936851455,0.01683501640255569,-0.001443812749592488,0.002525250092658027
2023-04-03,-0.0037113314323447,0.00770166355044366,0.006768207355618783,-0.008519675143944028,0.005331720627515413,0.0014496254444513745,0.0060734332693517246,0.008750035212590213,-0.061168427796826186,0.00032202319254892586,-0.014794455117154937,0.00810463038071263,0.001097075945661885,-0.013727089840798956,0.007483692448341905,0.0005738828365471349,0.013255994321252462,-0.022260573181727805,0.006734044476079948,-0.011573858421241145,0.0026377861916009326,-0.004152097440590641,-0.009945652918443404,0.01112720761698549,-0.007593856155855505,0.011301819366335453,-0.012098103089000722,-0.016241578191479422,0.004818270825534432,0.003999045351055219,0.005501015766988582,0.006914445785981105,-0.026142061701351804,-0.004766263236933632,0.007171543190557683,-0.0004509937803530706,0.003254147753333214,-0.017072211716876562,0.006964407615291268,-0.009872091670998229,0.0061878388996066125,-0.013965812472702788,-0.0033534465417518478,-0.009515698844572151,-0.005172602968760653,-0.0030060170668838593,-0.023633459850035843,-0.008559408809348357,-0.0039336201111555,0.02234449830937968,-0.0021857382429670835,-0.024131274684147996,-0.007961423881531204,-0.031177794408957626,0.00022693072899682143,-0.023949009597681092,-0.01050643090676917,0.0035900049959805003,-0.002786326964118291,-0.00809091443395682,-0.002257019680187655,0.0059785595532986235,0.023556016816155045,-0.01277154106486611,0.008814057040444467,-0.01945195679511702,-0.0009890794593200303,0.004654779252623031,-0.0020392435753572302,-0.02161653705178146,-0.028449206833231933,0.0031179312402955794,-0.00268196055073755,-0.003914862430667521,0.038416420277000984,-0.0011619728805768448,0.007203572592129781,-0.00738796197778302,-0.027387907966784364,-0.0019097163409649287,0.007471992932184479,0.06850628565713324,0.007221379033402142,-0.006157303873981723,0.03638250917721497,-0.0014593911102164236,-0.0024817553660961833,-0.014334308910960436,-0.04235555341213604,-0.010216328188688117,0.001186153599707529,-0.0336386223023335,-0.0203657691117759,0.0310692536416739,-0.02681022705434677,-0.00511316508589621,-0.010879375386349865,-0.019205295001774036,0.02544815520014465,-0.002518889267302482
2023-04-04,-0.00017414026610629296,-0.003249643690696802,-0.018308582974912335,0.015037527888523972,0.007743905006647234,-0.012545329628049107,0.0034496033752979827,0.0020017069597004777,-0.011244043709844997,0.0014083902556192296,-0.007145762525449739,-0.004393013623117725,-0.0035616103916952246,0.013339316731571182,-0.0008378059353066902,-0.009367265639510847,-0.0030662099010996258,-0.01956064497192367,0.006384891710844887,-0.001951609691912104,-0.006314071938108179,-0.017985586606695136,-0.020417081292655404,0.012641123821913292,0.004654312863376475,-0.012106769208761414,-0.039255160688281165,-0.03301950278661392,-0.010078029660834487,-0.006037913652219951,-0.004962509318464314,-0.008106804830625647,-0.012776183310976408,-0.0059099432918466865,0.004272221833497181,-0.015388817466956084,-0.013455011363893599,0.001171475196831917,-0.010310098576782667,-0.007878451661792796,0.0005676480322340804,-0.02191340820280241,-0.008936991948678474,-0.00048645158572735436,0.0022702127547828965,-0.011390289723378189,-0.024699489730059754,-0.0003984430725473276,-0.012910605994387314,-0.004044022946321224,-0.030668097421851725,-0.03220134491664217,-0.007838782554858925,-0.03504174479066502,-0.008575509213048838,-0.007830932941886304,-0.008660708792682326,0.0025171542602251407,-0.02052218166132913,0.003471030313205725,-0.005127376721590027,-0.009383773647290372,-0.0009205419925383262,-0.012936763470779544,-0.0016331140813373723,-0.016426768722481278,0.0029702600498806575,-0.0061775514336094295,-0.015233206049203973,-0.010750668069076874,-0.01284469847890446,-0.0008476626113096408,-0.00268917280611769,-0.022711312237042813,-0.018560267960723298,-0.010905918810679704,0.004863343156637612,0.001984828785960957,-0.019102851409359856,0.0011958678645842546,0.032056031632155424,-0.01924807117824523,-0.011406237169995559,-0.02281996031407152,-0.02206619360679185,-0.00516758264799011,-0.007535863436532009,-0.032659619741345236,0.01567842455421431,-0.0019428783931929594,0.013773701887043632,-0.021169170569945495,-0.019374950704572624,0.005945577430393367,0.00462821472365893,0.02485463718562575,0.0008694763260908012,0.022957406433508742,0.010998291024187035,-0.030303061318608826
2023-04-05,-0.009889255555128096,-0.011290287513422759,-0.020835614490719467,-0.027417013542964663,-0.01508944427507608,-0.00851178828753374,-0.0023873185359606364,-0.0016172545081613032,-0.036660076287605925,-0.0012054850828195907,-0.03452597364305687,-0.01268923978798664,0.009843240176268475,-0.008126716688080071,-0.0061207448745734805,0.0,0.019205779546735524,0.006050677394148218,-0.00815699865598185,-0.0015006563419955876,0.003971345230704415,-0.0233100481829408,-0.01773834288530174,0.023593085148025494,0.012877324934439827,-0.007908294471130395,-0.004365287201008039,-0.021436073242428355,-0.008615290655710428,0.02391701765956533,0.003807300594107055,0.008653860825758697,-0.004064638125943487,-0.024343994049134676,0.012478799272589436,-0.02861148167830596,0.018631255822267434,-0.012108287099988568,-0.01706805769679931,-0.007148364410592412,-0.01867522599795879,-0.01202182090308268,-0.03982638805869387,-0.011071950785718987,-0.06619901737680167,-0.007455076640059621,-0.026338027778956774,-0.02192401646351516,-0.006968440795355524,-0.00704505441472969,-0.032768355859083775,-0.017601583753530492,-0.006772020530189771,-0.009634372382873124,0.0008923917579566343,0.006314172298472087,-0.023346549081106116,-0.013083096177155973,-0.028378930083648668,-0.02438602308637383,-0.012429887519342375,-0.03915376596561315,-0.01907306475727233,-0.025967696747078106,-0.005425273447659418,-0.011407885087838743,0.036963944436382956,0.010619006499113848,-0.02829654871712539,-0.015123669297177011,-0.009736120836834172,0.0011312475915408182,-0.0057604315774473225,0.01436286358190042,-0.012202936429675515,-0.003969371602342342,0.02562281924210419,-0.032023809553795024,-0.04630696910854615,0.025561387463516105,0.007266078550234756,0.00938935325353163,-0.00016479844791428278,-0.0068685107117471,-0.0071794558794070484,0.004564827077461864,0.03175291638283384,-0.02484389095826811,-0.05706048223050875,-0.016607926178578536,0.0390066605899011,-0.08334086423343912,-0.0449956054509133,-0.0012761262823905994,-0.06506669862318082,-0.005425814173187216,0.0030405566177160726,-0.02376235417438055,0.007531393842556966,0.031250032984341924
2023-04-06,0.025532847503443312,0.005495903672834368,0.005803346500361073,0.009495540049077267,0.021846086955329636,-0.010127017087631085,0.037809867924644136,0.037637014697434745,-0.002479553165553039,-0.022428728475386905,-0.0009723027254149308,-0.008821438520251856,0.003920721101590807,-0.0037170382466699126,0.002727710864879551,-0.010613648018131472,0.0032859811508108017,-0.00032510496773163755,-0.0006092128129201457,0.017328967266101003,-0.006065389064936366,-0.02446303063456834,0.005191863345313852,-0.00019729168383031404,-0.004224955925229534,0.005437439042975889,0.027008083184216547,0.0006281866573969452,-0.01213870577098164,-0.0008697234800693066,0.004253423196525885,-0.002097247068665209,0.013791820925364018,-0.01680935562493624,-0.004901939308702086,-0.018212263714877275,-0.0033472656806856627,-0.011587187583000813,-0.006448810704866026,-0.01021242513563525,0.004625201026976278,-0.004009968428527189,-0.004039877309599871,0.0030143054904232525,0.0001564682518693239,0.024923165565670535,-0.04898555640605895,0.0183398785888782,-2.2090689915876816e-05,0.003238806286418594,0.0001459478146319526,-0.0168766506579614,-0.004545414152223648,-0.020703462905851566,-0.0038865608440210586,0.006013059927747033,-0.005357040404059044,-0.004017180644508067,-0.001063055988980044,-0.0031022733120708024,0.005679126761655162,-0.0029576126087840215,-0.0022543477910337284,-0.010311867824955634,-0.0013157835298935883,0.0024617281286387627,0.0037021204858440626,0.0030753185668117577,-0.0005823875029002945,-0.008747851657004202,0.0019296065509459837,0.006779600379228201,-0.01183430783985151,-0.008070928134697675,0.02367248979794856,0.009003699045779578,0.004024889297013612,0.03768757004562295,-0.004235346796427564,0.0030282102769880748,-0.007847783208836834,-0.016995333252155187,-0.003956506413955063,-0.013140401152644587,-0.0182507117746723,-0.005431988449034919,0.009894706346074589,-0.01567813644216043,0.009873162231567978,-0.0037735888239017745,0.0021090254596705105,0.024086818741407612,0.010268805385693414,0.0022864582708026493,0.013140002345853663,-0.016366368837764766,-0.004027337100101835,0.021636220125055727,-0.009413072055430183,0.0075757502779743024
2023-04-10,-0.0075788457092610395,-0.01597233586979263,0.02004665282989393,0.0010778033801970288,-0.006247135887950672,0.007628806193386017,-0.01826227412818926,-0.01790637787248628,-0.0029720256079851515,0.016152877502112695,0.03255112032545915,-0.0010019637265927805,-0.006292057161363718,-0.011429337976238796,0.005552782155166858,0.00117030178964872,0.002539969796552466,0.010487812321360535,-0.008838796202045196,-0.004566229072275441,0.014327432613506996,0.01791177899886609,0.007298467816050147,-0.009553187106287497,0.00794086645928016,0.006405470539265989,0.08043031034867543,0.027683798119849223,-0.004365589670665027,0.004911977100906073,-0.005997092925628,0.0005731520674325807,-0.00874554340063205,0.02019553783339223,-0.007318849403597172,0.02137940983113018,-0.009235987130784995,0.003595073556699635,0.01082670956922338,0.006878529895356422,0.024410110462302903,-0.009995852185271326,0.005317265154367368,-0.0015946627461421725,0.0021906306474723802,-0.000999356635177806,0.026529273114651364,-0.005869829866331888,-0.003807586786070738,0.01001009727719393,0.01737483542886409,0.01358023207352499,-0.003995488844805051,0.02750896274140513,0.001239334432442396,0.004807728053321636,0.0006605603598659471,0.007932293480396035,0.004053932637092084,0.0005334538805241706,0.021215004430102713,0.014831930147537253,0.003954040332504238,0.023507067029904682,-0.0026349504308169625,0.027688307196619855,-0.004742301097446111,-0.001021995813774157,0.01340323684624134,0.009946694989225735,0.0023844656460696445,-0.011503924086238682,0.005364179842028971,0.010334958027546914,0.01187836970539946,0.006729067881298345,-0.003732328680323471,0.011010714879927663,0.004709061977384188,0.004644610818945294,0.0036752881992117015,0.018783346370161658,0.011420100336264172,0.01908352175812844,0.01122412108927473,-0.0008402671129500439,-0.013737805471074171,0.03132467115829485,0.0023969023521193122,-0.0007451261934312559,-0.007155809328714957,0.011663766236641004,0.01270550754460431,0.026100372818591566,-0.007596458355111135,0.01714286483636429,-0.0012174388999924846,0.019192585601739198,0.008943535655159929,0.022556369412079613
2023-04-11,-0.02266846727293359,-0.007591160506113748,-0.014866405513192515,-0.022022120390757682,-0.004190891252546569,-0.009276538019942882,-0.010240548123673587,-0.00776058181714423,0.012357047570192181,0.00976045897430211,-0.015186473886224738,-0.002300949295752308,-0.0015283776417091,-0.013661168500830545,-0.0008645625856328332,-0.013832123004920094,-0.0002667414058045159,-0.005792913471715733,-0.005227613199556225,-0.016234937041025965,0.003923660153675623,-0.0010300664942664017,0.0025080646128334827,0.0021123905627336015,0.014791019294642549,0.0026607355233347896,0.004741571596175609,9.85660177927894e-05,-0.0023712075839164015,0.004918934494267724,-0.005001450748209679,0.009547451025353704,0.00462144285091326,-0.008064903434118587,-0.003119257401259179,-0.012438941120543001,-0.0007263627082577662,0.000986410789236336,-0.00155266284126776,-0.002826302937831149,0.0013107943377970166,-0.008413946075767176,0.026717425102681824,0.0066958144949598175,0.013739222661814043,0.010670213313318966,0.01465365495771409,-0.012613994288191877,0.000555543198095032,0.0014831595600388603,0.019517804311067755,-0.0030740604839587515,-0.001337147982130693,-0.006197322733127453,0.005662023830910412,0.0011637958846457686,-0.004874615121185477,0.010270730032398312,-0.001816900229436258,0.022305182293241632,0.0013450356144815157,0.02176025167337481,-0.014159810060698885,0.0,0.0067149254869525166,0.015532069526368097,-0.0010589379598722193,0.003836356310299882,0.009392403597178411,0.0019068850001711102,0.000731877396401126,0.000567710985624359,0.0,0.01308308845569961,-0.03059627900861217,-0.00029056441666786004,0.001526302356283482,-0.00016258348758202423,-0.01950409627202443,0.0,0.0004776115051898788,0.013827751196172189,0.009491049101039817,-0.0028565028846327944,0.011099538524836916,0.006254611982360325,0.002934374364801595,-0.0061775514336094295,0.024918240369329547,-0.0013360448691088767,0.003957020503727593,0.00962365093472628,-0.0007380524244695597,0.0009155473428572591,-0.012742103745806643,-0.005370138144104364,-0.008489017239289187,-0.030519436688099533,0.005817255070535987,-0.004901956201103785
2023-04-12,0.0023335703194284907,-0.004353214769634461,-0.02480764906256927,-0.020916697119598093,0.0007013976722158866,-0.007834990523677643,-0.006739431369304327,-0.008480979104647624,-0.03346003653646468,-0.018650331709217594,-0.018079304161561782,-0.021229392558424487,-0.001968076831156851,-0.0032873561781672223,0.0030704985443561483,-0.010075036197046638,-0.0029343277783334676,-0.026705535808915548,-0.010200866520021945,-0.005508579799107127,-0.01928091865222914,-0.02766792977574184,-0.012898160495963706,-0.0076760638428287065,-0.0038056096274676765,0.005411276720545644,-0.02532642155231357,-0.02057102764579477,-0.007488874182252525,0.004740967917317818,0.0009638109575245135,-0.0013239965242746177,0.0018586212722728757,-0.011192705427314542,-0.0014222511391464021,-0.020560421630487102,-0.004603795119978993,0.012810545365794734,-0.007590946044132685,-0.007745193378670523,-0.00799479507572498,-0.05218501611063586,-0.022582617315961673,-0.014705904261064218,0.03958108243870373,-0.004948849263386457,-0.016017521497196374,-0.0010872768288098245,0.008173039123987147,0.0072442111932498054,0.015061932446996273,-0.00965792189289938,0.0036343237536855533,-0.013968604917924066,0.008593420721388023,-0.007879109077481794,-0.021634811342019056,0.00528124553948861,-0.02335926355396012,-0.001912388899098394,0.0028358573344215987,-0.044818814000157636,-0.021306933532681205,-0.01638733264821912,-0.006205377187123662,0.00020590995685054736,-0.0008479351787723521,0.0007643001094745916,-0.0018989455831912583,-0.015121433318329713,-0.00886810765830659,-0.001134777745456561,0.01439389148556125,-0.04250806287343112,0.0019967636624396157,-0.003052423031278062,0.02188974541943023,-0.024223669394052294,0.0306861667015097,-0.0041608066912226516,0.003580497669871896,-0.0011021813331096864,-0.02285621460204801,-0.002175085740633298,0.0034305448637521607,0.0037607794838345754,0.007402467783295785,-0.009842037350637933,-0.026583998656986796,-0.015307592706127027,0.0,-0.0008493425695377255,-0.024224512017367528,-0.018945639357884847,0.06944970756753532,-0.0058974922175613065,-0.003863670729044699,-0.05827192684366389,-0.017075260895971556,-0.019704414983633067
2023-04-13,0.022399401468340185,0.03410363052421039,-0.0012078026400266229,0.046713683014299345,0.029672925717362686,0.012226330270952657,0.026662852941523818,0.028226584168854263,0.029688716127604264,0.0174517389157145,-0.002599431261825602,0.04579646472529153,0.00996936540621185,0.02408816889258225,0.007263073068685788,0.013769679072134,0.005752127897457937,0.007150583140896227,0.0034353719168949137,0.015445083263841308,0.010892663497886979,0.002739462253106506,0.008786243490736423,0.007775560887399724,0.018298539733184294,0.013817720995606297,0.016785037619343246,0.0025750875338208523,0.03234071363725577,0.021386803599460436,0.012091199735156932,0.01316287319823295,0.007606323384842462,0.009664225971846463,0.003275934481310472,0.01148214143784676,0.01351013791968625,0.013262988294145739,0.013385766206263305,0.01642073815566336,0.02276370062108124,0.022530620887261543,0.03190977580985632,0.02495818882040224,0.008148193359375,0.008620697287707202,0.013609667356492716,0.02748294752471292,0.012865128225055367,0.012081879427892517,-0.007211264291492547,0.009987057549353473,0.007623360050996508,0.02175564474851366,6.779691410230271e-05,0.004296339559221485,0.016219883807515822,0.00788020066890982,0.016307692259079687,0.012715546841605363,0.017859754496789337,0.022462601049809683,0.01263488249071365,0.01135925606906607,0.0023106021844823132,-0.021437418682759835,-0.0030766062906323333,-0.0028004229574859485,-0.004185715657437528,0.019345967269524422,0.0077483286552475494,0.0008521043673463957,0.01455660478784404,0.01267188918371076,0.03194909551750991,0.017203679372759018,0.013692983698272432,0.02182608069476566,0.018551848610157906,-0.004410455741190034,0.017045917487488405,0.0050342115301142965,0.005474483041430167,0.0059546514848378695,0.00683763292100692,0.012697103942630683,0.013681386840697751,0.014778933650908765,0.060170249779298635,0.010616499645541344,0.0,0.014357198485247746,-0.001967866458103651,-0.008590219763348061,-0.007559376964389464,0.01946859813764501,0.025520068589223843,-0.00142250762210272,0.00252171913844057,0.017587982745204123
2023-04-14,-0.012765600801139088,-0.0021139819394035975,0.011147570702572107,0.001074224694457282,0.005173584561249722,-0.007529175125846388,0.013404099760920163,0.011738576711413096,-0.004841279860318459,-0.01323590885854986,-0.0036920007754494,-0.021837711965334128,-0.004718572258035847,0.0015311961682553665,-0.006326605374638361,-0.005118077272401322,-0.005187196945035444,-0.008007872643464697,-0.007469706520021435,-0.00043005464443124364,-0.0023653128618260633,-0.005023351447009716,-0.000725838213218033,-0.005727022062616327,0.001725658235636196,0.0033180662354532764,-0.005872998918805772,0.004996468754648209,0.00769318326567614,0.0005099232249705654,-0.0012283477161230127,0.004486432063909307,-0.00713465156160098,-0.003120103530597995,-0.008943850950836496,0.001736141112349765,-0.0032424240897203083,0.007934539662210582,0.00031448558013225103,0.0011872966958497155,-0.011335844050263888,-0.01240330496515174,0.004444040511159875,0.015710006667768228,-0.0024247010746177855,0.0013148917842995544,0.006143085532109849,0.01337396955940151,-0.002544724500501805,0.004865146984435853,0.015784396432695802,0.002501209511110769,-0.005863392563959291,-0.002475822620257917,-0.00587558709664604,-0.009204032798682316,-0.004157109530458447,0.004951849014735332,-0.008405042621387082,-0.004987975895627161,-0.004679042223718066,0.004393823505475236,0.003935080363832499,-0.007487813486671491,0.010620766961217054,0.01773003759007885,-0.015643303198970893,-0.0017870742429525466,0.017768442920606198,0.005166518235652839,-0.012173929803704242,-0.003972848969279408,-0.006872434025148477,-0.017633704791618743,-0.021366677268196743,-0.007882979057272754,-0.012170604167055732,-0.010435401683318357,-0.011163368328286238,-0.017719709310992204,-0.0031961025617114336,0.006861533980434098,-0.009404383584956877,-0.011891548650503236,-0.010186795811112814,-0.014130825709753991,-0.005419424432390962,0.004253149202605888,-0.01522992215103447,-0.007441003087060305,-0.012668940234799364,-0.018065019577542252,-0.0012134359272618633,-0.006582556113559512,-0.006280639920309028,0.008687792312389364,-0.020028382252900823,-0.01851853487095878,-0.012856319177372955,-0.022222258851686716
2023-04-17,0.009296054408186816,0.0001209915432451858,0.009118777800473765,0.0022436418178335416,-0.011874146993479884,0.012622280404112285,-0.026637287156401346,-0.027772710953352986,0.011026990735853115,0.005373528829701435,-0.020490433279759857,-0.017452687525887134,0.005122350114675767,-0.0038483616328939263,0.007451254137758934,-0.005144482222409041,0.006016506299261648,-0.006491398010312843,0.007839448252894954,-0.003464514279727937,0.0034246857547584053,-0.009831714750660359,0.005978362664884829,-0.007719970703125023,0.007003317023842381,0.006664958220574446,-0.0014370134289157788,-0.01633254679257412,0.009883518504579136,-0.017330291945589882,-0.011563583444285097,0.007816100570852136,0.011404760077291298,0.005623112027327348,0.006446133696810685,-0.007812561664360174,0.007590328354433407,0.008624153628399744,-0.003903768242944472,-0.04076858853501064,-0.006478673362279586,0.018764725729016885,0.009878011263196429,0.009815549295508763,0.0117845679780324,-0.00032824431496125683,0.013257711494433,0.010453457004029554,0.0073483477080906745,0.005614903175001906,0.007425755039366155,0.012532569346258127,0.006088274095571666,0.004219363739944582,0.00684233079622576,-0.018186567893475614,0.00814266071801395,0.003889981997913905,0.01248326636220165,0.025497015172406545,-0.005288682414654633,-0.017822460581050303,-0.00401527892038378,0.012699637265597419,0.0003530343049897855,0.006348344439249143,0.00854055043813351,0.011253259810162675,0.005068527415871715,-0.0020104069314099693,0.015289117437677024,0.008262134704682733,0.004249101158802837,0.013733535699579136,-0.08357736710819053,0.006789962617951506,-0.0031140448826554312,0.008403396733741575,0.037433105384582444,0.012817400596715434,0.0016422857586766426,-0.014583612576926974,0.011825434271254931,0.010483479806875362,0.0,0.0016157487626788924,0.01412559350031617,0.006288571671955623,0.005376665234167577,0.008536212696185208,0.0025663003527534034,0.0013276376832629389,-0.009111594351166041,-0.008248825362068724,0.007889236606375194,0.010644328933469893,0.00859614385810814,0.05442670642478209,0.017553763795066457,0.0075757502779743024
2023-04-18,-0.001488894369654492,0.0075047238711354325,0.024627896765545776,-0.004282604839014548,-0.004432062587946706,0.007906181599830253,-0.013871861883266057,-0.012215706114742653,-0.014595786064655836,0.005992613354754983,-0.0010014906479857144,0.0029454525809466947,0.0020602054166427575,-0.000979110980150244,0.006954571467433501,0.0005967103166775178,-0.0011296309571404706,-0.008544116824707015,-0.00964528537116982,0.00568065627667802,0.004725657769879321,-0.004651617033744171,0.0014996071529269628,-0.00798166214322038,0.001450348133489765,-0.004700333224004094,-0.009753767211732045,0.005500733639698385,0.007709079589723666,-0.007902594785697215,-0.014309391524739756,-0.00369304686086791,-0.0038503681875236007,5.2721983698766905e-05,0.0034158533514443423,-0.0024186233423273418,0.0017936330360548425,-0.005766572086854049,0.0006312376254868912,0.006713256149862401,0.0028617029455417775,0.018999350920517744,0.005118868003361143,0.023033894916697273,-0.007206742881008754,-0.001313658933500883,0.02599642179617634,-0.01176779568811459,-0.004545664430441687,0.014086966387947042,-0.0024570065510107764,0.0072775446245927355,-0.0037821626115670526,0.043994133323578266,-0.0027093203527752685,-0.007462653941384456,-0.010632869251472221,0.003745814032370731,0.0018265798216079432,0.0023598716872819114,0.0016245844312348101,0.029198292460422604,-0.004703377446094947,0.00285567078376725,0.011184089968450106,0.007569938726664338,-0.008789791904565636,-0.002023313839208063,0.00579001780524524,0.0012460668657694463,-0.0024641475204746355,0.0,0.011363665710040882,-0.008290231078158516,-0.009307469101402899,0.0024393480124820233,0.01887816707183032,0.015032649631965933,0.0022910033003906705,0.0042184277689232275,0.007495248605199123,0.0005531574611992163,0.00609051739728006,0.00725172099547855,0.012006874307032067,0.005047620491989369,0.005578283015537755,0.010202721400329073,-0.02463640722171112,0.003747930022118595,-0.007963560310353168,-0.01922529453264521,-0.0019922950715397514,0.018407501648839864,0.022904130561212543,-0.0005627890044216377,-0.007348795201267744,-0.017893962834530153,-0.010016605715359228,-0.027568895948097194
2023-04-19,0.00027748063667720757,0.006968244450070493,0.009541995889442267,0.019550341547772243,-0.01005095436936465,0.0034476098344671247,-0.003062198036595354,-0.0009513517970192176,-0.020183393575926356,-0.0017508454978342192,0.0017821749196356151,-0.03170517441659482,-0.0005951447776973984,0.0067805526191608845,0.0012059156611794464,-0.045120262289811586,-0.010244867415421965,0.0015207866191919717,-0.021363503198419287,0.006552325900900824,-0.0005226145159247242,-0.008358050986188581,-0.017968086521527704,0.00048766864871585547,0.10877157114416103,0.0044686178618882355,-0.020668476876947506,-0.008781327384365656,-0.007564821506769959,0.010149218429933216,0.001051936950860366,-0.0069502360721663825,-0.001288487155571394,-0.0054330560678798046,-0.001985806945367874,-0.026804186090064408,0.003938909475566188,-0.023399963378906263,-0.004363493136893881,-0.03066861638627827,-0.00046782102969022965,-0.002419666854125757,-0.00997368985510294,0.0002879364891359426,-0.02603023115308023,0.0049325754450155745,0.007634835255265537,-0.014394118038177361,-0.012068405348393263,-0.011847160700044879,-0.002326192729692478,-0.017009930105405302,-0.003606655763255917,-0.028645900830699067,0.003033587644180713,0.00362508902923242,-0.007801976641610864,0.004761327383105973,-0.004507467224128314,0.04363913586217638,-0.007372456535681193,-0.010578616026106546,0.00549715190860689,-0.017209353069445266,-0.006389274853187965,0.007600512275860449,0.011571316975225177,0.00025347532849795407,0.0029712135923085636,0.011573917585574245,0.004300032737291293,-0.0011302886752533325,0.024982025417209064,0.0010194748224652272,0.001332135139183066,-0.002433412073576835,-0.002399364345911592,-0.00820988941246481,-0.006357138497488868,0.004434129478930959,-0.006664605200688456,-0.006980885802913117,-0.014234275966763965,-0.1322717907246863,0.03593218528618247,-0.0016567881663089867,-0.005309184323874616,-0.02891050299199216,0.0027722827004521555,0.009334743775033294,0.011897852297070077,-0.005793728160157774,-0.01750619097456252,-0.005957955285559424,0.0011304108992866713,-0.007722621698388776,0.014587356968904563,0.0014015068989345902,-0.021079256925315537,0.01288658526843589
2023-04-20,-0.008112417252349569,-0.0058462742813449875,-0.02960863945422143,-0.0046980391066805405,-0.012192812523101337,-0.002332514529156837,0.010654642033979922,0.008379403075048586,-0.09745828230593856,0.019252843208013237,0.001890128578282635,0.006901494862672886,0.003302298648334867,0.0003946868533952763,0.005584321695424332,-0.03039132091275132,-0.019088562718054147,0.0008435842192404674,-0.009309759606102808,0.00428742217328959,-0.0135947832095078,0.03670475970794507,-0.002597733844085126,-0.011169326692703874,-0.0038851982237108063,-0.005358665242790717,0.013355276804867477,0.07229854448265582,-0.005795361320877879,0.002131166580721322,-0.013302685211889043,-0.001026508086901634,-0.006542564563542297,-0.008326742502294038,0.009522429834185386,0.039998840997728546,0.00689575349953464,-0.015615415407470246,-0.0031945283157965854,0.015987864221632453,0.0002807954280334979,-0.005706861426502008,-0.011098471361636886,0.0002877657649917875,-0.022133572241801347,0.008180628415213498,-0.014154845710580899,-0.023101405613642045,0.010036819516526796,0.00691768868228726,-0.004526152989705379,-0.018345959211283347,0.00781100846449978,-0.03802090190119389,0.0002934250068362676,0.02301004977529275,-0.005103347048735829,0.0,-0.009768000573834756,-0.01554947037115606,-0.006238832009050066,-0.035153056618129064,0.016976756251679825,-0.02368351371210231,0.017805026544983393,0.0025432931359661293,-0.00032070535603223593,-0.001520176626180203,0.01092390614558969,0.005966727643418546,-0.006376942421874476,0.005091946617976628,-0.008746355685131157,-0.022317959461270243,-0.011763113348373433,-0.009757501526097778,-0.004142137543595825,0.009900999907620056,-0.029832462643060054,-0.000929389281516313,0.00483702926668772,-0.012041454371738203,-0.0046472826439315496,-0.0026647435466188307,-0.015379558951834515,0.009023909181007816,-0.006842987905632869,-0.0345813325017571,-0.03391290856772966,-0.0028669852080347447,0.0014167177886923454,-0.02398991105930992,-0.020006233017427322,0.009158869688466575,-0.0162424664448777,0.014511560094610632,-0.026164662763369928,-0.03219034565254986,0.015503791916215537,-0.033078908965054055
2023-04-21,-0.0012232204531675839,-0.00978091619394783,0.0005534013125576553,0.03034391291745231,-0.000844830001326291,-0.00018955975085332977,0.0011397354500766177,9.444887711373973e-05,0.012822849668400638,0.0015230419551821583,-0.018643882963005898,0.00808361713070238,0.0004316723156763125,-0.006811119421910816,-0.003103347296845471,0.009660732729773747,0.0019185882870551563,-0.007417374055505466,-0.018146512061414932,-0.0022351363738091212,0.00026509770346727635,-0.008130084012046401,0.002264801077635825,0.0016429552511862955,0.009448228116046176,-0.0034053274152239243,-0.0053693137206829444,-0.017720156392438957,0.009982094806686437,0.005893976841501614,0.003295332619051461,0.010649223326946178,-0.0019014396280711,-0.003422822784641788,0.004082794882602103,-0.009954460406790044,0.022198573612259187,0.0050969766773933944,-0.0007945433703478999,0.0014204639874086933,-0.0034155043378639727,-0.0066006466976294975,-0.009159259688387933,0.003740844704319235,0.01816922489368844,0.032781572424183114,-0.02449325581507744,0.008154368839222492,0.002135545419311047,-0.0017120126999724539,0.007853398738553619,0.0011791782383501204,0.0032135758798068625,-0.011401083076314045,0.005009141019593821,0.0010461858215979891,-0.00031404112868549383,0.003970255524128996,-0.0028257452398402494,0.012603329934998797,-0.0017937629872192273,0.02904633146990032,0.002735083644874736,-0.009032218686995996,0.0028934627767116528,0.0056501812456737355,0.004384515274820977,-0.004821076565456051,0.003846207051992012,0.010272943265331902,0.004125762808299793,-0.0061918776685703225,0.01741180419921884,-0.009791692097981808,-0.0020546499035487553,0.014345715593736763,0.01435663105258822,-0.0004822017583657745,-0.0029639088276092185,0.0051163074582121215,0.0024068132860926017,-0.005988488719848473,-0.008003994204866194,-0.009412119637510208,-0.014290472017122857,0.011461738052640946,0.012815659081200748,-0.007002481248344017,0.008267110027076807,0.00037098504454746717,-0.003536567992160178,0.012140523899274447,-0.013078144893881705,0.007607603224660142,0.027988681874934196,-0.0011986697028170124,0.009443536223471716,-0.018076645074413533,-0.0028272116805451164,0.01052630588288439
2023-04-24,-0.013962838100494368,0.001878545331279513,-0.00283929719657805,-0.007011967150520215,-0.00046975482081046405,0.002591173250150458,0.0053125655928143445,0.008214475376311814,-0.015325895028073244,0.010012851314515903,-0.009725213246451037,0.003170857956301232,0.00048539095039679125,-0.0008738239153500693,0.004915262697761991,0.007654701673308173,-0.0024620476497478894,-0.0034816886436114247,-0.021122092599449305,-0.00913975499115205,-0.014043523328631458,0.001322065283706042,-0.0063270271661088895,0.0024194059559334846,0.0007993812317605986,0.003569955843050865,-0.026500944189039255,-0.005433201618997074,-0.0028430213247494507,0.005285571957341917,-0.004608298092255936,0.010167283938428806,0.001208096736791786,0.0033273070095605206,0.006870413150115162,0.000940952502532566,0.0015016432237060506,-0.006727053307931774,-0.004214590194381862,-0.01117462787475243,-9.391677211711968e-05,-0.035822667003889586,-0.006474700873371431,-0.00045869978427204305,-0.013988703996337448,-0.013827798185968798,0.005367989147896379,0.0014828877042196709,-0.004153355692672833,0.0035295055930153474,0.008475667864041858,0.00041215441297248745,0.011871133818315727,-0.006663304284475924,0.005276051467623333,0.009666856097565457,-0.00994821247513622,0.0020411234003723244,0.00901643584429479,0.0008081990738546541,-0.007936489802111035,-0.02300538140561359,0.0008465384456686209,0.006119707976988575,0.00944946384216161,0.016024068339078434,0.0034071518426628256,-0.001019911123975925,0.002006874528339253,0.016059702518105068,0.012509156214156603,0.0014160077914460167,0.015147982281949357,-0.005650581380470254,-0.01924037342160645,0.0037143162318638012,0.0027777657236929265,-0.011738214477509445,-0.023335310988550906,0.0053215996237907515,0.0028657355389853922,0.017010484212684807,0.00016806725922191568,0.017225510172775182,0.017869207328797376,-0.005030693979116929,-0.003265388234180322,0.008679134908992081,-0.02358880744986902,-0.00185433164364468,0.00837587049179045,-0.010323423771651297,-0.014544303657787916,0.016358706741122386,-0.03822036362259085,0.02240181694226151,0.006105124267185458,-0.01620031430521318,0.006521109703748307,-0.015624985448084439
2023-04-25,-0.02253602524585896,-0.0094356592349637,-0.0296206248350237,-0.03427172037496595,-0.024625172234151727,-0.019730763907131244,-0.020005687667840166,-0.02032214079183947,-0.011565701922588656,-0.01613155485391604,-0.043051235082843475,-0.019664462454389908,0.022695453983111458,-0.020538506586140537,-0.0025814846928655655,-0.006330433444278083,0.014671598661001095,-0.028120966896229005,-0.026298067790231805,-0.05084558776349457,-0.008331028385408112,-0.02640612607942061,-0.03700963463743501,0.001718135300424084,-0.018271950976860074,-0.0041670498552516255,-0.023021323651912118,-0.02850033734388502,-0.012938034859662162,-0.002734057421349023,-0.009359581881906665,0.0004574565096941985,-0.017543039670868454,-0.03112969145923261,0.009608723922365225,-0.03913302276966035,-0.012802775656545973,-0.04886683914119927,-0.02965372334829819,-0.03446076532392173,-0.04263312054278823,-0.03250933586434923,-0.03460211559022164,-0.008432290513756269,-0.06326681561929037,-0.015296352934147217,-0.03113163458197099,-0.03378654065551179,-0.023888554995047828,-0.010187420324558993,0.013962402813640473,-0.03172640772860502,0.00949717531261518,-0.04772958086258028,-0.02322678262291955,-0.004657790219785629,-0.03284145949202566,-0.012985413530650525,-0.028747905072004754,0.00104980417908207,-0.046490593676297154,-0.051102226431328446,-0.022272367869731968,-0.03753065901996,-0.022445388122270704,-0.04251779488888252,0.0014855623177201238,0.006635995903727876,-0.025673705288092985,-0.04046777259789125,-0.02651278255558087,0.01498865300193808,-0.08429207710111863,-0.0208263591890403,-0.023454506352103333,-0.025049844615972483,-0.001978550340519969,-0.034005860457552606,-0.04595952670584191,0.0036823899793478887,0.00015449701205616506,-0.02899159176844246,-0.01747900698365279,-0.005001818843215711,-0.029811182597197172,-0.015781390652347516,-0.036242006488851786,-0.05418121710285062,-0.07589949089400871,-0.03179858493004073,0.002111805271811873,-0.08285320548249209,-0.04116100918949195,-0.007168031118144236,-0.04933917985578273,-0.006103754391648231,-0.04531367944700393,-0.0411676086223296,-0.017183115784551006,-0.023809501283202916
2023-04-26,0.0724347567962329,-6.112087295517821e-05,0.027247413576850565,0.023496184744855597,0.008913470573475246,-0.009372716161510697,-0.0013480923611502993,-0.0015295254868160635,-0.04306963495243776,-0.01691279197592166,0.025536984626679526,-0.00434039358074001,-0.006167378558470382,-0.017668223826401763,-0.005612154885564435,-0.011679745917994477,0.001891883643897696,0.0009644945849027753,0.0058864294056106825,-0.014601087490874631,-0.010298131501396579,-0.0027122597423594463,-0.029104390421779036,-0.02478863146350274,-3.393485976055377e-05,-0.025821660767603616,0.04953562260662836,-0.0046426145012237185,-0.018014949600341557,-0.025999473001049433,-0.014666046302088898,0.01948056479012683,-0.00406254712283638,-0.002649860489987943,-0.0023448023302802268,-0.0010901876965409008,-0.021614657708567964,0.006682291247036787,0.001563677409616604,0.005513678299108538,-0.001422232931895251,0.00882625702481965,0.004944862602772604,-0.044776151022994704,0.01612772162172882,-0.024595476966481122,0.01044400764804343,0.0039007910846835525,-0.016531663711873423,-0.0039654222953450224,-0.022727332998374372,0.005167210355718099,0.000922324993635204,0.03169878050608044,-0.014427468835589985,-0.013908744190557765,0.023403317284683256,-0.005417234303600527,-0.0016298449421179306,0.00782511477788983,0.003641022061112942,0.011967622471453776,0.006343675768041512,-0.00349606194202301,0.00034871619233345363,-0.09974366205187624,-0.022568312305612293,-0.0020283473413522657,-0.01980933642016569,-0.0037042578155861428,-0.023899900644713923,-0.010866519818357068,-0.003358584962263045,-0.010217933980513738,-0.030985862601215275,0.04992698056854472,-0.026566244236610803,0.010611438090777803,0.10496088946401771,-0.018803019567708468,-0.03382237261326615,-0.017225357954014697,-0.001026301052571954,6.053241353631833e-05,-0.018094935816971636,-0.01292099738682062,0.019935571721278578,0.02274340453197965,0.0606738996414089,-0.004669081917686668,-0.021073335116169267,0.008123916837946554,-0.0037626341048412337,0.005710128076281906,0.11887650708400255,-0.042595099371045,-0.03534681805863604,-0.01795476099738691,-0.0022928637935475393,-0.01084009789505469
2023-04-27,0.03202759796683097,0.02839526936524983,0.010016368272315113,0.046103983455159314,0.13925503587418664,0.0036027372958491455,0.0374119881175361,0.037529975230945256,0.041886194740853755,0.01336268407113339,0.01745403720488259,0.014634944095767821,0.0060995502080460895,0.023026540862000067,0.0017534647902397449,0.0004297476873704742,0.011195061207008417,-0.002102360594472552,0.027883008418728483,0.03737005317597464,0.10268345983009963,0.012419570092496057,0.004925194731403737,0.006448883025345076,0.0032547531884590253,0.04038767396738607,0.014421518543323186,0.043204706505134194,0.016197084866866884,0.04970617980508396,0.01836758101200986,0.011482899123348655,0.02528104057659597,-0.016827236152433867,0.020599997595047714,0.07633767185779772,-0.0022688657375034005,0.007236530168343247,0.009011253053742951,0.03306520350631015,0.02087323799057006,0.014888736730386931,0.0075184634767597736,0.0016352003418442784,0.01554947037115606,0.008294625250917065,0.013810693970879084,0.03066887537257612,0.025453227298234626,0.024010255435060524,0.0077975336076923085,-0.02515877537679101,0.018798387197127564,0.014443256581254005,0.05087582371975907,0.011732130009065589,-0.00016028413501756322,0.008429535997068083,0.0011058805719692533,-0.010806039148509972,-0.005362778302917093,0.0159999681555707,0.0081184921517794,-0.03116984940722145,0.013782335220708708,0.025170210519555036,0.006070434239498601,0.008130073421291018,0.02840796648419386,0.006605169200015304,0.023441145742863823,-0.05521124181613113,0.017473712537336317,0.0689891612772553,-0.004972413482363325,0.07299777716438993,0.0017650678985021706,0.07033335367838545,0.013570123963624336,-0.00023374938108122745,0.011109329916366262,0.008252427833601805,0.013869820846405423,0.017623569211252077,0.002781638493372318,0.009883318634990479,0.01971945739230674,-0.027380037176731542,0.013378138301097797,0.012080741175944487,0.008323792028049226,0.0037605939106988284,-0.004120200488700321,0.0009136552473536508,0.011459976968977603,0.01932564558889549,-0.031143378437268887,0.040540558980511454,0.008330855771025325,0.013698616715036138
2023-04-28,0.007971732770402085,0.007541054486406518,0.01920950665230725,-0.039792412663683385,0.007377639938115355,0.013081979927218823,-0.0023236361047440646,-0.0013841609493143725,0.025719427270091355,0.003890143534960533,0.022072281007415206,0.012521057222167231,0.006326094853696063,0.016531107395627798,0.01042007823530211,0.014819557696679864,-0.040282836111611986,0.02528094214451615,0.040187502714746026,0.03446269088152598,0.02731558136620338,0.012088095186533865,0.011677815852170648,-0.0024964252886275906,0.017910203948618753,0.006193020108550051,0.03974150280827038,0.010002124332499696,0.017757599425629822,0.0040074723420111535,0.011990559345018248,0.013658544705342335,0.017764601558265758,0.012723847695941704,0.039284767513785734,0.004939667803988135,-0.016038347317055668,-0.014368995643266103,0.007953507313648078,0.0121098392273975,0.0076493617493593735,0.030701734648699963,0.026162279615841166,0.023882924982279174,-0.047600157514762764,0.00822639042517248,0.03835139409063171,0.023293435238024962,0.010979951220073447,0.0017910542870753776,0.013845585690416273,0.015819858633507655,0.013024624395845175,0.022003584018087663,0.00397365832776897,0.008469075255751246,-0.005290469017964483,0.016589517490847694,0.02461728820554443,-0.01812595452317889,-0.00015861300368924525,0.04741527806545087,0.011179538333098371,0.016573743195441137,0.004893160625316639,0.022923991536806243,-0.004202126924981564,-0.010332657365394016,-0.0018538835125512243,0.015558599770730819,0.018731494260550097,-0.025044726584936172,-0.0022080509395002723,0.0757111953523888,0.02168057128189771,-0.002850864661438579,-0.007590099862550992,0.0018685006992622544,-0.04030767508841282,-0.00794764287726979,0.006086448739738737,0.02998695829971587,0.008444519637412329,0.009284041956357791,0.01386961221962335,0.010463271436612187,0.03578241087411582,0.02829373581821759,-0.039734671526219234,-0.0034285288008432113,-0.004981475426693915,-0.035538426031867076,0.013618357841498119,0.002216936868387309,-0.004108695774699078,0.0027430736236897513,0.005724341564847357,0.03972494255369052,0.004273547931618937,0.02702700090373522
2023-05-01,-0.005532813099654588,-0.0005303886243240852,0.041839404222597354,-0.032242712137328766,0.011900737618171231,0.01827615675503802,-0.0013042611740710086,-0.004712642122322364,-0.015093395194377579,-0.019136768927014436,0.0035806163700320415,-0.01760978900849175,0.004138473930843656,-0.009031686842248643,0.007741197068792616,0.001904765134135289,-0.004794907657282743,-0.008219235349178677,-0.0244687779120919,-0.003243613924566624,0.00652647968901876,-0.0007077929038192821,-0.0031100734566514854,-0.0035038440703782925,0.005975658275261475,0.0032025590541260307,-0.031230610894481314,-0.0004770263926264784,0.0017794034168108208,0.012531884119368675,0.00614873322302012,0.0023623820185807443,0.005090886896306879,0.014787571331528637,0.006517205318618657,-0.00545872567521144,-0.009609547796194495,0.004603728526700657,0.0008078955807699906,-0.0026064962200677,0.005729276513375847,0.0064562700243615545,0.01108426233311599,0.004724241579417088,-0.010495644349856725,0.021540465422955846,0.014623548314335322,-0.011710518284847815,0.014371324282938636,0.013397845940906983,0.0013388468449915258,0.013863374480994839,0.015000002724783856,0.013424487979790234,0.008465645177557546,-0.00452194402094519,0.0010744436923713074,-0.008222662881534837,0.008624713755713831,-0.02389973614643004,-0.0038064689401052787,0.01650600030884153,-0.009182079322683112,0.032744204132040045,0.013318236665015748,-0.008271245335065625,0.002488675194660228,0.012477663816086393,0.013744459070756943,-0.005201555468841601,0.0019115154133075851,-0.003975567739514241,-0.006884651878609538,-0.005939794870895021,0.0038377192352945233,-0.01091613217938947,0.003824075042731634,-0.02175936883535634,-0.029385512143793147,0.0174364208862412,0.0010999323616525114,-0.0018987642634001878,0.0021772076722246236,0.004304563960681129,-0.012311922475018444,-0.007933611258000739,0.02261438423819251,0.0885214400726213,0.012799670477953606,0.0007963812095641565,0.0037189886027262364,-0.01509434665242737,0.0064626032830918945,-0.0002602858836402433,-0.059134864328982406,-0.0012068672039100559,-0.015810469150611905,-0.023512101608850755,-0.018156011053856336,-0.005263152941442195
2023-05-02,-0.0004908819795876873,-0.006191420923589042,-0.024213074549343183,0.015482549283793778,-0.016201938075843914,-0.0401441881989516,-0.017537288310984334,-0.016061607485320817,-0.00939259874721976,0.002471689519144782,0.0024529068426200062,-0.02027029317288287,0.002973744501247433,-0.014673233526482199,-0.006097040177693969,-0.02070129993826697,-0.01990088659942546,0.0023308380610904678,-0.0174917093281185,-0.013672048489369204,-0.010566729902939609,-0.006994185989175561,-0.01643862703848753,-0.012264515490321926,-0.0059401618976612225,-0.011073430107810922,-0.007217272802804708,-0.00372260493559462,0.009275037298013489,0.002985503708106796,-0.010251337262527138,-0.0008728917270616199,-0.020712743904627073,0.006135698571112291,0.00492096927494079,-0.015555447240541809,-0.012036302500346263,-0.03497001394102217,-0.007507692216728201,-0.0018104918009473892,-0.00797527996419889,-0.0641492073393467,-0.027801674990079128,0.049782539385729185,-0.0172573704517065,-0.0073482283655776914,-0.006918105341443326,-0.037678096232962366,-0.007440738853842888,0.007444109430995605,-0.03155502849929226,0.033130535401430405,0.012315284325480125,-0.012996667455158262,0.004557042312189452,-0.00337445977848716,-0.017226529559748682,0.004081628681073202,-0.020613849578024257,-0.0027017873035127815,-0.021811856657029227,-0.009324788166245046,-0.00926717122395837,0.009817000797655462,-0.011013247985470431,-0.006829429649555907,-0.014786861565235565,-0.007796719609665104,-0.004214059164848294,-0.04538398885559891,-0.022440276438188023,-0.0009210555596548264,-0.028719976849254536,-0.025319905410581378,-0.014992504434085396,-0.01786888187419866,0.0027210469148597483,-0.0057196822928040625,-0.020795115881050985,-0.014126924641972405,-0.009888514557701678,-0.048474529550211365,-0.007687150456211378,-0.014443439455614548,-0.052977798606565596,-0.01864263104396835,-0.005882120981098304,0.01072381358680885,-0.015981272757455423,-0.017029015739422948,-0.015248677821652845,-0.019607819536357374,0.0035484806250378753,0.006637627933980594,-0.034459842459443446,-0.020299634730597038,-0.035341772442133323,-0.045146755695405494,-0.03207167266040356,-0.026455001425780944
2023-05-03,-0.003307061830045477,-0.006467285993302041,-0.014463016666318662,0.00019303553981586674,-0.009237613539221923,0.0014044245253388432,0.0008545762205274254,0.001320998162048781,0.0018713932775662467,-0.009599644355281045,-0.0922033208527272,0.0055109433704054744,-0.0003641473301365661,-0.06350025343016463,-0.01767378768214445,-0.008628160496391146,-0.0032060198509931137,-0.028249063491990523,0.029559931045856302,-0.015602799092513497,-0.0075243050376316845,0.010074868192962771,-0.003598855246458199,-0.028223942143731473,0.01274814528360979,-0.0015131030025242742,-0.01599356468598634,-0.014045407030855106,-0.02571384423521883,0.0009536357351378477,0.00591141665848105,-0.09173510470020962,-0.0025861160799695027,-0.006914974665890972,-0.007474250547158334,-0.0007398567056822181,-0.012307377711545886,0.004353011900716908,-0.0022503229197254893,0.001088246123634562,-0.0072737917575814715,-0.010437793397097384,0.019311322557684862,-0.0008958270061172335,0.007966423866660133,-0.004505934696605762,-0.014264398694511793,-0.0117598019988423,-0.0018959098412005826,-0.005178785845412315,-0.011045189125874488,-0.0230307100154723,0.014250950326331058,0.0007596550524644474,-0.009333191052213308,-0.0036462921729208952,0.0010375276379632759,0.0022865892071206595,0.0066521088840933995,-0.0067727991293241585,-0.015462190258402897,0.012009115405613668,-0.007444867846604919,0.0017077935986256065,0.006224543971601992,0.01616125102242627,-0.004491630567460492,0.020278814235463516,-0.004967739662310455,0.024498227501889014,0.0006505547938371326,0.007682851658455503,0.01593168512090104,-0.0009238224104759496,-0.00958899973639682,-0.014046863568666357,0.012075975936246763,-0.001118624280492475,0.028107360971739936,-0.005637722938454992,-0.008639853643350293,-0.046427279753988304,-0.008420343398553465,-0.017216724527226113,0.004021890364486191,0.07932059388325863,0.005561307641916091,-0.007452271713226488,-0.013726584820553667,-0.002687705039046695,-0.008683046126922833,0.004252905133126816,0.0006735294820412463,-0.015385641251857929,0.011606031081898394,0.004275584865344184,0.007071067832180811,0.01103233632404299,-0.04597017658290581,0.0027173886635465383
2023-05-04,0.003318034776204515,-0.009913429037699317,-0.008632450871603914,0.0033767339022539034,-0.014808229021273212,-0.004957663082161834,-0.006830482835491369,-0.008575232176373904,0.003673471985857102,0.0005713561210705098,0.0611369480011259,0.004635173952113547,0.00624420986973262,-0.02728461528670345,-0.0074278190014615,-0.0056570567169798025,0.009648994420633938,-0.05539306832023627,0.01924959738763543,-0.01675778375825565,-0.016385379773689257,-0.0074146346588124246,-0.0064279339609722985,0.01125115284341427,-0.00606440083367632,-0.008789681926405835,-0.006567091231012401,-0.0044893549963958,-0.016113571185794595,0.0006640807138695859,-0.0613692980018371,0.007310524652976769,-0.010047218315916595,-0.005811708767700763,0.003505638590354909,-0.01306291420789829,-0.01170547943232314,0.007598732505342598,-0.003750013268512209,0.0004883851078600898,-0.011665452902123175,0.009760688403914974,-0.052039458011203465,-0.011039513894049002,0.0017846442401667773,0.012285779405666997,-0.0103483371244949,0.0053198551280200235,-0.0001747059848860033,0.0020930289080907105,-0.008515993769948826,-0.02249942902477431,-0.00925292854489046,-0.004554663539747539,-0.006441440679444965,0.02718591221519784,-0.007636968685024059,-0.008491738352191969,-0.003458947751683983,0.0008523565835425462,0.011406821087171615,0.007536902118392641,-0.0111548808206966,-0.0028852619108606925,-0.0027667508146358433,-0.026288779244583615,0.006272693711849353,0.014658388884171147,-0.0011094928117506564,-0.01946406254411559,-0.004365201343884517,-0.00914910730967644,-0.018190904088526638,-0.02275145770818543,0.03219611542229295,0.00868384553798407,-0.002815378667152202,-0.017117256815788906,0.14520057289988864,0.0054334876514838815,-0.008475234358200856,-0.021664862105712945,0.0675950996949215,-0.0067284997401834135,-0.008739977389652265,0.00877576739432362,0.00826368914539799,-0.009544413114324968,0.033829431464497794,-0.016331695635527388,0.008905118399292977,0.0042348072056341834,-0.020360071988208883,-0.0041363330898231965,0.07586611374661745,-0.015228431469185066,-0.0012210758246318232,-0.03897116157235103,-0.012828531262734089,-0.027100309349716856
2023-05-05,0.017157231824574737,0.04692692172716728,0.04056306826007949,0.015961573674128537,-0.003168916921998055,0.03271276853804417,0.008405742983055964,0.00955229790099188,0.05496278398315546,0.017783581363601808,0.03729356546330531,0.006172488914093499,0.004602334094405247,0.03742967521309737,0.015437936565050325,0.012034994045483138,0.016282055367392134,0.020641742451173117,-0.008002560878093479,0.008285003903100163,0.005221260022353347,0.03210316325764917,0.02168825758640569,0.02000948467748187,0.005507778354268966,0.011211889382100715,0.011898880196248518,0.034202756257342815,-0.013162702992988828,0.004327880250004856,0.010903553151542678,0.023777672218717072,0.0078106645527071805,0.01136048937181977,0.0034932933092017837,0.033303840285867414,0.015664842199687,0.027484488687347763,0.013474449040421943,0.024045381977439106,0.0010242731069478594,-0.016838135744225213,0.024897361762952208,0.0005100385248120176,0.03876823720142819,0.017566309606854125,0.01929783495251236,0.044005065722651615,0.01843077015351091,0.007669109720372713,0.024500219310189753,0.018499384347569148,0.03268764094818244,0.04143368230282052,0.010231948527934742,0.011451858605635135,-0.002418659003050494,0.008436610052328986,0.009894854034026013,0.028955898304366734,0.05573710388534203,0.0011141125701770171,0.015656915118962278,-0.011179777558441129,0.012170847317694466,0.015148639297540623,0.0073271888785724215,0.011753171901149218,0.011847452503241485,0.04042508162546876,0.005876911387569184,0.022776171915681154,0.00932782657312381,0.005934994355936807,0.020174133984502296,0.0034974730836507817,0.011965574381727295,0.020507847727762263,0.015517216780741583,0.00681384143497854,0.011370018614836441,0.05405195097591631,0.006840602943057661,0.012998931251547496,0.036737693799624216,0.02488341034537922,0.014318940362598287,0.043556460360968385,-0.09543490191919057,-0.004224976285314819,0.00665604225741756,0.019603387993850863,0.02043968742284763,0.024986871887731965,0.017028422702351165,0.03516796973614267,0.017116661019437984,0.04541771476737999,0.01965131368866957,0.038997244638254935
2023-05-08,-0.0064381137591988935,-0.0004033376808469935,0.016422671454422222,0.0016089169321718,0.0021050154469184346,-0.0016822153983490074,0.02083922472863331,0.019065118822176208,0.010172855182730478,0.0,0.05788073007126315,0.02618038615003493,-0.004735667620900608,-0.012456935746044007,-0.0019105868351179112,0.0019459492451436855,0.004318717802530347,-0.0043206584480360855,-0.007099042109691367,0.00220683745619743,0.003957453529665811,-0.002671011245172994,-0.009649053388275486,-0.00807510113713561,-0.005871190357694678,-0.007408533586677479,-0.0058794808597578685,-0.005606372099689505,0.027310909797010563,-0.011491281111443374,-0.013095369096524312,-0.000373108067054706,-0.005615330792042905,0.006161758474144463,0.007091323737372646,-0.005548967038626174,-0.014545500465321326,0.04126576359984324,0.0004844242570887225,0.007181053723644748,0.0015591115614170814,-0.01744374032450091,0.03289672263695209,0.007815538125280241,0.08133937902895272,0.0006277008798467598,0.04795662991512928,0.007336206661437306,-0.013144080766328448,0.006228858148638716,0.0002748301605182135,0.007373190705767918,-0.011220870527856697,0.000976253347287237,0.00028377910634369563,-0.00981253994538589,-0.010359211308589189,0.006718199814898407,-0.015132845548870288,-0.005297131197359639,0.023068672823100655,0.06152615299373676,0.0037341955240497438,-0.012104331716087047,-0.012541713973477808,-0.01681542906817357,0.0003256842807306537,-0.005808273609440362,-0.00585436691762764,-0.0060594720756876885,-0.013910785259469427,-0.01143548219530488,0.0054437310647530435,-0.0009975946912549327,-0.03860182096687326,-0.004021386441011132,0.0007971992914099779,0.0314194159814154,0.025728107986871196,-0.0018669316034103378,0.0027109230764550407,-0.0015813758210934115,-0.026070493000642347,0.0008434205977190246,-0.003897898854691828,-0.0036039915972466696,-0.011601592371660807,-0.008618623086874444,-0.042142499084618756,-0.02436358486462431,-0.0035935029624356574,0.20634919822704,0.006564541165630544,0.0004501965966432486,0.023374360920803916,0.009477152718098125,-0.01983375058215875,0.044220300980789995,-0.015853228180333523,-0.03485257741988146
2023-05-09,-0.00534584133845073,-0.009971156931060876,-0.019896463641883577,0.00746481056277859,0.0004286485312949839,-0.01677103588515194,-0.003897171587898818,-0.0027715763884331723,-0.015367597024416146,0.0034665390830588283,0.00021040238713987414,0.002807956333906514,0.004085819814817482,-0.004098133093398237,-0.0026526682120048273,0.0028053747882428315,-0.014911874085880128,-0.023451213856350184,-0.02177445779416276,0.001850542294821178,-0.02389754168653979,-0.016501111551700864,-0.007429065958071135,-0.0008098305573288611,-0.00508102729726867,0.0009139778489948291,0.0009857298232938128,-0.02091907393029746,-0.0017276417782223774,0.002150571775554777,0.003669640195105961,-0.0042922374949331266,-0.0028468782292826456,-0.02655543595174714,-0.0028165563818209893,-0.020259671558852888,0.00267218124001789,0.02255634904479198,-0.012885291206694682,-0.01822928994248252,-0.007443076461706832,-0.008876682459447949,-0.028376762298073177,0.005844386416170355,-0.01865418890106063,0.004391508804346689,0.011301218875455765,-0.12731724432157132,0.0028246530899778133,0.007204435919341057,0.007557063217679794,-0.01761384504679564,-0.0059282229571631095,-0.024871901604805347,-0.0015275771020867301,0.0030491407262240866,-0.0065145511579772775,0.001007326024920152,0.003854316439411365,-0.004410041420794153,0.004842610259641944,0.007937792950996725,-0.007154440397785233,-0.021004411324951677,-0.001099834824980661,0.0016364369916430643,-0.011287181706278404,-0.00486856752738174,0.0022082983354398955,-0.012687174175842197,0.00865229148032065,-0.004261777660620858,-0.03840336807708322,-0.032810271041369465,0.015332100739741561,-0.004037725968178307,-0.0033187308366284807,-0.008504645707990588,0.013368925517235342,-0.0035071668055518535,-0.0027830666998713838,0.0024135103179523387,-0.00016220508812792023,0.009811530585177808,0.002845959515084262,0.006091751423195069,-0.0011769415750049195,-0.02123694927674724,0.02415198463440693,-0.002310307161361158,-0.0030294155423710167,0.019690511824077106,-0.09314380879410211,-0.0023787780195339003,0.013566622941240558,-0.008672161238864606,-0.007358213918557621,-0.0037147244125674828,-0.006948809678294254,-0.04999995364083065
2023-05-10,0.017296408985647327,0.010420872338650744,0.010990216451464807,0.03348339526223332,-0.0012426331242249011,0.012546296168376436,0.04098743910964853,0.040207487861106284,-0.0036062703657255835,-0.0022564445446821013,0.02061854759952575,0.009875349655682708,0.0006696450150469602,0.0039982347631424275,0.011516264186656855,0.005164576231226903,0.0,0.006523612208618523,-0.0043189723078962405,0.00897866723637386,0.006057589221024839,0.013791350796944712,0.0003067671886982648,-0.0013649792067017552,0.0034488760969073606,0.0010652434935156663,-0.01542751718366786,0.022354863262889157,0.00417851468660313,0.015108958546342643,-0.007007707176142519,0.002436530207676757,0.006318406915603703,0.010076815542795714,0.0,0.028290099488522902,-0.008756375820861861,0.01817809244875357,0.00863873226516687,0.02191124659503929,0.0007842163557647552,-0.008630496346096472,0.032747080259772465,-0.018772001269533933,0.029706022301270618,-0.006558431880670734,-0.10923111109429962,-0.03831268883923922,0.0248948953972572,0.0013739407299777628,-0.013636983158733629,0.0006663069404062583,0.00715627864151025,0.011002715885003456,0.0038247187120281634,0.006396515545701309,0.005436312618505079,0.0062893081761006275,0.01862715548312921,0.0244044975487423,0.009186755968880744,0.021693893287788146,-0.020465073456378047,0.020079756606466992,-0.005557873069469532,0.007240140348599322,0.006805738276254303,-0.004892386441140428,0.0023870927341294035,0.011974029023180233,0.01277391838304931,-0.003668570322330811,-0.006154264813407528,0.002772868558720498,-0.021978039526844073,0.019594553354624233,-0.002797004253478841,0.013256369895686015,0.0805378057173971,0.007038931125737502,-0.005342522755561241,-0.018207795517766745,0.015090058235564863,0.005364861616258265,-0.010642112051283403,0.014522267799695454,-0.002356656797372625,0.013450136033822169,0.032069128563239735,0.007355708179823006,0.0027492756435858468,0.061293133343751194,0.0049788025086259236,-0.006766791674603145,0.04690742485070731,0.0011235906208899582,0.07840014113555527,-0.027591341518955037,0.004770980152108528,0.0
2023-05-11,-0.007044322065349551,0.0010947363682816125,-0.010628378948756345,0.01805969525073481,0.011626872463483373,0.0022353990056143136,0.04313198832057474,0.0411471570788251,0.021003967520705658,0.004463056818604594,0.0008245911546360674,0.02784567397288873,0.005507757460740281,-0.007092618217917845,-0.005041977181719393,-0.007278958665210333,0.004717300392196977,-0.02254369290360958,-0.03703699460908294,-0.015364234645047548,0.01279473943110676,0.00043319834309740735,-0.01153023518935914,-0.007774154540488576,0.0029082418237971197,-0.0170264552179199,0.02700448218967555,0.00034134777156857865,0.004028903581649423,0.0010284120179830936,-0.005362957599788221,-0.012526913639277493,-0.02418490805587581,-0.004629864806265593,0.006034166444807809,0.0004141095814673701,0.007553403319426444,-0.011133406663270007,-0.005835955070261689,-0.010576151279951262,-0.013369879498985049,0.07046644260124513,0.0058963902544912905,-0.006490914752345978,-0.01233190670881501,-0.0006286875432504058,-0.01758110654864775,0.01262226607097694,0.0025368627996702475,0.003655320300158138,0.0015208158104087488,-0.011198492003036575,0.0028759629028922706,-0.017313894574713662,-0.0018288620949610257,-0.004216211399566294,-0.006019992246425576,0.007250022888183549,-0.01640179859704949,-0.012237904901156171,0.007312309329186029,-0.02239675491103421,0.005689081396923923,-0.01375214599227903,-0.005272592959460032,-0.012690404846860348,-0.011338867222917104,-0.0007374331138600976,0.00512912215633321,0.0033395017288535556,-0.018504898595150476,-0.004909476730990625,-0.011989507823647383,0.005206768844384424,-0.01849727230051057,-0.0063617726567747335,-0.0018698996195085638,-0.0067723939224129115,0.007558157277661737,-0.010251599382111398,0.004649686074935877,-0.021687498750262102,-0.010869569856916561,-0.0068777637668816505,-0.019003183610451724,0.004009887655414213,-0.00861907719740973,0.005634117099882596,-0.012661952527643683,0.0006761509370272201,-0.009812413783992335,-0.011730479800003857,-0.009541292803003198,0.007072486576779946,0.007900188577256717,0.006653854780093393,-0.006110070866071182,-0.050613485379053746,-0.013295348979589616,0.05847947508874474
2023-05-12,-0.0036760639279866947,-0.006791324752697836,-0.008328101662043008,-0.01711533396079623,-0.00839728480392432,0.0055443809623829665,0.008063845276375936,0.00872537750002178,-0.023826162598143963,0.004343566542777788,-0.01894949914320565,-0.014125754087599196,0.0039930316060192705,-0.01794594123253035,0.008963540624321586,0.007332330395075859,0.009950933421956298,-0.004228280053187317,0.003118508339726489,0.0064251462134472526,-0.003963335438330606,0.005456411384145765,0.004405328050714141,0.0028412918385871677,0.0059313532992661955,-0.0018558646163556736,-0.01119952011963321,-0.0007204157444512527,-0.009696681074190083,-0.008533077301531855,-0.0016363744870314667,0.004638885789123748,0.013965053947212702,-0.0001106872699331296,-0.006125617064762778,0.0011124144106062772,-0.00673441931192742,0.01075165054632321,0.002391577625960206,-0.0041218607879514035,-0.0014891444542831644,-0.028387272151292664,-0.012996309607335998,-0.002235081536883343,-0.014528931196540862,0.0009436545590730816,-0.053282334397194764,-0.03879715903126901,0.00027407452549033096,0.004007227455157691,0.00400332559019323,0.007346170207558789,0.004386001038874321,0.009816244503950688,0.00708895009504551,0.009226437085413153,0.02489898497224985,0.015264280213320047,0.006991148638301192,0.005203578549648702,0.003999950267650432,-0.020083285474641,0.019311454018405838,0.009022501967841379,-0.0029682897684911724,-0.007570407840545745,0.010807271213448155,0.0002459611600957867,-0.002186968001106293,0.0015203299933683745,0.0026263838072775325,0.0074004890999408435,-0.0009334537514107399,-0.010593764325628086,0.006930919432027505,0.005335487786659376,0.0,-0.03455756368233154,0.006924390808485947,-0.017184546847994087,0.0011969480230145102,0.0026632956927568063,-0.0035552879267237714,0.01635824175023326,0.010964884150881371,-0.0014861251172506584,-0.003091162617931853,0.012699161441009466,-0.004864301584224018,0.004999764940117446,0.00393466383356933,-0.009443738998289986,-0.004816567686884987,0.022614485890118496,-0.0018553911210937857,-0.0024687230974527186,0.001873105888634763,0.010500816901388932,-0.003208225255853625,-0.01933699874468009
2023-05-15,0.0015858828767811861,-0.002897374855299284,0.021630222352974293,0.008525256609829501,0.02159874729262712,0.01370508285559624,-0.0085099138951652,-0.008141104981169156,-0.009703474612936969,-0.004027215961673325,0.022464826177392316,-0.011768512835357514,-0.009432953756811635,0.030466540017281663,-0.0041314471816294995,0.008349376949101206,0.00346933123050297,0.02567068097093439,0.02936091370364391,-0.0032973286520967537,-0.0002486526177779558,0.0432423501664152,0.020879599222092038,0.002489812572024075,0.009106688765178284,0.0035636941370060793,0.06106371195853777,0.04775193532751132,0.005796671609514581,0.0035692415915029585,0.008880293683781515,0.004900081319336058,0.007755917335150242,0.021044401832170045,-0.0019259617587851219,0.04426700992008592,0.0026864409542237677,-0.0316106520586541,0.01203774668010471,0.012632998026921749,0.005716811868904381,0.04343019604001652,0.013386267002077679,0.008041320203354685,0.04085086000731364,0.005971044265594028,0.004796934182839552,0.009077668759236435,-0.011172923426584491,-0.017482534784203474,0.0009624596671704566,0.02054080559913629,0.0030231827747393414,0.04860420774811436,0.0003682255764025921,0.005259839411035472,0.014773540644477556,-0.0023223911218874793,0.01265110183839191,-0.017173347496298508,0.011657089488850803,0.005009779685750448,-0.0011482417388682942,0.021270827079731047,-0.001302553790677341,-0.005161152660399293,-0.01712859765974195,-0.01205119725296766,-0.009680343000856184,0.004943901483320801,0.011974916143753234,-0.009488753473161249,0.00013350422417146568,0.015232612476760332,0.007424527706266559,0.008093413667537908,0.003479118093894895,0.02696629736355427,0.014326647564469885,-0.023712615053096964,-0.005021159453918456,0.007500052452087402,0.017839741758728822,0.006872639398453728,0.008315240184567418,-9.296783490331251e-05,0.007332005713568623,0.012908816068740059,0.07658121767664317,0.004941346831686566,-0.014225515114263731,0.0566779989832813,0.01973189751502158,0.002709127220729579,0.04768591438985981,-0.001516864427318243,-0.017976988927503212,0.023980830155562405,0.01383972672672451,0.011267595039523348
2023-05-16,0.007367668979037845,0.0,0.008980092268426887,0.01978421437062372,-0.00016743400330998526,0.0025633239758175996,0.02574886228645168,0.026761262636103345,0.001021930644472091,-0.01173216187592041,0.04188913518621096,-0.006371176739735418,-0.004323938735810051,-0.0016201233963528683,-0.007863324274599348,-0.003821662654080127,-0.006361486654731463,-0.02342865913030645,-0.019463085186416484,-0.01126202550198696,-0.011442763078172158,-0.0015688418829882256,-0.011375951146759045,-0.024193867708722228,-0.004674573927832881,-0.013895306377264549,-0.014077968069378444,0.012059269757543678,9.447973543452726e-05,-0.010038720955891312,-0.0115585283128391,-0.012753194093543696,-0.009562027415429886,-0.008569734083088809,0.0009005492319713593,0.011655509487598525,-0.0007654702819108739,-0.0081347529752267,0.004982897222522764,-0.0055514261844533674,0.0007414816721056372,-0.0009080907956845463,-0.016509896185641804,-0.005299103565705177,-0.011361184140540659,-0.010309216921621345,-0.0034977795562228797,-0.023293184946818535,-0.006608975652690141,-0.008177514878481063,-0.03131876803728173,-0.012147879325353106,0.0036838144927833216,-0.009507999257915789,-0.004438421860385566,-0.015821560934076717,-0.0008088490771214207,-0.005145868466139403,-0.018587190056579384,-0.008360504931838042,-0.003646441203361217,-0.03051354586384225,-0.013986005297528803,-0.01764386110533922,-0.011152225218123424,-0.026266046795808795,-0.02220002310244107,-0.02912616933723977,-0.010697193249660453,0.0041846733333383845,-0.019506338597288897,-0.015451173997816814,0.038035479280843276,-0.02301594837795562,-0.03953626680226907,-0.0014477573768298946,0.0038671946097954546,0.0025007791271784985,-0.004858760510460858,-0.03410204727398414,0.002242922275754733,-0.03179284964378615,-0.01242827916120659,-0.008050900491973767,-0.016134774666142215,0.014512279815196871,-0.013659569154846896,0.007889325533367852,-0.04223995159512395,0.000635544711121705,-0.01943759760029662,-0.020362545602068516,-0.010040146938966488,-0.0020734312593204685,-0.0024984698115561033,-0.008155406137005161,-0.014303186952748792,-0.05152230909186606,-0.004761892651754751,-0.013927563652283204
2023-05-17,0.0072496626561315836,0.0036031562201266354,0.033033217181355434,0.018518504813616277,0.015367214037318888,0.024990596471543114,0.011128727118120851,0.011574711145231342,0.04407876621166107,-0.0023178351519325124,0.022368905872836686,0.018606715970271637,-0.007082640588648603,0.0333807192495883,-0.002432315238330318,0.01513220219262168,-0.014752923884550073,0.009827503941314708,-0.011978045254817382,0.024797659283456452,0.013839939955477387,0.03953025844921387,0.01199651974844751,-0.012550467566570078,0.005251022295619467,0.02301551927384704,0.018672503299177468,0.027159023267135263,0.019037713319286276,-0.011444246731285745,0.009901890520885637,0.0038944117293246983,0.007629322802656047,0.02828389746500748,-0.007326473939146427,0.019617888656263682,0.006256356814080988,0.00047020634238936765,0.0051713276325537905,0.028295395372186283,0.008347264282202671,0.006665577908991249,0.03509515462057555,0.014549998164435252,0.024028067701613587,0.00852274164023803,0.027701338274357168,0.01085526078444099,-0.0013305758617846442,0.002005231622089987,0.014322209079823844,0.03231057104148749,-0.004838123247818293,0.04607636352318023,-0.01174345748248784,0.01759492898289161,0.015703435866644133,0.009852254702272356,0.026959931248989433,-0.00016865586677339284,0.0017567376792702039,0.016204439242476498,0.008355198754510518,0.03443612852495015,0.0018841845061678963,0.01786019240912684,-0.011579029236804206,-0.0023076962202023266,0.010812860508097266,-0.0097778090992795,0.011785781904336101,0.008160650237047706,0.03239912975071557,0.00954259033213245,0.003676757111570117,0.0017134209662832411,-0.007704594054990799,0.03149367464426489,0.036448269508297715,-0.0027940211667741854,-0.0015985020240273373,0.02178440819643579,0.012584685141298513,0.018937841815094947,0.0014576897740605776,0.0046306657375159155,-0.004421135256738151,0.031189743609532306,0.03462140513695755,0.008557571822914944,-0.008259430133807144,0.0035487805184648558,0.027844406213841433,0.0006295859470806242,0.025482752772288286,0.007819375795612649,-0.02198891878798115,0.029629680794599933,0.02200958614550652,0.025423772191449423
2023-05-18,0.01439486947029267,0.013666110237923634,0.049705083374230075,0.022943736154795724,0.017980125001376468,0.031073744233654832,0.01646810289202305,0.016792831986832235,0.01742780840135616,0.006262638592960945,0.04028915956795931,0.09215795351607903,-0.0026033531519100706,0.010655266637526584,0.00871206978083472,0.011967240857481132,-0.024014755695021206,0.020513324835037317,0.028056787059099086,0.03658597426590626,0.02531646648264463,0.03357200734412702,0.027035208175329783,-0.0035108369474800005,0.013010219160805248,0.011376368120263214,0.040819494772360354,0.04290119578346996,0.03125302437160293,-0.005099708938161807,-0.0028681141363846585,0.013246228253807946,0.006870377247089499,0.022877142154579033,0.000517846489634044,0.02816501002841787,-0.007613227924223809,-0.009398511965345802,0.08653337765131996,0.03792690928528142,0.06216019015822649,-0.07298718881655852,0.009347396577740863,0.02218955825327651,0.033666184652146214,0.013771474685514429,0.032677936450588474,-0.0030914192896073223,0.014741943359967369,0.0025228012046294435,0.0011184374726682655,0.025635032932253665,0.003352840622399933,0.02638223266467765,0.008978318235158156,0.012563778379136581,0.04000636877303676,0.0776829603241711,0.03214748265740952,0.0037102829496054035,-0.004237920710712162,0.026832259540720216,0.015319359513106479,0.022193271690613026,0.01740908861715318,0.008789777535944676,-0.0049385587077398485,0.0,0.01881225442271295,0.01014124341214484,0.0135122971822359,-0.007783253454694217,-0.007596520388154726,0.014976004840408397,-0.0019112675348634811,0.02671051025390625,-0.006559543290330261,0.020556120097918296,0.03571430959494992,0.003311285625907212,0.010326616510053954,0.00909236279558523,0.013703005630204101,0.008542543881899345,0.02547309951237664,0.006891245889346864,-0.002612205038265314,0.01004321660558305,0.028047825140455673,0.017201957470404095,-0.0025741696939519665,0.04369792530182104,0.02063146172501651,0.011074720155514362,0.025557526444966783,0.11686137123693774,0.01929308102604166,-0.008793014255715548,-0.018102428666710968,0.0
2023-05-19,-0.0005650906755918506,0.0006283953638037687,-0.013068956836961632,-0.01608126535201726,-0.004901789280733371,0.0064168394000241324,-0.0005698908554971904,-0.0021858537111736354,0.018373000232992265,-0.0031720880756531677,-0.019549713743958752,-0.01597140525434282,0.0014616766697923556,0.030019719624031715,0.008962730576840938,0.01929461183516934,0.006151441225721088,-0.010284204221546078,0.008423180506383021,-0.003641167112268584,-0.0031469635389381745,-0.022860231392868413,0.001766698404517042,-0.0036123514874342177,0.0044197364656750615,-0.004539691785545363,0.008879657789417683,-0.016501327861773496,-0.005652673091330662,0.006598776905494486,0.015478685217714006,-0.014753891639653793,0.0034814093928356993,-0.008998209596211892,-0.002717731248814581,-0.0115033543914137,0.008183089082473893,-0.005587168204582937,-0.00295328764324454,-0.00277325693114705,-0.0005994725429753212,-0.01737012534624882,-0.016217746857341453,-0.014416707396947781,0.020232604819862443,-0.0024698369208054904,-0.040135920111982304,-0.005712457747729771,-0.0036425268450628323,0.013272457169268836,0.001955025673162858,-0.003871513767616963,-0.0028404038977347668,0.01609292308883381,-0.0017229908357414558,0.011056529594692721,-0.00020430797513570909,-0.001471142681587434,-0.01928332854354542,-0.015962375412620577,0.021866713782153102,0.0001493524869069507,-0.005883423167079238,-0.005491702278626276,-0.026855064958842823,-0.01638217254726526,-0.0009233821747262061,0.004112049551260766,-0.004344708022707255,-0.00804778172321674,-0.005976475846926954,-0.0012551275329149014,-0.004392095530088236,-0.009341962084698507,0.007260799644298377,0.006023340100677066,0.007815683037463383,-0.010367253895799289,-0.025915004801256858,0.012185822535515811,-0.004357780099460751,0.011496004850004793,-0.009588189572349193,-0.012247464327678426,-0.00035486972226894675,0.006753343613287832,0.009919786080228254,-0.024627093375270137,-0.007360861185929823,-0.004366231230172657,0.0009108479746777753,0.010567905520078691,0.0014062547356827881,-0.003734073139629923,-0.05018641613854469,-0.015756013250000644,0.017735642323481127,-0.016129017372408794,-0.005721500415300063,-0.02754824790592303
2023-05-22,0.008921267734376181,-0.005480741572254533,-0.0028147544830500193,-0.010666648290490577,0.010910307528209762,-0.005687072015848282,0.018654291916564647,0.021257628775513515,0.04846228354123516,-0.009365169579016341,0.02060102354434612,-0.006431945697819796,-0.027105906210941333,0.0021548492739897895,-0.01372843338987384,-0.006309818167136272,0.018485271860632757,-0.005478951707071578,0.011693965182125288,0.018115343349951907,0.001457051307585111,-0.003150798787710518,0.004408911864728804,0.002551281572331421,3.191787918921385e-05,-0.0021282666062552025,-0.02845819076016165,-0.006436127639206202,-0.025183849740056607,-0.005062952661763265,-0.009946627909080519,-0.024736997038267816,0.0016190494743912875,0.004093837108561482,-0.01544244549329099,-0.006680240279455796,-0.0029168767532005146,0.018286848729321292,-0.01669524436773251,0.006685900069794748,-0.023441473276137437,0.041467077264983665,0.021924196057093948,-0.0210166460456791,0.018587634181289836,-0.012689623563422958,0.023747468029262198,0.03463559871587729,0.0024230235169173664,-0.02741273549110279,-0.005017430109429455,0.013774510235711412,-0.009383400979011913,0.021557403474982806,-0.0009612917072289173,0.014945269525270088,0.0035767049421524533,0.010426176570858647,0.012942436713699434,0.018441080105517926,-0.0015797876589197513,-0.020155360344213502,-0.001336382080886045,0.016951324621369057,-0.014679954630638647,0.0024550951374677776,-0.0017328315701816699,-0.008446327589839653,0.007090897993607959,-0.003790219382056925,0.017389670176710448,0.0025133497925795556,-0.003276966458741426,0.0032021044577987823,0.003960709826211994,0.017197432791351552,-0.004546115297808018,0.02544143903032481,0.019328987723707947,0.0062703788988585085,-0.004297317362646047,0.017124832641949972,0.015870557710450317,0.018077585272487706,0.0070997785728712515,-0.01742299298694716,-0.005219190261284035,0.010431451482350917,0.07748825745964161,0.002585444924839697,-0.0007584263844434558,0.028658130945067528,0.007547837387434031,-0.0004997615575936809,0.029471677029571985,-0.0013097044704490912,0.019476742562122507,-0.00327868544904808,-0.0028772426666319184,0.005665717022269368
2023-05-23,-0.018431979093206596,-0.015154991021227304,-0.01565308163314849,-0.00017393506729301844,-0.006362764918058983,0.011984617452616142,-0.019912078627726704,-0.020497352623794596,-0.01641335799687571,-0.014231402747655442,0.0011111365424261166,-0.019338363522764634,-0.0030539652126750916,-0.004381062810681735,-0.03398021700721676,0.0018435098965687846,-0.0016243713023570416,-0.016337397802490883,-0.025429340829020153,-0.009491087396497178,-0.02085355420343271,-0.016278191531498898,-0.006555045728588449,0.002009004585947549,-0.03883678612784258,-0.009952732077256443,-0.003321775774605795,-0.01979253242326373,-0.02156465838138033,-0.019001651415956555,-0.003912178897413465,-0.024878572886555816,-0.0045259120355787275,-0.017719928037791988,-0.002899712834306345,-0.014543369104093928,-0.0005087880199684536,-0.012336656653260114,-0.021385173507568966,-0.024604949732311643,-0.02773713670340372,-0.017607877446558784,-0.02970248220206595,-0.029425232454575623,-0.02381120465657527,-0.009090878108044098,-0.03347585095023886,-0.01634140566785469,-0.023408694837416033,-0.01740041821187921,0.0,-0.013023609529151492,-0.019959410123388532,0.0032300071127184804,-0.015963934159499593,0.006105616469335828,-0.018023565393399554,-0.029497586078837124,-0.03366261692761974,-0.030178543436095384,-0.020569625636171596,0.0060947972363061265,-0.026190072846787205,-0.019825731107735223,-0.025501238957211902,-0.002813192522541752,-0.004744863380779618,-0.001290734372518254,-0.019317561050997023,-0.05176352375883675,-0.01036457325020057,0.0034472143803687683,-0.023899839983390514,-0.01478809902891387,0.08687077735368831,-0.01690668127637618,-0.005104060026787427,-0.024810231049744336,-0.008522456890914909,0.007976064390418092,0.0013586809879602146,0.003623976886361291,-0.011092061794637065,-0.03135854279829209,0.0010574119989235076,-0.011408959877040381,-0.012122401277070205,-0.03167523481825185,0.006503338474190601,-0.024645073152032904,-0.0044019570069471214,-0.03406797585639454,0.002090573670641138,-0.024187469482421897,-0.036993930849016476,-0.010710391407673048,-0.021450853988041696,-0.03865133823409006,0.013145233741320927,-0.005633797519761674
2023-05-24,-0.004472510367419025,0.00163207497832496,-0.004887903988963993,0.015305697616548875,0.010010542132258937,-0.010152907069373662,-0.013544354322634788,-0.01338309281877137,-0.015449266889003499,-0.004351651726876904,0.0013872909052354832,0.02488838482033562,-0.006341741753759345,-0.01258032366822559,0.002599262315110984,-0.01022285834307679,-0.009690847877952158,-0.0052143774455171155,-0.017282284816205862,-0.0753223105484575,-0.009905931532893208,-0.022170411713366867,-0.015729928611630917,-0.013901243464841007,0.0034501344761765917,-0.01595117500579535,0.007877543194033665,-0.013287058618186798,-0.004420836534943184,0.0010194486760068955,-0.014908588731603611,-0.0072752217877388725,-0.007190921038333853,-0.07833121202709592,-0.002379382703835198,-0.01396225737498935,0.005981181086170295,0.07678924656695352,0.00585112399698362,-0.02151300009843371,-0.010157447480983461,-0.015985817432396465,-0.012078465416759832,-0.0076087845771922735,0.036831155500745894,-0.02277764020249151,-0.0050823615579044246,-0.0032258187570879393,0.003712757875961037,0.018585743690756162,-0.013307143246452213,-0.048783236634482474,-0.006385898181816785,-0.013092951456401325,-0.017978568248304794,-0.008686379688017332,0.017213705647690425,-0.0008089644725728373,0.0005594009900986574,0.008989548738699948,-0.022029667802541564,-0.00045432045814730593,-0.004122479193836237,-0.051533108199691924,-0.026225058394430012,-0.0027214631259927513,-0.00965118408203125,0.0007754612318189302,-0.008652452565236501,0.0052702855559281225,-0.004777185579750265,-0.0031230599637758205,-0.008550377526032271,-0.015455986711737313,-0.04471871987012255,0.0020382632115842902,-0.022546215415497062,-0.007782050964401321,0.003975531834052415,-0.007171046258111047,0.0008779679906438798,0.010908089121526299,-0.01090045237006898,-0.01445353407277794,0.011267595039523348,0.004171343984924469,-0.005244916278750011,-0.03331717917975785,0.007715925596151418,-0.0001672951640259157,-0.007013250650342195,0.016550152955659314,-0.03494440403745114,-0.004995828827920157,0.017484656194270753,0.0004418733181112966,0.04051474764947294,-0.0025662732290883117,-0.02563289418241166,0.0
2023-05-25,0.03845788462479027,0.0066923253013353445,0.24369631842371087,-0.01498929336188437,0.013964109119962709,0.07250593258854865,0.021339965248076798,0.022278848224848602,0.008583965973816943,0.007850646181699616,0.11157293992424155,-0.016034003030428456,-0.005895377475736319,0.0719050390714433,0.004875193196590466,0.012807249201383986,-0.030285753522600434,0.009706853354545242,-0.0551724269472319,-0.006780167419639493,-0.022261115553746103,0.07179822248211343,0.015262989652117476,-0.017440811867934447,0.004264671979934853,0.0021369939581208364,0.04629493292600406,0.06402527220275567,-0.010838462539747518,-0.003654339369174253,-0.016815871987413522,-0.011745790199540695,-0.016822458427643072,-0.004676660351419115,-0.0038425985270527097,0.061995613797766635,-0.017710328549415233,0.017962890767950768,0.09815624097918052,0.06252343888662448,0.10222422306376444,-0.015096786834223774,-0.026648369380830594,0.020267480904067714,0.002748013877316602,0.0009712103346806167,-0.012203206193356464,-0.03932039377305596,0.004131613547351254,0.006545112788624019,0.00823387537702902,0.028945423623357502,-0.004168800851862886,0.07590260359313294,0.017085671870126884,-0.006721853018899604,0.001121368153144342,0.014920205056525582,0.004116887210133369,-0.01816159244080162,0.0087100444954471,0.007575757575757569,0.008673341822971192,0.007063252155210531,-0.006500639391908591,0.03231493310721412,-0.03134904574788222,-0.011880239789970992,0.008913711616245878,-0.011758132709554725,-0.004154016154624629,-0.011591504960809407,0.043512372718808034,-0.034959506441453514,-0.03890869564309907,-0.014492842181141552,-0.008425422617339584,-0.0006033320314648982,-0.011023103086312047,-0.015940303362957153,0.0,-0.02515258788508057,-0.00718736237905504,0.01728862407007936,-0.025069614574109722,0.009323312930531236,-0.014690253056261149,0.02769769468748784,-0.010956141144939258,0.025305431158472835,-0.012897226674557283,0.0012645512025055705,0.016213322880425762,-0.1203089907119308,0.026406864487456216,0.006551821360732735,-0.08991298220537403,-0.04888505165381529,-0.026632074627816138,-0.011331434044538846
2023-05-26,0.021385618966441866,0.014104787011603337,0.025434449638200407,0.04443478791610045,0.03700188378320868,0.11516190186823017,0.009151257067523622,0.008685177678385392,0.047162123329924865,0.042565044686566855,0.055504780971078915,0.05537605816939406,-0.0011969598316120544,0.059506241991334585,-0.0010656633296365348,0.016928448943897667,-0.004493228012916961,0.06085370155101444,0.05839417531917279,0.012902412233153138,0.009976960555796222,0.042845070020613996,0.039323183356638536,-0.002437294314918903,0.010303864752984726,0.007697486319508284,0.062060043915324936,0.0434313660096306,-0.0024025202776095655,-0.007936790456914977,6.894867995699272e-05,0.0009142252708109755,0.009885940548449046,0.0240153106578469,-0.0006651110874545951,0.06203800216789013,-0.007211914706809708,0.01788634146130308,0.02425149351280087,0.03874493699718884,0.01710542226347611,0.18993664818786304,0.02588184325375753,0.0005824935488372152,0.030145006940959007,-0.003557587648128746,0.02288833012409719,0.014317033924719613,0.00973715832574329,-0.012855360612787692,0.004646604430484702,0.05742965185131488,0.0048839834354446054,0.3242369217653187,0.0011569709212513324,0.013293032919892367,0.1000967531976178,0.0014814501814013337,0.006782731091567351,0.003839127816621879,0.0089325367050328,0.014135375058740518,0.010064553894360895,0.05637982653880891,-0.006075791886767101,0.018182353030300247,-0.00303030303030305,0.002091004562581489,0.01527697383369131,0.023752357640487443,0.002688180597985257,-0.004437381712643185,-0.017906339772684965,0.03312893767305525,-0.0018186396355940326,0.012512916185605683,0.01016848750842092,0.021279746261038346,0.008116004439760793,-0.003037178865668677,0.011164286354414354,-7.62939453125e-05,0.011583031249526199,0.020979851405648064,-0.00392859322684147,-0.007362289214768225,0.005149257073180147,0.05634149690953705,0.045757734077576995,0.04273447305743483,0.00046661656353519376,0.031020543058232652,0.064527555389019,0.04236787012276477,-0.005440378683175817,0.016455789295009904,0.012194495040755537,0.031559911900788995,0.0013346985800404276,0.011461307089892125
2023-05-30,-0.005046781577794146,0.010659581907596527,0.029913198151518383,0.01290486257498391,0.0018317068123119284,-0.011553595706984332,-0.007543555387224399,-0.006298341015747777,0.041362559242642094,0.0015179375445497634,-0.013855011832978992,0.037214964954080276,-0.01073102299299511,0.00438136869558825,-0.0036494983974437734,0.006217359703148295,-0.00022196656050055275,0.0512007395016314,0.03413792314200559,-0.02949118503427217,-0.008105362171594743,0.0037484181594620303,0.001474898040315864,0.0073756795166031175,0.0005539701241952244,0.0041290480090725445,-0.030298902401231453,0.0027218813731098024,-0.024066668249591028,-0.014212559714539164,0.004896197300512828,-0.00791635835745863,-0.011106930806690007,0.0050982490381681345,-0.036736251933116804,-0.005334008634306109,-0.009858536035010745,0.003684453427212686,0.045195905581814744,-0.010422163774394977,0.02811719054640749,-0.05306638214358428,-0.025377098883749616,-0.015544936273499066,0.02900338283364401,0.005193114254642417,0.0035577651109302,0.030388541668250335,0.006123048109133444,0.005503810498205475,-0.002662856567272831,0.004912323018083864,0.0024301230370631366,-0.03220883134706265,0.003933726475383148,-0.0017889269959283638,-0.032350651438056266,0.00819300458814154,-0.01940674071795323,-0.012950938319347571,0.011362023175483182,-0.03706998679562723,-0.0010641444077469364,-0.0187691678553501,-0.010638908520813173,0.005540955812945114,-0.00559269403614171,-0.012780429747434985,-0.00471353013510567,-0.005800318178321717,-0.007673124203610993,-0.013053162986433109,-0.005992620411504834,0.00935653698074379,0.020991774166050137,0.0020385229515114123,-0.015030286656733338,0.03413632703552194,0.005689123641720473,-0.001269338355808336,-0.0025236568385065272,-0.011451255340838018,-0.006838427129000513,0.002238545442060813,-0.00322696861088112,0.007232653118607546,0.00010044458223079644,-0.030593413089951338,0.016250450233019187,0.03055732608682571,-0.0026430063705207285,0.03138880919293596,0.010657775150369364,-0.027869437035829447,0.03179704344791778,-0.005036674124055174,-0.007044794972241086,-0.012237709334229407,-0.0026657755113598247,0.01983000957794312
2023-05-31,-0.008514165874803026,-0.0002820251037627397,-0.0567674449533202,-0.00887721353399118,0.008380360730994463,0.0057509833479501005,-0.006468791414312225,-0.010189318431366168,0.013770078361723614,0.006948406172428534,-0.056358248166238134,0.005725482052771014,0.004074695725329258,0.0013902281865803001,-0.0035220196306161577,-0.009966115572025203,0.01576380224825491,-0.0223275546369881,0.04834947562540082,0.03208648057524455,0.0048518546335372115,-0.023943795102082,-0.015123183929725337,0.009701162902254756,0.002507535725750243,-0.015163181197470177,-0.04868189948823787,-0.021048970257037336,-0.00790898335773027,-0.005318108003898869,0.009552597043472444,-0.0011253259371003521,-0.005377830050839361,0.0014654217232603628,0.014370607655897372,-0.034312167015430384,0.007991623158895012,0.004282773345290591,-0.021233559370750776,-0.0073188380775693895,-0.016357811875998385,-0.034156404737647805,-0.008577898212744128,-0.00768823159212817,0.009710628542047184,-0.009686769251272986,0.02406935481758632,-0.0009669227934158142,0.0011663061447826362,-0.026689530078366164,-0.03344582293887355,-0.016312413364241496,0.015064916569433207,-0.07744479068203058,0.005512120456505176,0.003823174510055205,0.013918134860457787,-0.011399572840009475,0.02230314937067268,0.03258193604422743,-0.00306389089097725,0.005389566691761161,0.003486350986867226,-0.020689607930519993,-0.013991271886008683,-0.022482475070055075,0.016261178825860645,0.009775502285291005,-0.019125738116106628,-0.0031101458608268073,-0.022451985419568388,0.003870994813980566,0.019882030143154816,-0.021569576169665816,-0.009155095901649535,0.009535918441822444,0.02309955927242724,0.0014289578354411692,0.013021679890190097,0.00788005521323365,0.01201768344974563,-0.018070923376466208,0.00064052706226847,-0.016722972102046985,-0.01978414576095866,0.002149657985799358,-0.007633328068100131,-0.004406368241076097,0.07071357270367651,-0.016921883771566892,0.017770839634174473,0.005641289340480915,-0.03888609077370597,-0.025996468484946966,0.004856905467215178,-0.00397745918869763,0.011002002211116357,-0.0017699519846088307,0.014700986621157153,-0.011111100809073515
2023-06-01,0.012759133155475944,0.016022546335066945,0.05117094691688484,0.01816217265513176,0.029805016978227128,-0.022290718941332166,0.006917868113620829,0.008105698125452143,0.017604137329555458,0.0020329541643346882,0.010659014854826898,0.01998834520882986,-0.0008774535604816336,0.02144616020446244,0.005174423325556621,0.001409372097888495,0.012094744350523712,0.021338489470076993,-0.00986009440283575,0.007157854635785554,-0.0078779560511959,0.011477860047030886,0.011099566491742374,-0.028914524362128713,0.008770829778946831,0.011795378052414707,0.013049845006941396,0.005124003700311963,0.016434340393008062,0.00015448833895992387,-0.005968261818218079,-0.0012290326437133237,0.013493430266080075,0.015307564766340986,0.0027243827580056834,0.021535494605362304,-0.00948795598868779,0.015933239168701707,-0.0009011861917749275,0.005311754795586321,0.006409404980586064,0.05771580925719344,0.015351105352098493,0.019965470156511955,-0.016111920017380932,0.02314962773741369,0.021772862276879135,0.017099492335744815,0.0081755098737748,-0.008889493400296211,0.018028465917082626,0.010608564107955631,0.012623706788644995,0.04462295641573166,-0.0031262679404652216,0.05784338020147528,0.01566107825558194,0.0022834180385757907,0.019609828346849323,0.019785089992825355,0.0045367708222840974,0.034921101965471824,-0.02624976981862559,0.018602198859159147,-0.010785366346097058,0.02322507215041969,-0.013233951722419257,-0.0007849972013577178,0.0009285618045438149,0.010908637485346873,0.02163343787729355,0.0016066592452501638,0.00402464704095884,0.005733543314984768,0.00634253538325158,0.004156194265904745,-0.003284147333752152,0.045376715497838616,0.000842842678048461,-0.004287565626740819,-0.002421855926513672,0.007471526277908591,-0.0048008168298896425,0.009260855700862658,0.04990827927895647,0.003924971968216617,0.02024223179336304,0.05203347552054871,-0.019525410201824744,-0.001081634498830919,-0.026650354634211504,-0.0028786492614950587,0.017486655426836695,-0.039442520252285895,0.0005785864229970183,-0.001016477121841941,0.012407843972223276,0.006205731396776937,-0.0016463991777235787,0.03932587279618516
2023-06-02,0.00847918527294178,0.004775393568990927,-0.011139107511651813,0.01205508998453797,0.0,0.027913143176444333,0.0076786044202141746,0.006914855603114445,0.031081326211682914,-1.9408370937501473e-05,-0.013476191461464282,-0.0065983767764511425,0.01026398316114463,0.022542460731546532,0.014008864168143731,0.005629247483883493,-0.055575559838595856,-0.0018129938802811107,0.005782213621214449,0.019828473453061157,0.0038421543971323135,-0.0014833267486918933,-0.0032990264439392014,0.017734647762109645,0.005281071957664141,0.025740253159256543,0.0011579365363318939,-0.00998613007402871,0.029666628370098147,0.03139485759657812,0.012008191668275714,0.02030356260347932,0.02223694239250551,-0.0033811906101062217,0.008966119103958059,0.012220181632630167,0.022044355404251315,0.002075797873370089,-0.011417891498811561,-0.0029170095906747573,-0.01161838700173623,0.006513310196687883,0.010055503265183452,0.035526480382951586,-0.03954297433743881,0.017208442637643095,0.052603367544981294,0.014432987445259338,0.01168066713990279,6.701541040832204e-05,0.04684385269841629,0.003314950848152698,0.0020215453276770656,-0.015057253550259553,0.013383387195152752,-0.015076466913809372,-0.008406472430994238,0.0027337721980487117,0.004623720744199478,0.025004163053901518,-0.007430101118377608,0.004587798727154535,0.023785941423037027,0.007044002874209587,0.11295871980644234,0.006359261986664144,0.017434776441150657,0.008379149157665022,0.027272678374602233,0.0021070795208824045,0.0284515218151582,0.008983018478028848,0.0017537189833054523,0.00396322893143175,0.015483894866329395,0.02696593259703417,-0.0034321802933693357,0.01337695466779687,0.039793650534848846,0.005319125808195491,-0.00015666279331549848,0.025370802850498864,0.025245211923030197,0.005424760203302625,0.033904204566969964,0.006364476468224023,-0.007307931048297633,-0.012734453167140058,0.03745909734524089,0.005444901060505769,-0.0064516105796113,0.05403807276372152,-0.0030328611592849164,0.03125967218335424,0.2801061325737366,-0.0005087002492376591,0.04128786665278916,0.03524225595475072,0.028693959366428157,-0.03243246552193535
2023-06-05,0.0016100433951962145,-0.0075711253953729685,-0.003966734310203113,0.008450728786783213,-0.00447515046652347,-0.011945827841171486,0.010748407692035666,0.011179380810955264,0.017011727666879306,0.011041910392312726,0.0005939224033744139,0.007666010724550754,0.0007063179644513085,-0.005018682461928048,0.006491514772287266,0.0037984531181565195,0.007851198720397301,-0.024995669615946903,-0.04631104696019128,0.028688253812340303,0.015310087008001183,-0.006685056247727528,-0.028362730935808877,0.017471442337914755,0.017009410222225574,-0.008398357437640835,-0.02024001102991868,-0.013134091259232705,0.017180549235298992,0.0019174745364556323,0.013946897971442107,0.004321611107294343,-0.001293177414427471,-0.02680760424031392,0.0002693452721840295,-2.1852520801557418e-05,-0.0021825416648790785,0.043960539272170474,0.001780350579994261,-0.0033809592554865375,0.01149374966950023,-0.021282762977403502,0.01481104113435161,0.0,0.018239455281827688,0.006578978424791826,-0.02007449742671097,0.008599172289408763,0.00558601722535923,0.007561326750765929,0.0004092602735048523,-0.027753350085511386,-0.0036987428109662712,-0.035726180042807254,-0.008651812818420757,-0.00034268653167845997,-9.369682651494404e-05,0.005566260031401704,0.02051501698944791,0.01705151319644993,0.04608835338667072,0.02165588214765446,-0.0019361526788775896,-0.025000004941317933,-0.024627845719881303,-0.01898835383128905,0.006590809728836078,-0.011685197814993664,-0.0014447899205458636,-0.011787668481724634,0.012698426538584107,-0.004451551465844417,0.00650239633773797,0.01697435993430929,-0.012336224642682359,0.0014655929483073926,0.00840337017668591,0.01522097138103451,0.015996779232102964,0.007306649674011068,-0.00509126290593942,-0.007841634803466557,-0.03858216984365659,-0.028010589189644608,0.0030426015152138497,0.007950534419505662,0.006429022642578275,-0.013820160685606875,-0.00342571856950713,0.0031384277343748934,0.012828656653801174,0.03975000833184117,-0.04292711136440708,-0.025222626313844976,0.03260701549105738,-0.0058173576709088515,0.01567700563539587,-0.010212756217794161,0.0019236763358456699,0.005586586970037999
2023-06-06,-0.006727420816814433,-0.002060335858196427,-0.013198496395130044,0.010454888481148839,-0.000994950133297201,-0.015330908612880001,0.010316605033922954,0.010108240041495131,0.017002881015874438,-0.0038398267908827943,0.0534215469808772,-0.010531793403396605,-0.014278760236452803,-0.002971067412373851,-0.008461749524206419,-0.007966495090125147,-0.0278324602979515,0.03220080852765017,0.03683852818608968,0.012758544718651343,-0.008293586917860862,0.0015703785282028537,0.0005873728811356393,-0.0029745972939650978,-0.00557494430726857,-0.004260048529729943,-0.0033937692036553058,0.010881635070206341,0.0139810719623219,-0.011990938354804914,-0.0028389844021000643,-0.017111969170924612,0.0023122455942399256,0.017087698972285903,-0.013595398085657684,0.006440371762141739,-0.019557440151661165,-0.00912735185285729,-0.014039468795105425,-0.00771255501256074,-0.01528000268488483,0.06979136306772071,-0.027173564221410706,0.020765109188766617,-0.006749795772083567,-0.0059134929269009096,0.013916505976106164,0.007905665632423009,0.0007227797697793026,-0.017935720631088836,0.017182523869818667,0.026619829028273756,-0.015693495052641393,0.019128048142361465,-0.002022496423548459,0.023311631421875534,0.007120125083761364,-0.004857662917788441,-0.002015056295658124,0.005775658351977464,-0.024273829227230204,0.026532141424224776,0.005528610118915589,0.029626723214940087,-0.0011783565953807917,-0.01935589032550944,-0.006666637602306569,-0.00709407377880833,-0.024055015536835977,-0.012358149963646925,-0.0021495554007127105,-0.0073458813848436,0.03031435589718856,-0.017646542645743057,-0.01551584534760797,0.003780458031631184,0.002732303087090715,-0.006501333094170336,0.01494768333640617,-0.005752865054271639,0.0009447547610887952,0.004910983376913203,0.01419247867394402,-0.0016534710366840066,0.031007754429667633,-0.008111851920338364,-0.007744998179833984,0.033282800361200016,0.0039831707891151424,-0.0013189150673924566,-0.0060985048474690995,0.0333671215101512,0.013597041201491633,0.008061945244803193,-0.0024448932988246908,-0.0076068500265957795,-0.035571762543788576,0.04041274827204955,0.008960021972656218,0.03611114385687353
2023-06-07,-0.030867861481214676,-0.007756259904993845,-0.030501392570729702,-0.04249267220189956,-0.027736755492421272,0.003329120104826,-0.03778177402273508,-0.038855453665938566,0.014730512862447087,-0.009743150126193978,-0.05151735774723143,0.0012020848467988454,-0.00798632390251186,-0.033657526926444525,0.007088503863263762,-0.0006023407582202989,-0.01548148699483154,-0.010140944473927771,0.010335969368078679,-0.05826218076607981,0.02255447061068616,0.007988592249710935,0.009626669310711433,0.00013560608955498488,-0.02685927706049951,0.01044108734844773,-0.0071069492216018215,-0.002319475468543497,-0.023603324733434072,-0.01743291577671302,-0.012711537385276639,-0.0030543987785511817,-0.0012457518945179213,0.013485384503133746,-0.014874404422050458,0.0059870059991864455,-0.0015747391337693761,-0.03769135446196681,-0.019196082110602974,-0.008958573973198436,-0.02758107173818536,-0.004257623526827903,-0.03679693403969886,-0.02017686025226173,-0.02489543730879773,0.02003761071683874,-0.0063938617262360165,-0.015072220518848156,-0.015559241539322755,-0.0031831040234923114,0.02145067947540369,0.028632917349065146,-0.024515691072967805,0.003212756905092373,-0.007489468218917494,0.014070289937429648,-0.053767430505087255,-0.021228234702322824,-0.03293106593732187,-0.04522250991507937,-0.03566297561523102,-0.014608805729193874,-0.01620526994162741,0.04503223050025196,-0.0058704466108232545,0.027867223874862068,0.013662504270046893,-0.022228106171935713,-0.0003706534118423921,-0.019215256013147664,0.004487927327571306,0.00740024268986228,-0.02954295115430361,0.023434624483520183,-0.010165491725894649,-0.03231680368865619,-0.0012262120628624418,-0.01629265005418934,-0.0810996785466741,0.014842771134286448,-0.007078822795339557,0.02458755190009554,0.006916524333928198,0.018691610716569107,0.001634496136356356,-0.012786922724563832,0.017045215670677738,0.00858944934450423,-0.06880436772885534,-0.039128936323810426,0.011799813862463093,-0.052748591636460396,0.0313588708921726,0.007997586300956261,-0.04917186367754689,-0.025280018137806892,-0.003644090542541667,0.0842974770192082,0.012686318104004668,0.03485251350069163
2023-06-08,0.005813608925801628,0.01546507640721173,0.027618428561749564,0.024911297199049942,0.0037176799926368354,0.014596983779246786,-0.0029387804926658267,-0.0021962279738007018,0.045820870777622646,0.01733078199389504,0.027327515663794877,0.02401382386707196,0.011048833970464633,0.0495075327320571,-0.00022086474359350738,-0.002008808287931929,0.029790629644781852,0.010157997619772097,0.017263395023173755,0.0023676485336734387,0.002974045876581455,0.008814180355706913,0.0013371844624363582,-0.002214714093396908,0.011652184623208717,-0.001209766086508579,-0.02594688230116926,0.006155978503090909,0.0012404712922995387,0.024426283150677408,0.01555581300301756,0.012561309027104173,-0.00591305387387997,0.007262835250079425,0.012467015736907117,0.021778453021513933,0.03049421186892287,0.030381536759393146,0.005444259572986665,0.013855008400164959,0.025216885780416476,0.03351724558863145,0.0012000025862994868,0.006939327094719783,0.013871254998881977,-0.000613887557999071,-0.009009034957223716,0.003123000396361597,0.012765682239250564,0.026689775583089492,0.006824998377789937,0.005417054342486072,0.011072007671764972,0.006573392509897191,0.0036620144920056497,0.016407945526071277,0.005161241836203034,0.005915125597423465,-0.004971167139565691,0.011861984627894673,0.028929354489033,-0.002565934444197837,0.012256103796272733,-0.0029633025077149266,0.0028819810481119923,0.0024675696432647776,0.001182294537198425,0.006495205921896785,0.009825780635665415,0.005103145619424154,-0.008489004973184278,0.003193880011991057,-0.033921511469449994,-0.001574051239188079,-0.005333955622082054,0.016195868057933493,0.01282229535821422,0.011946744633012152,0.0259643167032797,-0.005205728400553444,0.006891656854437489,-0.006260220478028433,-0.004792320197652522,-0.01254211849262088,-0.011422926928625787,0.006499144735431672,0.013053496444737078,0.008404303204320174,-0.005544513648574778,0.01022848530293552,-0.002643417437396489,0.02691146290746471,0.0033783912223301904,0.004080463653203692,0.016578076594352176,0.006578412984404647,0.001927541077047401,0.068597605187116,-0.0025054783257576485,0.005181404116229027
2023-06-09,0.004703925270122644,0.002159823746078704,0.00675150886083542,-0.006599595129369917,0.001398539774528862,0.0005222368860746673,0.0007368918268784164,0.0016304278195331534,0.0406199151040636,-0.0054029060614435576,0.03197021907990205,0.026015570323945303,0.001372872002310066,0.034097900513237134,-0.004003152104192997,-0.0004025857013045808,0.00798030407982897,0.02372154853826114,-0.015084838052792482,0.01934524453133002,-0.005930360050101058,-0.0005873849695098299,-0.00952214730494938,-0.009059612474025758,0.006241562305165926,-0.0013121095879102818,0.0016840264982469488,-0.01293642636138026,-0.015611219332799409,0.004600393412321102,-0.004799199607224303,-0.01200204158439322,0.0001394060084414228,0.004293340321066097,-0.0016417447420953302,-0.01732577493114773,-0.0035714129317261367,-0.012207167809420882,0.0024903386684884676,-0.005819043833677484,0.005349005659894823,0.015614549101563124,-0.0009836340171076596,0.0029695136260869948,-0.011698640031457486,-0.007678132354290268,0.020432905717329586,-0.011674909873023553,-0.005629724216214882,0.00034190404673961616,0.0015643690263884569,-0.013122834875505252,-0.004867004784252393,0.0048559459963564144,-0.0009287811830538395,0.01072587032542538,-0.0005379265851466197,-0.0114147982802415,0.0061450624751957506,0.026500447100291424,-0.01434779512709461,0.025868193897618408,0.0004843379774550627,-0.008421056410845562,0.015354223135719547,-0.03373517507158452,-0.011809163868636396,-0.008335508740006214,0.005507604742746475,-0.0047019975338024045,0.006578977676251041,-0.0031837116190870374,-0.008360148242815502,-0.022904342486791407,-0.013446456477889557,-0.00988390199687661,-0.0025589554398147696,0.0005366369068424692,-0.004061647607614183,-0.0012459316154933564,-0.009204611465087442,-0.00794958442857352,-0.004012841140634937,0.002234534213030104,-0.009243997298856943,-0.0025010369814867373,0.0,-0.010778989262468341,0.009390258285386421,0.029995289835410777,-0.010757696184517607,0.013573369938566948,0.0005050299415194637,-0.008353405851621365,-0.0004270522229562479,0.0068359652605778365,-0.010803090115523273,-0.012838823059816984,-0.013500794349313616,-0.01804128082389589
2023-06-12,0.015483942061521594,0.015638740424785524,0.01836470181328087,0.025439515368102628,0.023023118720111535,0.06306081198862712,0.011535596776491852,0.012045216036916218,0.02221770896144215,0.007133353690970123,0.034181911103505325,0.00940434338924434,-0.0024678485986766585,0.045440539389454804,0.003464907323880162,0.016512277433423206,-0.004415361056332001,0.02543865975795767,0.05520100618421586,0.033762038550232853,0.011434230417768587,0.028577722077491208,0.020223911262702066,-0.006399679702134176,0.00281367455983883,0.003082523686052774,0.030872636919529572,0.03452084853745152,-0.0003030527860808929,0.019424803317757977,0.0100332074671996,0.005104124180001612,0.014589719226088205,0.028499379353837284,-0.0021927320739030254,0.02100289682699108,-0.0033282402341164863,0.041072208248286834,0.01654589950732177,0.01998993916605918,0.017095499855098062,-0.00013143411867311272,0.024492138835821686,0.010781565241021251,0.010566453848412927,0.0027855199245607754,0.05710160947469034,0.003780089107336293,0.008534034440023985,0.005281247989586069,0.012104650306019815,0.02351354650548987,0.011528381614185346,0.03399435048468136,0.004891593697140539,0.00493085089461176,0.025785247518188337,0.01399585499807654,0.03331847030241408,0.020669192535882175,0.026907721572990262,0.008219615175799166,0.029818973799541126,0.035593836455394934,0.021587122394711944,-0.00016325743025624728,0.00011952839619966404,-0.008134469315943527,0.007120675303794899,0.02131438324398327,0.012534639322071994,-0.0025550918259540367,0.015175073827504937,0.02076222777197989,0.0021093177213202807,0.007362165856983571,-0.0028355264838688665,0.012067598602607532,0.021645924440829578,-0.004241566264372221,-0.0014292544202508806,-0.019201642799911656,0.020467372657196448,0.016604094053727758,-0.007330866766964039,-0.0010941169424519837,0.014665885482019192,0.022916209755735162,0.022384968438643238,0.01363930346836173,0.0018912360983744936,0.03407583873268294,0.04829209014213687,0.01859297919711933,0.019438729511803476,0.014698211136650485,0.0379494372746052,0.009393071749107529,0.007001887740938573,-0.005249338904693812
2023-06-13,0.0073527268239528265,-0.002611653218746124,0.03900510007295099,0.0007111003199982147,0.0009961982785855472,-0.004956965847113248,0.0015367392619234366,0.0006433601289617119,0.035544128242966044,0.0020155649791249175,-0.036070930985723226,0.027737834591516686,-0.0019791128226008814,0.009186071901710058,0.03107648876141167,0.006339138227536623,-0.006881739599976622,0.01874898417365989,0.02540067010400837,0.0032053992007365917,-0.00024571938733464194,0.012713369395996654,0.019363425109055532,0.021301089758057445,0.005770939529583297,0.013148617684390684,0.0062269209391090374,-0.0031712446841165587,0.003343118611648155,0.004403992874692175,0.01769202748973986,0.008125158025559687,0.009754556131428727,0.02509853651904792,-0.001236043687794397,0.009381027788244234,0.007577656476568162,0.019595031444199718,0.008833293798597541,0.009723813341101728,0.02478346089119121,0.018005031049000086,-0.02312321149964136,0.002597552859298302,0.013235391383242368,0.00802463917557339,0.002488202882256596,-0.002667474818239257,-0.00260047833735666,0.004924422656896077,0.022119356654463518,0.03744386643438813,0.004662415100588735,0.01611603565343378,0.004206963769577188,0.005333333333333412,0.02103507651083847,-0.002415448338803361,0.024939870400751074,-0.007564468411987102,0.009307009735999294,0.010916137702712048,0.0005640458498124001,0.03364690035138285,0.0004888714198540978,0.019468188312208756,-0.006691422770364386,0.006014144204309346,0.01758522885037017,0.017351437725300567,0.0037139076128798187,0.009285972455271407,-0.006132563538081892,-8.946847715185502e-05,0.03610756828916695,0.015235918201326637,0.0037914527431572864,0.02702693687606228,0.0005118019787073713,-0.0027562167570064355,0.01240456052874328,0.0024664101424487495,0.014371504524561152,0.01229289300803682,0.012755929811621325,-0.009036125281401852,-0.028110135144543413,0.01768065729757562,0.03324045349427496,0.009879715591007754,-0.006921482284430569,0.010321840328575638,0.009470307541142198,0.013485304292446765,0.006050440050533679,0.0034558913286995008,-0.006245810779138772,-0.012884774641028995,0.009797767992133277,0.010554079750826784
2023-06-14,0.009123777902440233,0.003491350161869189,0.048144897716418944,-0.001894879884926648,0.007481935443378829,0.041192778644292716,-0.0012921235544167686,-0.0004018568804562417,-0.007421371317580694,0.009922977054467541,0.02248456660406961,0.011773286750715206,0.008978764697007424,0.0011273900414028315,0.0028130197864701945,0.0031496033428162207,-0.014089942733724548,-0.00827773669348797,0.04924806815562488,-0.002971705079971687,0.003933132896062341,-0.004372629568691444,-0.0016346797752972986,0.0013063348752506698,0.0241559512515932,-0.002933699647456822,0.018417562242738494,0.0071778805947635416,-0.001629658838221082,-0.003332401719082556,0.004899993334532837,0.014104387424427545,-0.019955594565078116,-0.002495169411667608,0.005638009156112567,0.0013544643077447738,-0.006373486544937412,0.021101710280124752,-0.00873377282858634,0.0039876875005380175,-0.012301265445214482,0.015620954024968547,0.0019180718397382446,0.0002756355809956368,0.0055516040763319285,0.013165961640684287,0.001921520102782459,0.0006292809937993304,0.0058352626654392115,-0.0072358636007804344,-0.017866202042830737,-0.003817959634895174,0.005156397997369222,-0.0014274409782226716,0.0011405268432118643,-0.011140615933769915,0.015182659240713159,-0.00449679469557851,0.0012190434329293343,0.008813026099617094,0.014044623679480894,-0.02269004345292447,-0.0017852338707267101,0.010850546203590605,0.02402542744991476,0.027619336586390375,0.005774129349124468,-0.0035326377937614506,-0.012292934763512897,-0.0032019126007885035,-0.017355309520114437,0.007614205825909215,0.009512763273689995,-5.9620647021474404e-05,-0.015080483314202198,0.01024895042299101,-0.018346157571034527,-0.009158915314996463,-0.015038375659367054,0.008040193491417158,0.004555465224983513,-0.025219120720182953,-0.00809597143520624,0.006727525516715405,-0.007623451828130734,0.014460713818156723,-0.015134654552744653,0.0007553652337037864,-0.002504344536801706,0.0032409643089137408,-0.010137801026771753,-0.00025378061464675916,-0.006519317083656939,0.012938282162976877,-0.024759202328838326,0.0011724456706834196,-0.009669309782489255,-0.008701949665774866,-0.013771534383435702,-0.01566578171664368
2023-06-15,0.03189663212910987,0.011198682211304156,-0.008000563833848728,0.005458016543269828,0.03102242648400999,-0.0031032070490516483,0.011482155655937243,0.011336257382580373,-0.0034659239799892383,0.0037556533059648345,-0.024267681794154616,0.01000318425042046,0.013866946390309609,0.02373158073901882,0.0056904835476083715,0.019034561187790233,0.03678243922551361,0.0017017753798700408,0.006745302175899859,0.022612156134390826,0.015426078985342873,-0.007508660284355817,0.005476520141395325,0.027712811300784956,0.016095525958974788,0.016008335261735285,-0.0043403217568975805,-0.014332696660431687,0.023722181165046763,0.02381509655292602,0.015510137593670814,0.007152727648664037,0.022583205911956394,-0.011621219107989411,0.004512537172825626,-0.016564743478403088,0.013470212865498876,0.02196514732893151,0.0007174248020993534,-0.002053497637331536,0.007243949553302542,0.02732937048329065,0.009844578531342574,-0.026341969917499486,0.037996821184859364,0.014203723739371732,0.021655738354565024,0.035377359339332726,0.012940008213107923,0.019623120463578392,0.013066926778921628,0.0003065949095264475,0.005471951048718893,-0.014771288416443817,0.010297108452133497,0.0027897225830904038,0.03221204766758401,0.008918280114902144,0.036899974298354676,0.030851552371056856,0.02951864692032591,0.003636393513712921,0.01543674155332142,-0.014658317774851493,0.014368689988371708,0.023852562569741442,0.015189530364734471,0.005454070709739689,0.01443006983359485,0.030944198062525574,0.01586871641149501,0.0,0.007258368823182648,0.0226696677211502,0.031178045066508675,0.015338123143214588,0.02542264929033622,0.00598879181218237,0.01983801086752912,0.0174476765098599,0.008522313950595217,-0.0009464830284183767,0.016166987821349732,0.009174284179345849,0.010020014419147794,0.019475252263915888,-0.0072002524498294695,-0.018762108085504825,0.005297173406715983,0.0074780892532591015,0.029284653019748808,0.005014238469251531,0.0073623413547194705,0.004717390136768751,0.028858212083279433,0.004171792761908932,0.02489751120236794,-0.039502557340103994,0.01618534513415759,0.015915104266073676
2023-06-16,-0.016575752456419512,-0.005859880490725833,0.0009143897253502953,-0.012744888197649074,-0.002944990284249993,-0.017341506911958793,-0.012471001712878071,-0.013753107117753793,0.01813214052015355,-0.010450070558708502,-0.03348354881071658,-0.0298919709097778,0.0017768917146938623,0.00869810959609385,-0.0030549194799333046,0.0026959250688562975,-0.01378428673376042,-0.007523665565760895,0.015354529361987002,-0.0028051079006492508,-0.006510741495442285,-0.008422010773177724,-0.007468144524700127,0.005340576114798656,0.0033204264001276407,-0.003730400641898224,-0.01685550767013566,-0.013446015436292313,-0.011494539618503885,-0.003408880398767189,-2.556544250542636e-05,0.004833354768586151,0.001583953032457286,-0.006854386937974799,0.0014974218856860233,-0.01627231821560049,-0.0017721441727650555,0.011197685370658128,-0.011604706258137587,-0.02275649799379431,-0.00811712116705321,-0.011754478493310683,-0.023721801346297533,-0.001811139227387737,-0.029222190352847455,-0.010429150014782507,0.006491937517137725,0.00880792474555081,-0.002071610384529632,-0.009132142440679725,-0.0056904978150873475,0.010728000528815507,-0.005952355079292149,-0.01467031864130608,-0.00511778590920986,-0.006098862619386858,-0.008515017979127015,0.0019515344708320725,-0.03581264028397624,-0.006718503990899238,-0.011006897661397064,0.02090300941118106,-0.0003707908467348586,0.0014055887703752212,0.0010192199406284796,-0.008861965786706172,0.000589102890855786,0.0032547531884590253,0.0060455217361430336,0.0033442426709668904,0.0024710862706716075,0.012909254946749993,-0.005688962792956498,-0.0046959773675911975,-0.009616864449051188,0.0008326358401131717,0.008040719003438834,-0.010870924995258213,-0.02484980528300007,0.009554125246548972,-0.002558351942020587,0.016421930924646944,0.005251837789686409,-0.00028060074418712055,0.010912695972346897,-0.0002226613088435192,-0.0011750851214324953,-0.009340642572759239,-0.024095720570947887,-0.00724444778686173,-0.006218929225385139,-0.027346229197925842,-0.007626303665545953,-0.01603583633020178,-0.014270887615730588,0.010495644850119668,-0.019386526040241825,-0.025133276529305415,0.020299740846007497,0.02872066206412982
2023-06-20,-0.012502552937743827,0.0004866771511018442,0.026140665214844372,0.002310948445805039,0.011850486022297657,-9.21035998164843e-05,-0.003480938309924464,-0.0016927219781176506,0.05338912722001776,-0.007543229299857512,-0.009576961262016681,0.006343228090923914,-0.003923864512381026,-0.01882145373817845,-0.017613087795140148,-0.009986565408322101,0.0022913241315203337,-0.023312688321137087,-0.03766837976681159,0.00021977914375725938,-0.013592266090314054,-0.002951043150755006,-0.013577698410663586,-0.004659093038215767,-0.004645369344620676,-0.012662005758300232,-0.011232664722069519,0.0026605807848802954,-0.001643356433259302,-0.014947287901568962,-0.0023497424800407174,-0.00588991938096084,-0.004699116711117446,-0.0020174393798108037,-0.004213640884594971,-0.0009464656747660838,-0.01458282420718049,-0.0199975366089008,-0.012896943289556817,-0.0020363934841496345,-0.01403492880762891,-0.06948795368603289,0.0025110065993618758,-0.014572506891156745,-0.019724104490346672,-0.00903340094341687,-0.01732977816650727,0.037031447737039924,-0.014083326108057181,-0.001664848713149203,-0.010937309428866615,-0.012383179840537384,-0.0015397801781544818,-0.004744717046760161,-0.006604470088842129,-0.00968889581001764,0.006025232164814653,0.005614091093293583,-0.007072573802510251,-0.0009992688448381415,-0.015388776256837433,-0.0035490326050903187,-0.005192855875468805,-0.012866984461433306,0.001227093191437545,-0.014902004027690263,-0.004592009752114268,-0.010002777231486903,0.003004562803884614,-0.0016769094272420793,-0.011884835968348106,-0.0074603008215651245,0.0031786394806074814,-0.027488000091577813,-0.03495682840019543,0.013905374107825885,-0.016883864023540918,-0.009812900654263212,0.009712796920895883,-0.011404936094331242,-0.01748795224589772,-0.013748673271222756,-0.006760946973364934,-0.004771208946661276,-0.025188108127264353,0.006458208269418009,-0.012404202988871904,-0.008541367270414213,-0.011079871692294962,-0.009151531546726543,-0.013297848849658678,-0.03473794581876366,-0.009766260315287267,0.0023490828260326335,-0.00031585975023784574,0.002813036579381034,-0.018166757288968105,-0.04765629697358165,-0.008570517140800704,-0.04822336407642025
2023-06-21,-0.013282030458539151,-0.0056753030870986265,-0.017416852171072028,-0.00755284590127181,-0.009460739460712575,-0.023466994763814752,-0.020714829033075532,-0.02091236471376956,-0.054618400747766804,-0.00015396784291754617,-0.05734465380748355,-0.023579479439071904,0.0006475372012757497,-0.01724771460479657,0.005343390636430634,-0.013579064467496793,0.01104927985559545,-0.03388413928337819,-0.05999995640345979,-0.010107015696976585,-0.0004921372555130032,-0.013355515784397198,-0.022252838203891012,-0.006780712527186372,-0.012475967743692196,0.006986073841881435,-0.016442428236650763,-0.01380484648607705,0.002711830068155452,0.001721661950122133,-0.003123362953338593,0.005924816069959871,0.0012711039624502263,-0.013512040343985898,-0.001638039081119369,-0.01726777763044829,-0.001286816050691142,-0.011092747793317703,-0.02103330347212251,-0.018197950944985553,-0.019438370516447034,-0.01735738590990843,0.010987388153510969,0.013406996496158952,-0.05411622585776754,0.006684935330390829,0.007987363864025099,-0.010161082224474094,0.004252327529130628,0.022278174867264466,0.009643821941284214,-0.010849514756436474,0.0008567381175057509,-0.03254978295796751,0.0012725980740879717,-0.016197389915978744,-0.017475657308092973,0.014127897238127796,-0.01891603217942417,-0.016234520201077407,-0.007675174764868564,-0.0012328265464469634,-0.0003728646157951099,-0.01694513941839404,-0.012203689261670148,0.018839115501342762,0.010764088276082662,-0.015019094841689506,0.0156828086281664,0.0074654848293360665,0.005523901981311141,-0.005950533424417759,0.009125490580212059,-0.009280982065381527,-0.025436718801577718,0.026608889197327956,-0.0077079069418104496,0.010306537739846355,-0.04902769806379259,0.004172758025072998,-0.014555841420616056,0.005513089245588354,-0.022586619713156453,-0.0032713018672954064,0.02315438093030231,0.005531707718933632,0.001940082337937854,-0.014656495847494067,-0.04237045368059811,-0.018894720388019315,-0.004122377085639006,-0.025628934916842372,-0.03896523697442755,0.045627737605585805,-0.017957784365000506,0.01028560704255188,-0.011180971211746993,0.01476622734798494,-0.025625191088188615,-0.02399997711181645
2023-06-22,0.018437444362326527,0.016525294494369236,-0.00046465838392184544,0.04261789623803569,0.01150401244801591,-0.006169903775624208,0.02156780098134714,0.02152400267500676,0.019848894111198723,0.008814166377125066,-0.012576965965863884,-0.004641303249020123,0.01035438442308223,0.00020938171994044907,0.005369002521847799,0.005309743674841716,0.012511333688160375,0.005528674653057397,-0.005775149926871448,0.0006880730682388148,-0.0009846652358890262,0.016463013317806974,0.0126115040424426,0.011539862814718305,0.011984941619364031,-0.005698756877513422,0.006838859078596382,0.02322549951755226,0.012898045572977468,0.014215814787245984,0.001335410970198625,-0.010012803032884543,-0.000725442799603182,0.003613018551145819,0.00820342465310464,0.0239905623704475,0.0064424687033608485,0.04281766200376924,-0.0004925445815121554,0.014293772834790053,-0.004429606294322541,-0.0019170120770716226,0.025278705701880178,-0.0024414756285630057,0.013555765488386218,-0.0006036962607562923,0.003922799337764182,0.00557262413569326,0.0015827112305690783,-0.005736040989012481,-0.005221549289903704,0.007088137033526509,0.021914034970736074,0.004587943326496369,0.012469052240346556,-0.013812154696132617,0.005322286126552056,0.0032580710995095963,-0.006154432183822722,-0.010480243711000536,0.010547039706969352,-0.0019202717324197094,0.006713924235785207,0.0019286844729404784,-0.0022438850848548464,0.013041511848229215,-0.004095944840502352,0.0,-0.011797368361837646,0.010086027381771334,-0.014088286006435857,0.005671087160484811,0.007410152192138142,-0.008729226619147434,-0.00487318360764688,-0.013473398955300864,0.007767780269270386,0.0044468214930204475,0.027844218953825273,-0.009044217386086628,0.007064279164917808,-0.014255500281403766,-0.009180149228444567,0.010242177150809662,-0.011151202202039912,0.0034767770525865327,-0.0013927611256048245,0.009992020625267273,0.009086582343085903,0.0019381784539975744,-0.000796100153869328,-6.910435072982057e-05,0.002860060356162153,0.009105575491031637,0.0412912758722519,0.005125914335037507,0.011407408990829593,-0.02263538686835942,0.01045627152377393,0.02459013990675496
2023-06-23,-0.013805900795904158,-0.0017112691134693048,-0.018965726117627812,-0.006300361919969633,0.01351448342293926,-0.024073179300399983,-0.006577386747478542,-0.006862081897702099,-0.030270888067223778,0.00045782187864618074,-0.006233015637157835,0.0036450908618101963,-0.006832125634357533,0.01495040589888097,-0.00550133702758937,-0.0154537777256748,-0.011463401281174956,-0.025515474070185618,0.008865818515568336,0.004103464906713983,-0.01207495456769081,-0.02051533891657986,-0.028674112651456474,-0.011103383310528625,-0.0010987893197230703,-0.0027909173966018663,-0.014641527859669767,-0.01792308942048748,-0.020153841693593355,-0.003331811954009445,-0.0001026110079305198,-0.024888469749204334,-0.029809402211306013,-0.0009134284476266519,-0.00867913490899197,-0.022315872666389347,-0.008193565288023064,-0.02091106394826059,-0.015417847250689398,-0.027208931053097074,-0.00740084879198788,-0.04239259656695038,-0.0120981864125973,-0.02413344774457571,-0.014746290193904832,-0.011174839174393991,-0.025242229998820087,-0.02377128861998523,-0.0096045165540658,-0.0083534160412998,0.004224834572731373,-0.030619016912210473,-0.009716837488716212,-0.02198916205256274,-0.002618915812844458,0.012436981628588972,0.005656108597285048,-0.0012318097042819387,-0.02273825359281001,0.0018179209851110212,-0.0037573652959591586,-0.001786412799434367,0.006483925375814437,-0.01383543657216968,-0.009815831143384579,-0.012934026568949375,-0.01891892643031201,-0.004435815047568958,-0.0012289272463015255,-0.005991201569311988,-0.025972854110160704,-0.02318295016758909,-0.004862229074927615,0.0011352677519254062,-0.016434290353293246,0.004050908193748759,-0.02474637291656656,-0.007291733928849964,-0.008783088159308838,-0.016526935582430125,-0.0015942363739132048,-0.0035756611338753075,-0.00894564811890941,-0.006329495830050602,-0.012603620748739663,-0.01605187707335598,-0.0320803633330613,-0.016076451424814175,-0.04414101488052957,-0.018852813402546964,-0.010516250240014124,-0.014774920213724174,-0.03220939379271137,-0.0027764915314625327,0.0041971494085235594,0.004745810047412702,-0.00237445333678743,-0.02481391124471144,-0.01536531139844488,0.02133331298828134
2023-06-26,-0.019162984659683246,-0.007552970101992296,-0.037361674407103695,-0.01546431587167707,-0.03553496129680411,-0.0006325117263368263,-0.03269576687702691,-0.031946028389013836,-0.060600166336257755,-0.0019449689697611516,-0.022725206358092165,-0.01905567374561934,-0.006341741753759345,-0.010748455689794989,0.00032379480928601545,-0.0023843183432588066,0.015436769613317303,0.02821120461635207,0.010303034926905763,0.0013474681311114178,0.011723652255281491,0.02741232841012109,0.006381246248547301,-0.010479524795985684,-0.006416934672279662,0.012444427701219007,0.0026041386661181942,0.0190058596797007,-0.0031136204425594727,0.0012968651499458694,0.005963634245879534,-0.001118496899055188,0.007996966938386807,0.002151198726645376,0.0017784526063775452,0.003501423663848424,-0.01174652959558986,-0.0005739091098110327,-0.0056011205005011,0.003367257786488498,-0.010252142474231674,-0.003151879814962011,-0.05787244986417395,0.00034994202194038593,-0.012808885597423325,0.011301127456206483,-0.012827756437534643,-0.007469375287783353,0.005760581032331347,0.007450597534147008,0.009816377092052964,0.018601910336642824,-0.023684681296276877,-0.0012106484813849683,-0.001323724213437738,0.0029880106379223115,-0.010393689802446593,-0.0010091261892754,-0.006039610003480855,-0.016804712058524407,-0.007403251940332312,0.012940562352760754,-0.009663197279312752,0.010613579409924023,-0.0012825944858466665,0.02421701479919869,0.0034734809312193526,-0.010025079695941796,0.011952897037638355,-0.012218605662375315,0.02094486372013038,-0.001924293308375069,-0.0253068986568461,0.03248745293359434,0.016118174363792148,0.012218992029899178,-0.005407645241207626,-0.013247567354876644,-0.0035230259155070165,0.017557080052481577,0.011337310730102246,0.014513554008598772,0.006769796304761044,-0.0027057257274718527,0.02552906339252803,-0.006017410594108652,-0.010333201725468144,0.012568625979292314,-0.023828645334113996,-0.010452513765333626,0.012238359982362779,-0.006937563108246447,0.03761487320677315,-0.0018096645795888655,-0.02566727223442611,0.011702420386989099,-0.048544619303915626,-0.0008481958366575171,0.006050972495728724,0.02088777120580798
2023-06-27,0.018167988769977272,0.015059066345298966,0.030616268500605504,0.014529104045574393,0.030811170088894002,0.0325815992261238,-8.445586568550656e-05,-0.0006717121850704499,0.03800042956291749,0.013201701129690324,0.026788179668795875,0.002740741751618314,0.007193476312646663,0.02035406779686899,0.013595556259865749,0.012945658986875275,0.009788594777047521,0.02709426165245632,0.022795390463554277,0.012640659917566799,0.022682399847036017,0.048283260748577916,0.044799985532407494,-0.00943352092507388,0.01494644266461731,0.0037515771545393317,0.02047370557320005,0.04647519104417608,0.032342453948529526,-0.0009498260994363905,-0.08706236467303419,0.004988270864544786,0.0003247996956454724,0.03241391361825241,0.00955888182648712,0.0400828816314589,-0.007183848483568123,0.03195239207802225,0.022938106757323773,0.03547359077157908,0.025963000258019342,0.030181063795026164,0.0056944171829564905,0.03381728900659864,0.01741768044021419,0.010872866315774443,0.03865834680751057,-0.0031607326423243043,0.011990867550050188,0.004014372496503826,0.014518388324338938,0.042247713344986115,0.0072778026391544515,0.049177491819703656,0.02318553373996024,0.0024274658211449474,0.01945984692092151,-0.0013467465683779656,0.030232131492794245,-0.008987343298808792,0.03658888534821214,0.01603697031545548,0.012173567058485268,0.047561596035514464,0.002006581646587291,0.07392234063815795,-0.004058204139943733,0.0008439548421386167,0.015459430160956744,0.004939614060507358,0.003795735771834341,0.004177350811723324,-0.009383076199212304,0.05034431016758578,0.0021592434094224178,0.024029161473824168,-0.0008365423836618202,0.020470466800675435,0.02517683946556626,0.006162188855818318,0.03718328556052586,0.000786027929268851,0.01072689710956376,0.0041827125300861745,0.014412008411825772,0.007309438936379031,0.0048654936433631946,0.03667343601075834,0.021067312590657306,0.022517377742938605,-0.006681545968254654,0.02081713928783202,0.04961579001704064,0.022801680009550518,0.02200111876901678,0.019719893661621413,-0.04403800287680815,0.041595987767385934,-0.0933840059730986,0.046035821689492495
2023-06-28,0.0038258025264543694,0.006327780797909854,-0.018124931132126654,-0.001083754432466999,-0.006131263971055234,-0.0005422229601820261,0.015634230081078115,0.017393493468344845,0.0240996896954786,0.004657422026908442,-0.0019929452116996815,0.030593675497335715,-0.013532403909042423,-0.013980003865921797,-0.0020758450546822793,0.00019658516345288923,0.0007344209801012358,-0.018782869878986252,-0.015542486891871765,0.0013071174108689743,0.004580487676127509,-0.017195525213131058,-0.0076569160196257036,-0.005839823225342378,0.0089692202629994,-0.004130994162578783,0.0041922260137561285,-0.010752327249844096,-0.012550228625287319,0.010543914823672784,-0.022427344267196725,-0.001114268729653256,0.0,-0.012891209706740625,-0.009603666732609928,-0.005241859472862931,0.0022365236701431535,0.007234021029097093,0.0008669457759167276,-0.001227470937634756,0.0024475417444249636,-0.02050782944258689,0.039239625955937774,0.001973978390022557,0.005614066852279276,0.0035852682255219648,-0.0020330138202464543,-0.0030198485202972414,-0.003766375728985416,0.0017532950135819014,0.0039820768092801995,-0.013778003517930792,-0.016858756652833873,-0.008582281836179595,0.0005734481577719386,-0.0033020960638622254,-0.00561945633741967,0.008204042481441132,-0.0026589462679665887,0.023643709870002638,0.009095820467491578,0.02314065915068597,-0.005325026081574591,-0.010371070967260976,0.004619275438099368,0.030673365068716096,-0.021812076241276124,-0.01573921710150783,-0.006842246278581987,0.014745939592844426,-0.0032412047478229677,-0.011200012207031262,0.001557061723851172,0.01568510730270023,0.019308874338363147,-0.006561347307660226,-0.009906503454890525,0.019278408514392664,0.025708005243065823,-0.017883379414353362,-0.005480295280437475,0.010131958204676161,0.003801645172009094,-0.0010132158665979718,0.0051662851456091285,-0.006499606829590054,0.003781504719843287,-0.0071841040859654814,0.030948816133671064,0.003061951663827056,-0.01921840125936336,-0.003802039526021872,0.0022282251403538123,-0.00695383872786548,0.02492659207669856,-0.002460028832584782,0.005887814829517168,0.014669873250703347,0.01536314746628964,0.04400973633820793
2023-06-29,-0.002382070257578861,0.0017965460390521049,-0.007174677410053287,-0.008834406537251538,-0.013179605499689107,0.01725358497144791,-0.008986535432785936,-0.008837129820308487,0.004917303362650394,-0.0020833058877505195,0.00971226025785521,-0.0037223295113233412,0.0009799016742555455,0.002777597492349848,0.011254236890858138,0.00668370669799212,0.004182813880962533,0.004423997269151991,-0.019660406714685386,-0.008289270757171674,-0.004799543005289508,0.0013885784207263718,0.010459456458860483,-0.0006777547247709403,0.016547477524929022,0.019604944299768556,-0.040852808651212436,-0.0028341077968425665,-0.00396031408932962,-0.0074120705643524465,0.011985133868768871,0.0007098640542637646,0.003942331529657395,-0.0022116807922293313,-0.012838055527653602,0.005901857710881142,-0.0022315327942281638,-0.00031570115582868485,0.001755823506301546,-0.0011599536760198426,-0.0035751976021827225,-0.01865827625232752,-0.030007694021345177,0.020319714825726365,-0.0075814382279317805,0.008335777851293136,-0.019822916506637478,-0.0025745596257471526,0.0014100675329424828,0.0004161591422784383,0.02392166953241781,0.011135842151393405,0.004724350583685366,-0.028300329142267877,0.010591310606675064,0.0035339556492484103,0.018658002682333086,0.006130900204780021,-0.0005817274561380481,0.012023447986683422,0.010224599597929984,-0.013596560917410572,0.0048920659646176645,0.01280864157773176,-0.01592023982558144,0.014745176291776074,0.020093106278621375,0.0,0.008267301599774735,0.006411026824525212,-0.012464973939391166,-0.004530724640025019,0.019302990240226636,0.009154339000102985,-0.007235767395515791,0.008843623635219844,-0.0015501777307045383,-0.011245971289686518,-0.01732047428637562,0.0004988889420689535,-0.0016072761976210215,0.010885575692717087,0.018463026721843523,0.0178611575684946,0.007388418110683137,0.000448116253690678,-0.006654405337535585,0.009538458012441131,-0.03145784660075701,0.0053652068930147845,0.0008164473496108382,0.005065545239381741,0.0019056523671356906,-0.014073891255098725,0.012486813119660711,-0.0034935917369651737,0.0053114249390529,-0.0024096171430353364,-0.024415374358163766,0.01405150891043383
2023-06-30,0.016385676621321066,0.023102510509079632,0.036254930548998754,0.019233769000189582,0.019358548753817706,0.005634308299959034,0.005037770628111948,0.007999325617733977,0.016582481606492783,0.012582524423418118,0.024002210082830766,0.028605455537432656,0.007287341213334297,0.010790254334184457,0.004984266775734492,0.0103495919443366,0.015054060316598727,0.008300892573263052,0.016104490481744893,0.005199410028313478,0.0019290574874033517,0.002149327933000489,0.01827032699243558,0.0038885901433853842,0.010192361093580349,0.004988612259443359,-0.018964731633416165,0.0039040540589485584,0.01672502738631887,0.010712881454395973,0.014285304425794232,0.0038508031236603735,0.015383842137025594,0.02812962819947984,0.009131207432981014,0.016323319673973602,0.013945500970963698,0.008605347412562248,0.017550852705648268,0.0019354730923000218,0.026166146678936464,0.0034832780617484183,0.011225425722121374,0.013350240590869644,0.02000131616190659,0.006790656908459702,0.024460473423757012,0.013209880633455295,0.01438684939805901,0.019073633172727256,0.01258928589569619,0.02462954697757036,0.0003483186764448032,0.024156242474109302,0.009808209653381583,0.007483220915841304,-0.005415620614576122,0.010525115508066785,-0.007614667383845086,0.00445515127835594,0.00665867657990149,0.012856212855363536,0.029943918660719326,0.030006816282204474,0.02225460491828679,-0.015968063872255467,0.01128987254256475,0.013706440204512171,0.007687064501225471,0.0156525327201964,0.023232423607312702,0.016579981309719827,0.03253682700386751,0.012931516863680104,-0.004995500837790101,-0.012427904044027716,0.010162332197736212,-0.0019387555971818182,0.02001037186358312,0.015706832673361815,-0.0057493293794217415,0.010383864014736455,0.011465724407690558,0.015776397452571977,0.007971938620354502,0.01236168967627127,0.009640949823231049,0.027150303543509002,0.03817123355755503,0.012942804412502174,0.014357925277743488,0.010080134981923061,0.0236170815479968,-0.000765967619831831,0.019851609702135065,0.011617532324360358,0.010782252093219702,0.009661826475196644,0.004229782458053943,0.04618944333170205
2023-07-03,-0.007488160705236169,-0.007784680606965799,0.0026240269915585035,-0.0010739443770555468,-0.0033452572858880814,0.010387016637309898,0.0016708820612851838,-0.0033893003056298943,0.06895373445427366,0.004940698243632191,0.016767588195155003,0.0021567169018432697,0.0020516406452222302,-0.007730217089893965,-0.007662388509091955,0.0015461541121424283,0.003095809600184518,0.00882052599368155,0.005382784466743784,-0.01444814396192351,0.005054129683000008,0.006434260258537883,-0.0014443381816138245,0.013467210957737397,-0.017283744574816406,0.003855436394013534,0.012517840403851288,0.012646618343131744,0.007576837033088424,-0.012332688166653338,-0.0006262020007714586,0.0009085803503268153,-0.004822774425466192,-0.0024639173222857913,0.007814637726151874,-0.0004123163869179658,-0.004541306286583446,-0.0034049357594276852,-0.003215346190279078,0.012597454132890595,0.0037523009039395205,0.031096348638394833,0.007724147056086705,0.0029396988347532016,-0.006195876854181326,0.0070381727039940944,0.03269352623032917,0.020530421823291345,-0.019413362350450325,-0.008604596261029607,-0.00011957126178141486,0.011969964308686132,-0.008530603681833782,0.026262959633380767,-0.007092290414116187,0.0005460996253054962,-0.00575502702762587,-0.010525151782794895,-0.004447503344874759,-0.011594412321683456,-0.012303118412972824,0.02996599019100632,-0.008918220141751698,0.012278224673287541,0.00240423688800373,-0.005084529770960078,0.01330169580968632,0.008732433050451238,-0.009832205705232355,-0.023993027192624083,-0.0035755923487820196,0.0063958699284625276,-0.006770007838818093,0.0022593491599089965,0.0018930317443093259,-0.016741549031118352,-0.0883051519040493,0.002978447602994816,-0.0009147828867975827,0.007609169018704343,0.009020803365263008,0.004491445913133774,0.00428919706698383,-0.00152587890625,-0.0003163628183721068,-0.015617390604614756,0.0020712526777204587,0.02378938418735821,-0.0013110137888316942,-0.01005231149386443,0.013028814494892904,0.0019821823655752357,0.0024774857258971217,0.02766551373312276,0.0010463106245339748,0.0038732811310500104,0.0033601237696183617,0.03748008520403201,0.01860304285375247,0.02207503311281278
2023-07-05,0.00047339763523290834,-0.005871375056598072,-0.002263436785952866,0.0012287180203460757,0.02919378513477433,-0.01663549934876285,0.015429511681213759,0.01716987173807949,0.009506123909958086,0.00016639593953304832,-0.016145767151695134,0.010103278883680566,0.005280149220428854,0.004225012564970321,-0.02887670118993213,-0.005982272773382147,0.0016507265091256773,-0.024648173659230332,-0.033016081071283176,0.013884865938782687,-0.006704951881008503,-0.02206645141218533,-0.01796837909569604,0.003866541030248083,-0.006368431802616814,-0.008977486070952723,-0.028794993875590258,-0.03442445119081328,-0.017197225214269918,0.0021578386632779,-0.0003620851925260071,-0.006959177315051801,0.0044346968392547925,-0.022281695004660595,-0.003945053830768597,-0.034878931163418336,0.006777849775712497,0.012723867031613656,-0.002926244793146182,-0.024813350754206875,-0.01223445071663809,0.007714902725488582,0.04490888825261785,-0.011453078539241157,-0.006029082230296301,-0.01368669827066693,-0.0049868049238559475,0.011013216105797863,-0.001374521306081955,0.0008024768255172621,-0.016260170017646902,-0.016704517125969987,0.0003511932835071896,-0.025101827858719283,-0.0008798119249386893,0.0058952065995929726,-0.008860547071656288,0.0026592561082496857,0.0007364219809564698,0.008266499046625908,-0.004688000085020794,0.004573759554554302,-0.004589170515976515,-0.024920080222631258,-0.009014030718020094,-0.00038052608997041215,0.005625918408936892,0.0011169254201679468,-0.002739254371342037,0.004651350143548116,0.01264910753811832,0.008897384580707213,-0.000495735708477496,-0.0014938030752633669,0.014868951849828838,0.012684271320478002,0.02773942618534475,-0.003615220017167853,-0.00010176148272766916,0.010475038079600596,-0.007488314847582278,-0.01023107901439435,-0.0004575774925870135,0.0055124686175462845,-0.0018987172537366925,0.01595506989554063,0.0015765562050946702,-0.04007027583849665,0.03084908575641765,-0.009267468010914826,0.012861247684636812,0.0025922975121479563,-0.021470488654840136,-0.013765503237901155,-0.004496636145875255,-0.01820891165777505,-0.005794154615045732,-0.01383553435888385,0.008270150493879802,-0.015118827198955631
2023-07-06,0.009226660279469279,0.002508732153585047,-0.005057103718439482,-0.015493205988729275,-0.008085079737372824,-0.016081481432171252,-0.01347022085953542,-0.013862814860291506,-0.021028045208104085,-0.006948440729024563,-0.004124559928878946,-0.015833141186883948,0.00010721552291048653,-0.012252187951099724,-0.007379347367231448,-0.0077654382491879614,-0.002866107075678581,-0.016306634316591406,-0.016610244111302852,-0.013847624472746234,-0.006509172149067877,-0.013215167275527295,-0.009686690459993708,-0.012838715656916966,-0.0112312433300783,-0.011723093808108431,-0.013374183253110572,-0.012058953329342481,-0.01544878780618919,-0.007349556456028861,-0.018110137066576493,-0.022953505558044207,0.008875725877691254,-0.020052618729440752,-0.004643594122052841,-0.013613718594030044,-0.012946660119847908,-0.01737246355476052,-0.003766707305996042,-0.022859677983191773,-0.010536714705076888,-0.057767178563949084,-0.0751747856532542,-0.00043928087634315105,-0.010132349063621704,-0.012105103641622539,-0.02680536649596843,-0.03936091713191936,4.10654393763199e-05,-0.0037031668490196123,-0.005590654974443221,0.0034369173394970254,-0.006319125902014888,-0.016552443667204098,6.289447810159388e-05,-0.012372470123724666,-0.014824811146785022,-0.017128914343624624,-0.013735604453874561,-0.002889125906269774,0.004575480802795795,-0.0263058282418438,-0.011661552011371645,-0.01741491473722412,-0.02383039891432448,-0.00454141184521506,-0.00547786951032625,-0.0052998224489783086,-0.008240335489035688,-0.0024976251677131245,0.007441566156307866,0.01417325237604583,-0.018970846253560603,0.011206297254414022,-0.042496357140144214,-0.006544818473017466,-0.024604741374210315,-0.023584291019934533,-0.012209981310001505,-0.010125317588725036,0.006236027118330378,-0.026263459221063434,-0.012513348238963884,-0.008304829912494927,0.0019023292390851765,0.004246810184109329,-0.003148149176071313,-0.003657841302350362,-0.04005555909340741,-0.007810566418926523,-0.0004703338072352681,-0.03558546427229892,-0.024625060713000968,-0.00804454173064717,-0.025758766808809286,-0.014892364198191288,-0.02432766444663781,-0.012470759810097598,-0.005126439417529882,-0.026315764707210976
2023-07-07,-0.011867400953344598,-0.0058912720775532446,0.00950051067999258,0.011062622017709689,-0.005000142141537878,-0.0014740566037735325,-0.005245169013542328,-0.006532712424821896,-0.007630056425625198,-0.022926489078594847,-0.0027318045366390153,-0.0016862415471474712,-0.01886390223646739,0.008269401811981547,-5.483503069381168e-05,-0.002347856201364684,-0.0013653523742899187,0.006248925647240444,-0.0037534855946850243,-0.007331113086586405,0.0053385398104999204,-0.005770035121952954,-0.006406648718984442,-0.01941879053736084,0.003483352049005628,-0.0036762904769103155,-0.009472448484297957,-0.005040265511775388,0.001602912153366276,-0.021922769770228445,-0.01756452560566024,-0.0015591881626053627,-0.01312875471893471,-0.004726380961778243,-0.012074606017863143,-0.012371672806130052,-0.023871979876970983,-0.022928167713244574,0.000417580662652961,-0.0036750616081437926,-0.013821914344919306,0.03412612609363297,0.00019936067022441328,0.019885797129681082,0.003063870479327324,-0.004781824620143427,0.016853960677187363,0.009827661504040464,-0.013435245000456675,-0.010441314168011528,0.0059887297188603306,-0.0015168447717386346,-0.013071924933551138,0.005610367779103065,-0.0012368895972549865,0.0036263937478537844,-0.0025992125685663225,-0.00933215435429624,0.0025864424997152913,-0.0077525284841689635,0.00040185905805345534,0.012469140292370673,-0.017104204840970416,-0.0031073385310504964,-0.008963868228384908,0.010599368706468493,-0.012187986560535213,-0.005608546376759671,0.0017309758235886097,0.013802085840975975,-0.0024621770690405054,-0.013664612535166043,0.006319514441897489,0.00045730810113386866,0.004903219431614314,-0.014311700626166712,-0.008561460887253847,0.005972190932310051,0.00968268226495872,-0.0024355159638014268,-0.011476664384269308,0.04112601873746202,0.009735701782279005,0.0034483026455165433,0.04778481679282831,-0.00898635890708055,-0.03480818011186315,0.007450625600461613,0.021767973287917686,-0.003796014702067363,-0.013017535103621691,0.010159356051997914,0.012137886209539372,-0.0050600330263348425,-0.02606384186965638,0.0021696356942877415,0.004603307849337712,-0.010260466744917651,-0.00034353241745654906,0.0022521963774337905
2023-07-10,-0.015983674245080848,-0.010855843008916843,-0.007599489437462914,-0.020419182854096718,0.012287912915081467,0.03658692703720101,-0.025359945794775296,-0.027218217576819415,-0.01756370459810941,0.0037330197471199256,0.0036229006692860555,0.008240094273610943,0.006663760151307763,0.022832685599132763,0.008339902734902704,0.008040789055028696,-0.004533387618036788,0.010177680527237554,0.027943525473703712,0.03601147737107202,0.010137537191686752,0.00709314453265919,0.033045512918888686,0.027807006635148346,0.02710610111120304,0.022040790649423325,0.030173091019240594,0.015812419454673377,0.034859046793181525,0.018569989104345375,0.015755611166440975,0.03206657057574969,0.025235388475129072,0.03097515281845009,0.001388867696126228,0.02595269604530115,0.017065362855530175,-0.0004846525262020007,0.03345774859117401,0.018787534860838617,0.033187883113196426,0.0019999912806920594,-0.05778191137137567,0.028439075057362206,0.04095795745567932,0.009309350762567226,0.010666047510190069,0.03728099759900827,0.019261203123641657,0.028486796779904955,0.027943179686289232,0.031167307098126207,0.009128372041893984,0.01927302384176066,-0.0015952850691272058,0.02485488445807249,0.016778668864040336,0.024741803314885846,0.028575652614682756,0.030857833327804007,0.04258168575496635,-0.004361723556145614,0.019728296711742255,0.026206379255234724,0.015890468286350767,0.013002101764746588,0.0005931358621455995,-0.0016919785714269997,0.01693450078320935,0.04658543352963873,0.026798314969162185,-0.009445879793677281,0.013062055760504121,0.001613179812811838,0.035500912709703236,0.015441391866034992,0.005242929456981127,0.001451195328797672,0.03499286291210457,0.0004882924367850539,0.010371488928342831,0.012764369481221838,0.01989597680776023,0.022091327176716247,0.003624250367644244,0.008934500137482981,0.023666626948439795,0.028724546811526475,0.023841892107887563,0.03760495212666526,-0.004449368789751107,0.07745503676475285,0.028621696343514413,0.009474715577285409,0.015439246758753855,0.0052377958461653495,0.0033820373795370173,0.032695362732004574,0.023711358247850534,0.035955130585879624
2023-07-11,0.0019287426523706408,-0.002810024800285138,0.005334281804447061,0.012978852839820476,0.01424686281690013,0.0049217953360913835,0.005925310944515871,0.0071874417570780835,0.000667717084456676,0.0049904268117832995,-0.01989788783057178,-0.003395893298810626,-0.0017363392236563469,0.016903362602376237,-0.00193168678726241,0.014007731218516728,0.012144050737625811,-0.002134562791472394,0.017104383930501177,-0.0013567384908411695,0.003823174510055205,-0.021343199004748237,-0.0034551666782881574,-0.003871290587493581,-0.0034090683855835247,0.004765525215159272,0.017925719271615126,-0.013096729887251635,0.019997516392169512,-0.007896421320842562,0.01915097818871292,0.0096842440338063,0.00945335961787852,-0.0005234551265017595,-0.016782234536481422,-0.017491324063905633,0.005681071360892798,0.011152844761876723,-0.015749773387880417,-0.006804470047133027,-0.010877924544304585,0.012831501763767239,0.03166989915598961,0.0016758775601664055,0.0056018429809008286,0.004760483323610343,0.044263808936939375,0.019341858990990612,0.006660013137478105,0.006731909105636813,0.017964739771913374,0.0025187662004984013,-0.015076308490867718,0.030850897032786984,0.002670071581092781,0.008119681075001273,-0.003102460438638044,0.0031011050665381568,0.022765645005633495,0.0046700400639603235,0.005908028266975007,0.028862232265860266,0.01295855215566255,-0.005624929727001793,0.02695394638661286,0.00843229796426792,0.019919378445846903,0.006497161930012485,0.0018691692982784058,-0.01225996120384032,0.014251339155855414,-0.002225038043906613,0.007438612036698267,0.020642084782899195,-0.007799164132212599,0.0023831034717121113,-0.005062153991347018,0.08931627522343444,0.034795529964307015,0.017813556622516602,0.05201477626889983,0.0227459403017074,0.008103255109141339,0.004055899706648214,0.024074608729492297,-8.806508964720461e-05,-0.006179381764862879,0.006876391015120387,0.005936934386329584,0.004545347233571029,0.007501953624242441,-0.04459716530934632,-0.0020209059398742513,0.018012427331198788,-0.0010136179145346924,0.04731136197782049,0.004784195232860444,0.027027056882218403,0.026183241199241314,0.03687637123002574
2023-07-12,0.014226880527450136,0.008985550962107736,0.035302444644832454,0.01568569880112225,0.03704444492415715,0.008956436169598181,0.01528086840408105,0.016226350156868907,0.008154422401772665,0.015784278227376047,0.029284963574986778,0.008723101275365908,-0.004402639294509458,0.005190781725004312,0.021153663294875225,-0.026477307783936754,0.006213363024147656,0.015487272320156453,0.020420430052712657,0.02833725207018678,0.007855316454167482,0.009668521769842009,0.019852296429740512,0.008130045834304989,0.025006668492927764,-0.0010060434981862265,0.002987459842213047,0.005133823195113907,0.0018215378807429072,0.01264121100154525,0.002218051396295273,0.010490589371320747,-0.006140115556442338,0.02330451437214931,0.0071942748006983415,0.014342291678248298,0.003415587197250991,-0.07029531486322427,0.006040560343622214,0.028170191988031945,0.003752147299338482,0.06052921406175571,0.01743081152849335,-0.006535606169095209,-0.030903830564391055,-0.0071069492216018215,-0.0037806386437005957,-0.00042489956845626065,0.0006088032328133153,0.0017259734945327398,0.0011611065448124958,0.004313835862878257,0.012245638756060995,0.01174576869370414,0.0006499990561639191,0.01801607606237865,-0.011862364364125022,0.000993750332211718,0.015420911225654477,0.018593328666048237,-0.020428989790034824,0.009267349754669807,0.004684654442039804,0.02624730977309997,0.01011910041825348,-0.005689169049906129,0.014182762942498428,0.0036485335257063767,-0.0039009420930757877,0.021094722810030886,0.0035550886331061626,-0.003822839573687231,0.005291660027954448,0.006548642038843422,0.031032514539922174,0.002377437791457382,0.02482270421216448,0.02200991221537163,0.004429380101176328,0.00815152625391602,-0.013544022322520277,0.01728157450587231,-0.0001488856234747038,-0.008504337773499793,0.012048188719346875,-0.0019827819603415175,-0.007933109097180702,0.020591865442237234,0.004698556299308265,0.009379134817701473,0.010614733760778483,-0.0658796848773795,0.02102813345309018,0.0010846970921822852,-0.00796513276524391,-0.005505816458074242,0.03857801829601559,-0.010526341452256616,-0.008177952322398152,0.006276094488371298
2023-07-13,0.016192144891518767,0.004057485357729984,0.04726436271527912,0.026758409161619312,0.01315706786190396,0.0004606698566300693,0.04717060956828578,0.043554580879839655,0.02172875427149612,0.0008364539164149587,0.011694853521353687,0.014255190325092482,0.023803028082853173,0.019552278917776,0.006780588637310236,0.015569512705896127,-0.001419525510033326,0.037411547269878165,-0.0032372163576646074,0.00945811970527144,0.005196060933166491,0.02707174399423451,0.004112518616442795,0.008773533545672674,-0.0017836966648050456,0.0009111952691023273,0.011600530696800782,0.025216853232696845,0.016518040028286718,0.008553405409352344,0.003563371870898946,0.004548142053081072,0.009644864731608083,0.0146878734167053,0.006022413109051827,0.020919604022529237,0.004320526877734654,0.027381340843791957,0.016970635846367932,0.03570345364044414,0.029088205095323394,0.07419702998410926,0.0048986231160284,0.007736441572552266,0.031615650193760336,0.00566664027210062,0.022405429643142405,0.025499407070965097,0.0029003614821299095,-0.013588088663731623,-0.005334647987465302,0.021995674731824177,0.00942897353898986,0.039599262661740076,0.0033945793011620484,-0.008224036389814282,0.003195165886396234,0.0015442243987791038,0.005898146806950333,0.0023191259283323884,0.01994263236382743,0.033502974318504464,-0.0003586198649271344,0.018189852745366775,-0.009861209190940246,0.004204775737713939,0.0004585157783911775,-0.003355674986497581,-0.034564937768081894,0.013544352488946254,0.016616070017456908,0.007675080511825749,-0.0035500172219403714,0.0023515726735310327,0.005479689099744833,0.0016941667531946702,0.018654999864560207,0.029582297205128283,0.03551617200835233,0.0030915831266093985,0.00915335854425714,-0.0007167288987433018,0.007741615105497424,0.008791677113083374,0.006968690128827948,0.00039738465790728483,0.001260738094055025,0.03457369722263892,0.014942457115874719,0.030933598697795883,0.0084652909198486,0.054183665824522054,0.01815400086361718,0.0022347249620544574,0.04124477200735477,-0.0042022738160825135,-0.0162542076936254,-0.004559229987694979,-0.019129285275192864,0.016632000968346272
2023-07-14,0.00752929009715908,0.0007872843526774975,-0.011048973820939278,0.002829408900884234,-0.014485844395115466,-0.0019991557246543668,0.007065980784879411,0.0069694392728196775,0.012522529912772917,0.01532175654743595,0.0001725696409327071,-0.018806343818276283,0.003626128827370234,-0.00473633635221038,0.003818136150762097,-0.022317052948265803,-0.007178973261057764,-0.004548450093369016,-0.021257674305034113,0.0054845415963111765,-0.012923003618674045,0.0006309961481316684,-0.012396183236129898,-0.0010103267268215532,0.020261114086416843,-0.012313771460618628,-0.0069734535371873685,0.0004073472827785807,0.011426900489094338,0.01065841882356322,-0.0034119684375988335,9.844622421928406e-05,0.010169032934291389,-0.031774867181121325,0.00626474922415543,-0.0021646815254555696,0.006257376647925916,0.009413832273594158,0.011741353392456189,0.004369061645232097,0.005135530936238419,-0.01779318467782287,-0.009592577334512797,-0.01091495918385399,-0.008955264368262883,-0.0026690435744299856,0.023199372438851062,-0.004006090868524215,0.0038019218643123853,0.005595857581740971,-0.0012824179230735977,-0.018381724126145027,0.010045817376853172,-0.02937130033611579,-0.0025477732174016277,-0.0028340154569119758,0.018791541112709975,0.031277491656820366,-0.011311681008665198,0.024929181244877086,0.008562276919428902,0.008044160902637376,0.0008970081728552071,-0.028583795714619664,0.0022922355946686235,0.0011395364391646456,-0.0006874147506058526,0.005892230304965995,0.013756592042353244,0.0076764770067112575,0.0027379227942991857,0.004760381384979695,0.005159682568455226,-0.02124496637354556,-0.041544918338784154,0.0067651196031648375,-0.004873753293704652,0.011377977697546893,-0.006044542974193545,-0.003793263306175798,0.0046082188068501395,-0.026899073965229503,0.013443581029599638,-0.009512133892027652,-0.009515623649098859,0.009664550413192696,0.0034535793461967224,-0.023128190799461712,0.005675401599977814,-0.008696372013744513,-0.0009327714329290249,0.001998024578698576,-0.00029962007351613806,-0.0006080833641258776,-0.020947420147567453,0.004755889515691614,-0.008896933317161126,-0.053435171187446784,-0.018157330609771205,-0.0286298303288528
2023-07-17,0.0014193626631158196,0.017305590274832694,0.021817024471380675,-0.008315972513331604,0.005665814186114337,0.02449971648855187,-0.006139345035145016,-0.0050914829370438675,0.03198521516746822,0.011450538916861097,0.020527835115587312,0.01842000421670309,-0.013708101264652828,0.013926893677811636,0.00932431429156666,0.008535138865805258,-0.012027439603900736,0.006853818407458467,0.036802333328807,0.014111897410391316,0.001904352160225553,0.019335816173610354,0.014100014967703078,0.0018027686554686895,-0.00045198774607169145,0.009847670443908996,0.016853960677187363,0.0336851820468933,0.02886023763798118,0.014855193335100658,0.004300458910425853,-0.006692257662544554,0.018520939457843832,0.022868153157957982,-0.00470387857820509,0.03283556110556951,0.0037569750790911183,0.03643375920193348,0.01556893165153661,0.0006232867708435563,0.015369265032052493,-0.004906269972692945,0.038257734620346096,0.010032176475038401,0.02228916979315243,-0.01219149076390702,0.01409239796336581,0.019278771415610407,0.014727271117542573,0.007853100174767924,0.022180642251417693,0.03331138634940678,-0.0003489872148736417,0.01749403912226022,-0.0023030506715873145,0.012421055843955697,0.019382771054927472,0.0010679034042384572,-0.0019146523922572989,0.0009466182427191328,0.017232648782380622,0.01643636575114238,-0.011919715085400906,0.027418625178362133,0.00862227267348703,0.014585620684192557,-0.01994952808320427,-0.009483965608347966,-0.0034794844212288067,0.027845576932215232,0.0014065709753996458,-0.0015792557581023603,-0.007699795352820282,-0.0017578066422446748,0.010300782989021373,0.014783286832676934,-0.004897509871053307,0.03056820956143458,0.03906751968542688,-0.005711605803242037,0.006625918788220497,-0.0014005781827891584,-0.002332303735767538,0.017275611520185308,0.008733713685135536,0.005157602907460035,-0.0019001139827689029,0.04664929285355801,0.008157744008045809,0.010399380021105742,-0.016492883366411415,0.043938767587531125,0.020683411693190434,0.00811302088115351,0.026311881570851625,0.018066711425781312,-0.016083326769974704,-0.007258000135667908,-0.0027397233430072054,0.04000001204641235
2023-07-18,0.039799782520444804,-0.0013403255748356546,0.022233738868154607,-0.005465676406731013,0.00460367232715253,-0.007601453392364066,-0.0071399869936115135,-0.007836204595157659,0.010193509901870401,0.0011393317017114324,-0.0032961408946444726,0.05499389105946473,-0.0063567737086213105,0.01959766373323757,0.005652832286290765,0.008462906781219193,0.00326084745103028,-0.004376020331037789,0.0037823995389953957,0.009392415310644164,0.008315478091049044,-0.006804161465045144,0.0015267109521002187,0.020760231137440188,0.00308047803858158,-0.014026988493200276,-0.003376323025455208,-0.006256919473670131,0.010831823418467224,0.0027934520624341985,0.0068458066569014875,-0.0016843175312721836,0.009327368921766555,0.0007129730556796332,0.002224020395956483,-0.012887979243217829,0.009550823847548351,-0.006838659040180994,0.00379461387699509,0.0033665642955857944,-0.0014318691704298114,-0.043362836552998996,0.025009107368184402,0.012389620258031364,0.0014404585009979431,0.015954207098781703,0.008048969207709256,0.01197448507814336,0.00011912076755460355,-0.006759875205986421,0.02124258408192481,0.018395449570819622,-0.012916768487365005,0.01858743220285297,0.00770153702208809,-0.008421683884629383,0.0004381428412514321,-0.002453549528274035,0.016422635267814956,0.0034921479679610457,-0.0004982675153908378,-0.003163776126699047,0.015056722558815183,0.012584031556460262,0.004508876893638325,0.028490955600379397,-0.009475961115794407,0.0,-0.008554432161521519,-0.007919063387347047,0.009584430916377062,-0.001581814091860756,0.015765472851422047,0.032683226380814334,8.158349392295428e-05,0.006842542130070406,-0.004176083459314084,-0.023817439673186946,0.009311014303575949,-0.011967448889629084,0.004484593976039841,0.02465487789026599,0.010666214224116066,-0.007225331537247581,0.011255393144994796,-0.004304933199587024,-0.00800998749151971,0.004888282352968787,0.03890708062641979,0.0033062831223826805,-0.0033222447004312983,0.01969430964385177,-0.00954480969813698,-0.0015424567540581746,0.04118086622423878,0.0055005978715234605,-0.02069076556545235,0.037367995326298864,0.015796671401633322,0.07085018230333784
2023-07-19,-0.012267389306818255,0.007071751438550322,-0.008780084655532483,0.019046892602732513,0.012690344904879636,-0.0022801961140258564,-0.01397869527369,-0.010477135981411978,-0.007090702250741598,0.0009392483080796765,-0.01271940978646946,0.005876176530439148,0.009812944367256549,-0.009507163715462341,-0.024878335107906713,0.02322401615394698,-0.006283821858896421,0.012697359196189861,-0.0011594468268795177,0.010354651431387252,0.006361933706419798,-0.018891397351827655,-5.441260471727993e-05,-0.002235904270046385,-0.014735245193909119,-0.00038977749600332956,0.0003079248893538278,-0.02413333083959579,-0.018020540135555874,-0.0011421350759415194,-0.010377782883525755,0.01061929011650431,0.006061924423778509,-0.0036132657194258844,0.015395293118487086,-0.027827131530472338,0.009460468578638581,-0.009422551229753773,-0.0120968746724468,-0.05448925194990317,-0.006554921826913862,-0.00581465339842302,0.014139597022343242,-0.017814710745650997,0.030467497581489367,0.0014814588758680358,-0.006790385077980909,-0.0020169627583589422,0.0006550861871807978,0.0010806611439215796,-0.004585059730600971,-0.015112245495259802,0.01237843982994602,-0.001976959832561742,0.005060376122467902,-0.006710699079552795,0.014582817969166495,-0.014009252037870734,0.00842387122436472,-0.031175146968044243,-0.019316992318405113,0.00035263641006810786,0.006344375491366794,-0.017248693423222994,0.01320636230750627,0.002536783280145727,0.008267445290833342,0.017741512190756703,0.008804366824077592,0.0005114970899962046,0.009166012724523664,0.01045627152377393,-0.008730462107988668,0.0039012292025770723,0.020879190488949595,0.004165266243948862,0.011681989634672263,-0.0024850471448845113,0.012300136440279497,0.0055716945018826625,-0.014617979770099598,0.0006483419024096992,-0.0011565972700950944,0.008021645042348702,0.004566205571678639,-0.003362691187172806,0.002607094129325249,-0.027947279455620366,0.0060283003532111135,-0.000487172394928459,0.006190466502356218,0.04024285140357997,-0.010674479227346434,0.013164907246079771,0.012182532686839886,-0.010029361864634878,0.02329061667828869,0.03993729498243348,0.01183233206127321,0.037807147581732536
2023-07-20,-0.023121526882809107,-0.010097391896840224,-0.03307342687511128,-0.03989357175040831,-0.04268858686456878,-0.014455737746212338,-0.02319103383892529,-0.026470109401467212,-0.09737009860008494,0.005143449308688153,-0.05307910580586894,-0.08410976615543753,0.01632131769879508,-0.019519279095785436,0.01838759255306255,-0.0011444091730262729,0.018316646597776876,-0.029737960156679177,-0.03163088164674488,-0.017540352449496588,0.011706860471035974,-0.05459166003529603,-0.02041705252564241,0.00508507933748259,-0.005833595864200736,0.013598521079210002,-0.004156352322531753,-0.038415219857579896,-0.0035451873806138234,0.009063780945463673,0.005577126481079331,-0.009329319066623043,-0.0010533855731310604,-0.031360128710333446,0.00915173032815142,-0.04354106630788401,0.012411390175995018,-0.01605689816358613,-0.012288708989563357,-0.0553941473514028,-0.015258411164230656,-0.004652480232587464,-0.02236184717902301,0.006676772876530679,-0.06052911140910333,-0.0026627264680292306,-0.0017521893454893744,-0.01616821015764125,0.005991328469426627,-0.011645681245650574,-0.002022248071630095,-0.0378155160578183,0.0057642241232260805,-0.036720952819929153,-0.00215487751362331,0.02280160409766041,-0.04040049053636274,-0.010737504300843748,-0.0369745096668016,-0.02230046305050626,-0.012581083523300673,-0.01715627627087024,-0.0037294067492161798,-0.03804649913272096,-0.022150583077893526,0.007995883215903943,0.016984853011501544,0.007194303835681426,0.00994937485975389,-0.008927457140004535,0.004379214388279928,0.016933236935170015,0.001223222925028633,0.017705959680701433,-0.003195666147881693,-0.015173009282693717,0.014951805495287074,-0.04427580274951948,-0.04617253635185958,0.01204529077855021,0.0021193258746206034,0.008063429986982174,-0.03372404581214794,-0.007061904284008547,-0.015340934767702818,0.011612084564753378,-0.007909286451470154,-0.04523599690601898,-0.06861810539698132,-0.02382385142844945,0.018457141192785187,-0.08159463448499737,-0.03611574315706911,0.0070272976950973565,-0.04306481105407123,-0.0024340183577261643,-0.0019509056128165225,-0.0128012108217046,0.010357482886118596,0.4225865698331088
2023-07-21,-0.00893708348128619,-0.006161665258219817,-0.02660372483389306,0.00030773533446226686,-0.027303912296762545,0.0094670654144684,0.006879192246794119,0.006525548291329564,-0.010954754468143868,0.0016158491514681739,0.00634917866886342,-0.02267846262908413,0.00454305650547937,0.006481147566729684,0.00770440879030998,0.004964715324295543,0.005710119615395692,0.033134525841224116,0.01947861991861899,0.0015047180369511803,-0.007405686220882335,0.01760669000716608,0.02445536460678377,0.006817354653374741,-0.031640107818358354,0.0030775118724102324,0.014839991470740665,0.013175827096149728,0.001967434527635037,0.0017687914374671099,0.01605762639752295,0.019230793955444137,0.0025729737035613542,0.012180400167287608,0.0013536289555153846,0.018795803911036746,0.008756528982536205,0.007312556290620886,0.00506964332921922,0.025483235981719643,0.017044295986648805,0.014556677447466138,0.018934579604903856,0.017860864034129786,0.01911249025651096,-0.037080985878037875,0.024022615105234957,-0.00041082964497396457,0.000670558618901973,0.004200665891690214,-0.010356840594184069,0.0063694556402627,0.00903085492411293,0.0030053562644785092,0.0369401538242089,-0.0029930944096829837,0.01227957735516716,-0.000767456370209918,-0.005071845845511347,-0.00038260846003834725,0.005920292560289475,0.010282169017542975,-0.0015151352368015791,0.016772477252532614,0.0028806529767786415,-0.009714818906251699,0.012785079638945707,-0.0021978524093689833,0.004839246048102819,0.021626184561700734,-0.003552642853715149,0.004625393908953113,0.009529612630884587,-0.0024782171098153283,0.013304509952486443,0.005098637533238026,0.011376878749598252,-0.0028435765335376173,-0.0002729643210224175,0.012854104667996413,-0.0005105179153065409,0.008713049446343213,0.0007488828754267374,0.0005838363580144001,0.02221582403789779,0.014077796029661194,0.0074262029002252206,0.015005128866193651,-0.00694603293636209,0.003700469208884005,0.010068177671304523,0.007505075430418673,-0.008861935595905868,-0.002172393584758847,-0.006931019211932954,-0.011078822754835294,0.03431616108515789,-0.013729928010317471,0.007275109623665177,-0.09346991349831979
2023-07-24,0.0038979444998537005,0.004220055998181094,0.006838337142204942,-0.009230745755709147,-0.00900572393840815,0.005397297859457861,0.012581254611438997,0.013049619538555657,0.03476659075024635,0.010880879581985914,-0.003064410520436822,0.0020350762975145376,0.003996605449095192,0.006977692595766305,0.00039006057406609784,0.009120264725343663,0.003335707885469663,-0.0049711573164987755,-0.011463826701961,-0.008162082967886009,0.009326218968784827,0.014296277817366532,-0.002332942260651727,0.0025551095563085546,-0.03891167932340289,0.0034515877259650996,-0.0025894617668561493,0.024694168486900203,-0.0100846938900786,-0.014925795369555628,-0.010209220900521787,-0.00038903827704794836,0.007614950313444169,0.0021358011511816155,0.004595787002742213,0.0052774194012097375,-0.03695431237716007,-0.002009701740811165,-0.007158590308370072,-0.012807207035909318,-0.006546966704663926,0.037909664435191726,-0.018508943304982872,-0.003232373749370354,-0.0076871335337233004,0.0018484711948041355,-0.0077301144198885785,0.009590417839759668,0.0062078629402209096,0.0018301036735348664,0.008986386682103165,-0.011345513991193434,0.004819321882062688,-0.0047311029456309495,-0.00845048095526657,-0.0005175509643168263,-0.008575907169067865,-0.016348451544303644,0.0030014526018671273,-0.02205210373826294,-0.011386987939388082,-0.002248549602440808,0.005980524647378083,-0.009473901722651279,-0.006710823229538532,-0.01275063728818171,-0.003753006140217896,0.0008259575866997881,0.004815940526939899,-0.0010276709595241629,0.014909620640871646,-0.006752646050910416,-0.024204284962835,0.01257381154391779,-0.027050527253738355,-0.0011027621723043168,-0.006057083806273678,-0.024833696249304205,0.014744653469464852,0.0065805546184418695,0.005107230123384099,0.022727211344051534,0.00957939549521969,0.007797587456971344,0.011572109621241333,0.00021358785027314475,0.0009395453306362267,-0.0108343425645967,-0.00762528290916753,-0.005618016657510938,-0.0019935171790076422,-0.004563403133002963,-0.0298039455039828,-0.005080188924276086,0.0019522372867193383,0.0021338493671865244,-0.012704068975588068,-0.02474869612883468,0.005909399559619111,-0.15254236374916852
2023-07-25,0.017009144573970625,0.004513593344682265,0.023917362020349664,0.002562125956798944,0.00980767467784971,0.01819004524274237,0.005595328824208101,0.007466390569547343,-0.014048906614123058,0.0022343372085007474,0.02160744396040415,-0.0015640285682776423,0.0023046430212978475,0.002825261606711482,0.016506813442553225,0.00922609410917663,0.0077810436550116435,0.007816287128362909,0.01397553943141161,0.01631525326653649,0.00023096145349388308,0.012359894323377807,0.011909306915411921,-0.00046725261747992963,0.022685116804531447,0.0017197847265737476,0.0030543209833389096,0.017542150483654595,0.01681892130333984,0.0028287629187950802,0.0037819921905755116,0.0013621267883945354,0.0040918401984928465,0.017102503656652335,0.0010764509066629735,0.011128409568688546,-0.005536959630425331,-0.0017260435038213284,0.012645617763796357,0.004119926666500184,-0.012351352980301988,0.052504749140955376,-0.013843184121804852,0.0028825734610493647,0.008013870069591755,0.01998762921377706,0.0069773663010841425,-0.00990640972653034,0.011516549735516746,0.006607671578634067,-0.026944751655888277,0.042725693751016536,-0.005138732983415384,0.012517840403851288,-0.001615676356390039,0.01004654128067295,0.01918249763786939,0.005800297091085982,0.0010924605940845211,0.017538408015619122,0.013847544212624685,0.012928525665388824,-0.00168584576004005,0.02216713773404666,0.004547912411288824,0.015174867230979938,-0.0006849036488451032,0.0055020844933966195,0.003252352744975706,0.004765000945222475,-0.0018363541471744238,-0.001236122211769941,-0.005208956756196703,-0.0018025717495069316,-0.009267534101705999,0.013468770104229089,0.004062663765755037,0.014134320292711333,0.03417351566051474,0.004436110637082047,0.013138885667514977,0.011007243831651525,0.005782051998426407,0.005000246964445454,-0.002790135984803377,0.011786788792583769,-0.024151633362477387,0.02405567013401,0.027962311169285714,0.012741340444043958,-0.0018439266011939237,0.046383097133974927,0.009539210463113568,0.0074270231732229686,0.020434543628104374,0.00499068409696668,0.006805969742375018,-0.006344165415079428,0.0016318911685773152,-0.14499998092651367
2023-07-26,-0.03763753364624178,0.00454501035536059,-0.004969503467208036,-0.007589335934878205,0.01392334053220834,-0.027124438876015344,0.057769456189164625,0.05594920348040566,-0.0035057022016762307,0.0017338956183174936,-0.025752244797428103,-0.011760576655915678,0.0012542093039222824,-0.020539152759948665,-0.007237154838386939,-0.007089501198426995,-0.009686283926359396,-0.008395323053648873,0.007624696418323529,0.0007855139885601936,-0.009006914469287919,-0.007425341312730871,-0.05417025866222047,-0.0004249324115591646,-0.00462374979606528,-0.006772215845796015,0.02588302284322963,-0.012103216097722358,0.0053459150546295575,-0.01717587537959464,0.0014797186970714193,-0.011562328344179695,0.053933805102849286,-0.021159150118375325,-0.009811872875831518,-0.017721094822323535,-0.0005179452775946336,0.008645139405817348,-0.015598697435320052,-0.0043649062320421095,-0.01817108017232716,0.013495635322470445,-0.004746823185716731,-0.005645979023648939,0.02444681583226216,-0.006632421409411671,0.010225390749221352,0.006441902776875841,0.00013555488927097237,0.0013584817765142088,-0.019696408253147002,-0.006412313729697305,0.0015495236751612573,-0.0029734340668098325,-0.0010315949169797944,-0.0018457784184980897,0.01165351462797215,-0.006543155704463843,0.009442045668204502,0.00561707979244952,-0.013785987390170451,0.00831380646120361,0.008621466556623325,-0.027630940202812204,-0.008217272508590945,0.06419304751563115,0.0007996309583291339,-0.005198320948700097,-0.0013649860129938407,-0.0009161797497303503,0.0218365335965236,0.00680696852662277,-0.03465900524907295,-0.010383447166073423,-0.010010676895117587,-0.08082794718597519,0.002601160594131402,0.01634017693264611,-0.04041633598238081,0.004184107467699816,-0.005302038076454685,-0.00718972775431137,-0.0011791598758603694,-0.006860781092719148,-0.005875850288402429,0.00037985960909248107,-0.018719239407698596,-0.00789685034283849,-0.007193833709807751,-0.016532533978591335,0.001385529072562175,0.009084391098053812,-0.028667475019200306,-0.0012506743265949805,-0.03300949120932484,-0.005164528806205548,0.009717434795775581,0.018355985699299415,0.005213419505631922,-0.04678367302170683
2023-07-27,-0.02087215567479972,-0.006580970587644619,0.009856576376431558,0.0007803832093540297,0.044009725721011916,0.0004926742301170073,0.0010055667960640058,0.0016195545977721881,-0.032683938680391544,-0.007665482013025082,0.009174331636187416,-0.022476162723155335,-0.01602300222558506,-0.0011272317629071882,-0.009221778550436599,-0.004133807133727463,-0.008576025845095092,0.01475569973059665,0.005529645615074408,-0.0006641439882346667,0.056863170249023876,0.05121561572702338,0.009772734208540523,0.003571261059961861,-0.01763972931573987,-0.05689998635017535,0.054764063398935026,0.09275031141355616,-0.000763991749186177,-0.00645048162896622,0.018742408285069567,-0.009338489592922716,-0.010140035890213506,0.020520011424970175,-0.017781968116648672,0.05351097449687647,-0.008809434948417794,0.0011020132995163134,-0.0013130580097523437,0.034809305493404885,0.0040177259174334345,0.00499343913800443,-0.005381563265514533,0.010426905058635638,-0.0115113414155672,0.002427860834752993,-0.011120717781900158,-0.01906579763122007,-0.023174381022335266,-0.0476481535161678,0.008745985798740197,0.01515011727994331,-0.010486450315550289,0.002825306981045772,-0.005386258234756025,-0.019724658323188482,-0.0010867202637843132,-0.013172586303371925,-0.015464128254443321,-0.01017676797160505,-0.008801453357155653,-0.0008129101652312176,0.0,0.023774464288336405,-0.02171621391035583,-0.020487213588086695,-0.0268234043802007,-0.004400435773550537,-0.014351617462958433,-0.01833995912040276,-0.005479428166279332,0.037492236376173604,-0.007361483825102266,0.01627083354280634,-0.017737251243958085,-0.050011776827092236,-0.017872555676822888,0.009339176613410993,-0.010665223352181119,-0.02870374205017545,-0.009508084036655817,-0.004414093147121156,-0.0216942322071908,-0.008226533346122111,-0.024486320342676393,-0.023416682509600606,-0.009274237342424607,0.02881612705643888,-0.03447493092730769,-0.012260766601754014,-0.033512744313609066,-0.008747255522274955,0.013355276804867477,-0.003163486067718546,-0.003850589968323881,-0.0026621889949043354,-0.007793323260303353,-0.036833876065689886,-0.007131319869780994,-0.016359903045058743
2023-07-28,0.02313133124167832,0.013507921508448373,0.0185185185185186,0.030877245332297854,0.04417573997859625,0.007005862730091739,0.02457502383743715,0.024178020387350285,0.04196157931177735,0.0026520303099730747,0.01674167989106512,0.03052008844240106,0.009441461787631056,0.028990068026112148,0.010607561865873416,-0.017169808441737877,0.007077424934352816,0.028843840265635023,0.06599139346864202,0.030833983034726842,-0.0026460625341199195,0.03961949712819646,0.0036574042990082933,0.0013556113590031948,0.009179135996764565,-0.006211502458917217,0.0018291438578328378,0.027509077887014177,0.019063601447251166,0.012612896006669816,0.001933771779521587,0.004663635903909835,-0.0010762287436459905,0.015195708708502176,0.03703704094209748,0.05941744231254087,0.0045745453450374285,0.012883250480414166,0.004813486003289347,0.01447494784878045,-0.002809656962405649,0.05702117312705712,0.04711513288906377,0.019719032492217403,0.01799149421124402,0.023312155198937035,0.032525264855587155,0.027072117321723432,-0.0037854983465285263,0.009982484772902644,-0.00011718964744333871,0.0068533491973190586,0.010250176138141276,0.015965006764833367,0.0024633877910054114,0.003353591500365072,0.02262835891725823,0.002375555213210978,0.0015754156482787884,0.023345734834661735,0.002872828616385714,0.04195723584307953,0.009957677299882839,0.02952557956358315,0.019447043708909373,0.037512414218600965,0.0018765661354218643,-0.0011049976432125908,0.01282720915379243,0.01249177055048234,-0.0041716363318424765,0.0047393322087359024,0.0131408031252922,-0.01044914472542624,0.0012657288260486954,0.018962033104108933,0.04681541634840203,0.05938158652987369,0.02494064845393229,-0.0061963376359894795,0.002472631883224885,0.008936565511522998,-0.007995154200891474,-0.009517777823212614,0.021927245380237492,0.0030242673807037157,0.009284989391022291,0.029184171087322186,0.0214001477926824,0.01166519477970751,0.00031812403536601863,0.014428376767562368,0.020989276517142885,0.007867784736570238,0.019921722613671422,0.011678344536009577,0.014443887913776043,0.040683482632380086,-0.027097614967263373,0.06237010276584387
2023-07-31,-0.007240540605867318,0.003165986372825502,-0.0004491795830547929,0.011118568090654923,-0.02113802584055302,-0.0012669107693112913,0.0010559615908500852,0.0007518690898862257,0.00371562162326855,-0.0047042966335425485,0.012747897070443548,0.03097844539250727,-0.014975518266448828,0.03271122951328587,0.005042376104918755,-0.0009598624863521588,-0.022006040691260997,0.020775428870624557,-0.028780921004387006,-0.0002734919737826802,0.0006632496042557889,-0.00223784870849153,0.009138335636224015,-0.009392060187683682,-0.006523152208909866,-0.005430593500361014,0.0026685737296361367,-0.0038405283722164896,-0.013760461838119298,-0.004829802327455668,-0.005615872642423914,0.0031604908130786757,-0.01336740790613622,0.005594197261338696,-0.012126914325784277,0.005753316735918057,-0.009367697306603362,0.0061181945641761715,0.0019959944747547365,-0.002728429619804129,-0.0009819457860917868,0.005260226398764445,0.010636584781578362,0.011021476586920542,0.0389459982062097,-0.014201170209200087,-0.007434940168490556,0.024871536285462792,-0.0011937093864985426,-0.003230009012771373,0.009257100415137831,-0.0014777745495613281,-0.011349954085871916,0.003389209349821787,0.001320052608735356,0.009504947591540969,0.009063850565159681,-0.0024828035118805714,0.010486735675855785,-0.05907242057545847,0.011979142348800487,0.012716111212997205,0.00026174661143985034,0.009022599152014532,0.001508115507210972,-0.018943394777446665,-0.007960668692954864,0.0005531100068603134,0.0030806144828967597,0.003527535490663869,-0.00829904718797525,0.0026533065284859436,0.0016694137515447238,0.021144190792704798,-0.008427439483716492,0.028036250085349712,0.005187089691429447,0.008955281540272253,0.04037791853746309,0.0038369267262534645,-0.01088139233649077,0.011535347031110366,0.004105788234420649,0.004240973534994863,0.010446153746739517,-0.013869750042688644,0.018700717300553782,0.02531167337333229,0.044371709027227535,0.01144190341330753,-0.0025441222605330216,0.018350366936610962,0.014980057796159185,0.012398316448301694,0.028618626206297737,0.008839025619666874,-0.0015070075932376303,0.021892082392987344,0.005704700692828357,-0.0019569919022601745
2023-08-01,0.0012502467652069083,-0.004275878599845129,-0.004750799674951178,-0.014886223394710907,0.012900142099266487,0.023757831197810386,-0.008815537659615402,-0.009165361093148805,-0.023781870118334214,-0.009274639922830508,0.02797200092273,-0.0007973349033927324,-0.00341405828831165,0.005364616817953527,-0.005196198094360227,0.01191389164060852,-0.0037018926457778045,-0.0006809135139397293,0.0008386575038570321,-0.006253687963049259,0.0011047957050855928,0.00686066739261415,-0.009055582682291674,-0.008669651215939433,-0.0013871199072732487,-0.0033483188529553898,-0.008824726975825148,-0.0036047347291054965,-0.01901507651336487,-0.01305558878165014,-0.0038279116376822575,-0.0030520582802516794,0.0042870372924541655,-0.00025060418014200003,0.002967775918715221,0.000642119042718825,-0.006041490519570369,0.012842020198665871,0.0037849092936228512,-0.010747967589113339,-0.0016238179263421415,0.0030059746602510984,-0.02233352717867476,0.014518646102850363,0.02659905328683143,-0.00030006967661400097,-0.021551998992572985,-0.003824860415386433,0.003406086020981247,0.005681644747151937,0.003483142474451917,0.002242353617276649,0.003826707246179506,0.01228317342997931,-0.0008112643877649095,-0.0036212981748104944,0.011259638653762005,0.0050910391599672256,0.0021698733108101997,-0.020552325054353893,0.0039886458276479075,-0.046260651341379355,-0.005669936578328372,-0.006280646710150606,0.007080000751390481,-0.016353156240342503,-0.008378559150002185,-0.008291852806248556,-0.004606730164680939,-0.040434073270797066,0.0027097818967305454,0.0035284549398537646,-0.003974327674278855,0.014906608032105417,-0.03161653157334632,-0.010122644536910252,-0.003486750497081137,-0.013258810608687055,-0.01516453267605844,-0.009316755469707116,-0.0016869158491529257,0.003801232220694395,-0.002726038293252575,0.001389824646691462,-0.0005588280875118423,0.0012230225225429159,-0.003294032497114685,0.003155418449100944,-0.0015939790097302398,-0.015697150018648687,0.0019129432928493006,0.015089151360941688,-0.022923521996440988,-0.008423527741423409,0.002763376109118365,-0.0075193483517435045,-0.01488420869735918,-0.015302204585692314,-0.01334666759074754,-0.023529389765297948
2023-08-02,-0.02628291738758859,-0.015489999334607263,-0.04812179785915649,-0.026425663778747666,-0.02602954392149237,-0.030108708920686178,-0.02409728692821156,-0.02464174702433941,-0.02665954157355066,-0.005616856503040335,-0.07015306213473704,-0.02033647122670057,0.007975538892840195,-0.034237823035609405,-0.012505186511834077,-0.0015191419785268723,-0.010782425956350705,-0.021274966078423052,-0.039385471437453634,-0.02055066314067111,-0.004855467094132759,-0.03472451603357474,-0.03324546077318269,-0.007366842542861574,-0.03111596453159504,-0.002997735393127976,-0.03660265530092499,-0.04193325675022885,-0.010084766592382333,0.030655098526127578,-0.009403726491612807,0.008591695623480833,-0.003866006304573566,-0.03519144357342063,0.013449899401787757,-0.028603136685606545,0.0,-0.06714855679169207,-0.027187971211960482,-0.03619255212825556,-0.02093052813186913,-0.06748800586978154,-0.0376652056351221,-0.006007672918467266,-0.06766697114980158,-0.010507423428057883,-0.029212316140869832,-0.03084869414420477,-0.008317622712468942,-0.013522330686193018,-0.004165227456675136,-0.03168069610886537,-0.0013862072019845684,-0.05794023475113397,-0.003024439770292764,-0.00778816174696173,-0.04412010715767645,-0.004614993804766487,-0.02668862438405517,0.014836045562243827,-0.04754580472269598,-0.007044612619877322,-0.019475403652136847,-0.03299412834922044,-0.011961904621618724,-0.009815132837218354,0.005593255117587015,0.012263060580006258,-0.008056243048917389,-0.02464774641755274,-0.011286846804714146,0.009668854556987183,-0.014158914518573318,0.019064747534078386,-0.032648772520574076,-0.011308979912719064,-0.013715826023743105,-0.03786789057796491,-0.0706393678361178,0.0007233850594126068,-0.07206874750581793,-0.007370919398761666,-0.007744907335584861,0.05162012531055371,-0.005870815817310859,0.013960374012742083,0.008392164381984424,-0.041816974708157484,-0.06578583732324295,-0.03373627386482603,0.0004773682533421031,-0.07530718388087043,-0.030210526786831338,-0.010912881018536935,-0.0608380635566631,-0.030107334261587293,0.0014264054204533583,-0.024864001372935318,0.037199878012249776,-0.004016060411629163
2023-08-03,-0.0025648743141698516,-0.007321651514710981,0.005556916671963341,0.005459768439170398,-0.003563345505669835,-0.008203527316328008,0.0005451944443652934,0.0010106101012852253,0.020502958173047814,0.009667832156241118,0.034750828575979664,0.0030253380405826924,-0.006319380047976386,-0.012332600750307732,-0.00789514510640077,0.010840617629791938,-0.003019617512118322,-0.0817668985446961,0.013957532734961697,-0.002148332161159283,0.00177418532017537,0.0032579632225178123,-0.003711432269701498,0.0012585967689062727,-0.008251812464340924,-0.012389836522913367,0.014815933157682926,0.010905669235871773,-0.01560182292213208,-0.029743314295893275,0.05372072522558047,0.001958333330220663,0.002587319647757269,-0.0050400144802303926,-0.0007962516232081773,0.0055247096654778005,-0.001982049752563886,0.005419819575817719,-0.002402641951564477,-0.0030011826198224067,-0.000655806381354318,0.05713599928946089,0.13590192288425507,-0.01307055415025804,0.018225343515063885,-0.0015169671859639466,-0.0254565075949843,-0.12322400299339098,-0.005304655916076539,0.01341376546554307,-0.013709774710812916,-0.0020794683961842253,0.00607319916075344,0.0038640776269696087,-0.0003868442869728872,0.058503361165384904,0.0005234932228797007,0.009951342874375824,-0.020118017635494256,-0.014053775123822887,0.019375705695899414,-0.006047967575695701,0.007336492077054002,-0.008308408417976865,0.019514154314670407,0.010915909048979877,-0.029704167292668227,-0.020649779909190924,-0.016588890654769317,-0.021976971037161563,0.0022509750033825604,-0.01538011588443966,-0.00744222120483673,0.00885291571870428,-0.002449684898118254,-0.015332223552585122,-0.011352391626222702,-0.0216989527546394,0.002527348482998182,-0.02409638554216864,-0.01963419978999381,0.011036245316931925,0.0785124758239022,0.011573597864451113,0.0025309378265516713,-0.008691181001527215,-0.014030039743875289,-0.008400142407507527,-0.00029465558430774585,-0.06116112178480704,-0.02480918172379054,0.001527906181654659,-0.011433283250286475,-0.005219300230888013,0.010182067658193406,-0.009985064587109904,-0.02226208733411017,0.02709164521279428,-0.01173787445243013,0.004032254188043316
2023-08-04,0.003428626414717195,-0.04802004898105661,0.0037066020871789895,0.08269337801006271,-0.00785462957278904,-0.003762747325565141,-0.0026469158892049593,-0.0017862155680405944,-0.02105509239416581,-0.010131120137223726,0.02359697863843735,0.00139212553019874,-0.01346723535394323,0.005956917403036721,-0.007695318912097848,-0.009783639564158508,-0.005688033105159751,0.023588905844527774,0.007743058962837779,0.0,-0.007305690275283161,-0.014545659508803488,-0.019557628350794,0.05452970089928977,-0.006328711219572791,-0.006823724898706529,0.010552231189842498,-0.004182478712606796,0.07861164857661929,-0.020877608132310876,-0.006494276604250615,-0.016124318346080302,-0.009032280214371191,-0.01639771946092783,-0.018196343869342324,-0.011665609277178746,0.041705303545461314,-0.0805642866703985,0.0029537815254241373,-0.004361215981690814,0.0017936203188144706,-0.01452540199290342,-0.020368640151040895,0.01060487706893909,-0.04481115469273855,-0.04223638395907625,-0.005039797623926701,-0.022281089099036033,-0.01372483402217084,-0.005210722693263614,-0.0116621259381261,-0.010419078637631363,-0.049499809495411884,0.005453089990515636,-0.008676721093006323,0.027684428205013267,0.003401058654189937,-0.010749066293981535,-0.00518205418158002,-0.01425409902612873,-0.2506599939677835,-0.021764575594168334,0.0,-0.06769434523949025,-0.015104134877522823,-0.014357018861804627,-0.009147457245286983,-0.008152963677689917,-0.0145843967419228,-0.0072670747016261306,-0.01347557816515843,-0.009725960155807845,-0.0015784678043450073,-0.009271993564153314,-0.01600722651829123,0.0060554313427074735,-0.0038753645781887114,0.0009437730019352664,0.004014942215705863,-0.014321032865547867,-0.010013772711203184,0.0010781191170485815,0.007520913439989618,-0.007075490118157557,-0.003646593619943128,-0.0027777752022684066,0.004369798049428164,-0.0037974625242197524,0.17206014436532868,-0.0026844119584308324,-0.01516634556105978,-0.03057637779210176,-0.014917857725858519,-0.0023909184621103696,-0.003053576231442645,-0.024494046821397997,0.012571500361999055,0.08378587237707191,-0.014846547790159481,-0.03012050096243546
2023-08-07,0.007108385444331011,-0.017253691383433578,0.016495133921491156,0.01898684357254843,0.018762225617538153,0.01747856033324857,0.026695793869732976,0.026450982829172354,-0.009493435973824349,0.011539010525922322,0.008547728081316652,0.021223363143123786,0.012405163653400386,0.005409154948993411,0.0189243389917908,0.007220164273342267,0.015230220653869697,-0.017777807918595734,0.002561188222854671,0.016660627381902104,0.013603938632376522,0.032404236592305846,0.00308717801545888,0.0397073483664101,-0.000226333855262717,0.0020611985402982924,-0.00758126707091944,0.02157976262888739,0.058713910738143804,0.014215214349499572,0.010829272697836956,0.010528382552450699,0.02058924532260309,0.00929121286589285,0.004599620883486422,0.020081779757466167,0.025292296086056654,-0.014107739683613563,0.005844743087725979,0.022683035486430025,0.015021844722298061,-0.021937822698687492,0.04833509964972227,0.008473747447565572,0.0031895521962810314,0.008248738106150455,0.021616599977727358,0.026613516636578627,0.008773936098834811,0.0062963908027171556,0.00881999821586743,0.02353766425422621,0.06133190039341696,0.013718306415549275,0.012307166191606767,-0.0018280011251045059,0.01490530161372372,0.012790095102757526,0.010666239114761611,0.005318701736138909,0.016381897087841102,0.00909093480983425,0.0077271762579251835,0.016175395266356363,0.011369613046481986,0.005526762007709074,-0.00443132225280507,-0.007936473610684613,0.02050637791785559,0.008451059115822002,0.016911959242072783,0.006547655675418262,-0.004084389746455863,0.001360854090037611,-0.06460860833189941,0.0017196828811052445,0.0076368698507771615,0.011315496880077491,-0.011438628675739193,0.0012525815143125119,0.011909672546551286,0.00013454272522350763,0.004647913113446256,0.02511750817884062,0.0019707121036627306,0.01640844517146256,0.008589905708949797,0.012510984359703547,-0.026755140632719443,0.006729093555286392,-0.010432208552451527,-0.00561034006344463,0.006465902078532926,-0.0027295362744399476,-0.010010756425851142,-0.007033338384538679,-0.0023978097332163495,0.0357909799887457,0.0006697438046303628,-0.004140782865927561
2023-08-08,-0.012298923809499152,0.005311696482092065,-0.01657969164997508,-0.016031491771390738,-0.0123830646335239,-0.01549508890363216,-0.0009884048051322925,-0.0007579665125444501,-0.006959634206558429,-0.004100890273231239,-0.030648011955178522,-0.00558131844575549,-0.013109299353863069,-0.0172352051411806,-0.008286366291635816,0.0009432758600464997,-0.002854002247112186,-0.01407736490140854,-0.005960802929358411,-0.00880737070225579,-0.0011000932061879798,-0.015760142964641122,-0.013198454650304559,0.031074504924871515,-0.02059887245617764,-0.0102848741785726,-0.024935079216277023,-0.013269799174810526,-0.005254389906656942,-0.0024615026221679326,0.007202438444097403,-0.01022214406687827,-0.009887612287333924,-0.01835878685487069,-0.011580939746997143,-0.015401602865822595,-0.007313702135644196,-0.0174689168819242,-0.018040562535191484,-0.02026187323590467,-0.015100712995861354,-0.02196258512768945,-0.02240936696752205,0.008597996052095658,-0.03371528314720984,-0.014789213673636836,-0.025488784736522163,-0.01909344267614821,-0.007443562944887239,-0.0027474859746746683,0.009215486589337907,-0.00841218110835884,-0.018464725595183085,-0.02501967225297219,-0.0028821055257812755,0.010216843938253062,-0.025733289176164575,-0.018104634396579944,-0.0024052890743565536,-0.08911299223374691,0.015077970890488457,0.0032005291739325425,-0.002467819333300092,-0.003301483166573971,-0.004705850439133963,-0.0006350871051150619,-0.0007418096022649978,-0.015428597586495507,-0.009260855906625176,0.0027934324231109198,-0.009354746716240148,-0.01153162014097009,-0.021960525375534945,0.0008344803891651154,-0.014426868858695263,0.004046525926562072,0.007865051470864914,-0.005827505620231488,-0.1717780019944084,0.002752079234227933,-0.011608241886180592,0.004105260282559309,-0.015000696303899108,-0.0007888171218601858,0.0016859053957225534,-0.004282105105242073,0.010728914737447859,-0.02133409752486204,0.013486980946305183,-0.014052811826053557,-0.0020080143114985516,-0.045754741048873226,0.016568039170845372,-0.020026701861704632,-0.0688214971492106,-0.007366435331393917,-0.005661775193261387,-0.003455438134911004,-0.011713470011761373,0.0020790496883160703
2023-08-09,-0.0117159237836445,-0.00895439701348677,-0.04724163848177376,-0.01493494570121734,-0.023765426193810835,-0.03672040588559822,-0.013241935427681595,-0.012818586835173784,-0.03007606967809695,0.006437490328124795,-0.02437518373579961,-0.02144648450440856,-0.0024940723692157274,-0.013100166363601229,-0.005814870416997686,-0.0013192554280531121,0.010641510828466316,-0.00926401439197111,-0.021130830062646266,-0.008206675928193019,-0.0026432322147308396,-0.01925539457131009,0.0032388206007294418,-0.005674772001618589,0.004061184687021324,0.008473283497983042,-0.014042935051129302,-0.014295994550332258,-0.006605783310842606,0.0018578805950923982,0.006779241820908277,-0.007745767655760516,0.007932677980806435,-0.009645801649806995,0.00544961195590532,-0.008382847486290257,0.0011238303675429329,0.009409899439036806,-0.01612422059395846,-0.010127036713809767,-0.015856330494730564,-0.0028666729607044195,-0.011819048559882583,-0.001646864214002064,-0.0028790660466642137,-0.006387699105787958,-0.01203875240294483,-0.018515559334903675,0.0029753255447824145,0.0005811214165409861,0.0,-0.011618812667953837,0.0017418302453731105,-0.032601686372036864,-0.005536560062411655,0.0028623514812133877,-0.008701748202344373,-0.005577030051964305,0.007577663619038333,0.006987899319412794,0.02065902494070837,-0.026586317771729928,-0.0013253359734445302,-0.005560170678935772,0.004281519077934615,-0.018724037027198492,-0.0013610568023623149,0.0017411890564458243,0.006701958783104756,0.017635730661784033,0.0010492110719693137,0.005683476666901832,-0.00013529198145789678,0.00040500602274717856,0.02085423977946821,-0.00769415332865897,0.011350672307886223,-0.051230979955890876,-0.014538831962587206,0.004241471087299109,-0.0056276195903386395,0.00824393936124368,-0.0045545073312659445,-0.005377917788038644,0.012903199573181867,0.010751300963850463,-0.010396169662318488,-0.02258829135498064,-0.019323960896173942,-0.016369628516954116,0.0008383507305873561,0.011608627745404831,-0.015300215654418525,0.011035388852249195,-0.02752641177288173,-0.005280473072548975,-0.008970767813135883,-0.021497948542062106,-0.009143259447527696,0.012448120465286205
2023-08-10,0.0021723044582673268,-0.0012346440186814522,-0.0039009344098702714,0.005150463718840648,0.0017365053377516038,-0.009203808769467803,0.00023136494253894746,0.0004611050341696288,0.013006292021680244,0.003198102534043956,-0.0021725161683491256,0.002518109361653309,-0.0012501126909453264,0.003990010658402321,0.0072716033917639145,0.007171112311407768,0.00014515294965744552,-0.008235387209281075,0.011668656362977536,0.009603359968680003,0.014355157760651327,-0.003788943496020214,0.0017336837372254887,0.010566057986221233,0.0018744074737857552,-0.002642147460823585,-0.018890473230660954,0.0004956298542655446,0.005782213965000116,0.006577669808474296,0.009419463285909035,0.017413986439651863,0.00099876154543721,-0.0005410467293299748,-0.0010840356063207546,0.003701041785925785,-0.0021204711591369385,0.0027638372348188778,0.00566491803843161,0.007910909309392977,0.0013759323319784134,0.014853831024271846,0.056678821992593775,0.0110130231235952,0.016499338551560605,-0.006107378024106991,-0.013781054353918076,0.012415357176400743,-0.004083974461642215,0.007421455983971592,0.0007024723633171082,-0.011148945487179374,0.010259088329115373,-0.016850155900456687,-0.0011871347944242272,0.005803449784125281,0.010241166800836199,-0.004120414318810828,0.016066773538546464,0.020818291074742756,0.013047885746432453,0.00012141462204340314,0.0075201139812519635,-0.008922198688825933,0.0058065056330167675,0.011234579858003357,0.004584348293633189,-0.0037659636845687183,-0.005255834655467639,-0.021706042921686763,0.0022575085225560176,-0.006543647025438082,-0.02191551890308463,0.019859497786558267,-0.01512473895249511,-0.006399958683894202,-0.013187464330867371,-0.04744846105035261,0.04564314185071905,-0.0014907173488450942,0.0028707224358395234,-0.004852727269038737,0.016299676148903375,0.005307839395092273,-0.021600630465602233,-0.008254275843433856,-0.008220026230560062,-0.013724826230889553,0.026671545078957193,0.001916377486350429,-0.003183089815384399,0.028510334376289137,-0.012160064467804932,0.0014822882591112307,-0.0009444342719183707,-0.00674309342735846,0.003414762888316991,0.0007087334603232964,-0.0010253139579915471,-0.00819671330225158
2023-08-11,-0.0059455081711282665,-0.0010114509936260951,-0.03616593590934292,-0.0010825194798443905,-0.013410007577989824,-0.015589054772624733,-0.0010024279463733965,-0.0003072616762073155,-0.01096438608281991,0.002618090729752165,-0.02413139418581045,-0.01934975373653658,0.0015781947544641906,-0.014307048132732314,-0.0013078049550673265,0.007869626982354161,0.004428959771103802,-0.008649770735408735,0.006055336869224659,-0.007378332099675977,0.0021771929775020737,-0.039969564725132356,-0.008116499344516748,0.0017172106052951719,-0.0005908792642045357,0.01022566821876647,-0.01635085047226692,-0.050146481170682655,-0.00526185587750394,0.007139099642728741,0.017578595818136256,-0.006590652903837757,0.009019834720809694,-0.008120837775311474,0.0033912099275683616,-0.034878795181360056,0.0,0.018219233858516315,-0.006792051493698104,-0.023649648602790063,0.00203894646789915,-0.037417352729813946,-0.041137410193758606,0.0005758199411629583,0.0024347396785169284,-0.0054980619623051785,-0.01684201312320932,-0.01990762831301196,-0.0003060100688830891,0.007388092332093699,0.003977495607609294,-0.03670157060148549,0.0013769678684298903,-0.03122348791887386,0.002315616090401873,0.00794548172712406,-0.006187687863841829,0.009654020426013155,-0.00048058658992533587,-0.01394892070703413,-0.014531060900922377,-0.038839628255225356,-0.00430275619588516,-0.018485187380352874,-0.008893467738185112,0.011897983562080494,0.00036998986950420587,0.004652510911653973,0.011623808763672638,-0.003901516299534502,0.009412000815046007,0.011975978829573242,-0.00982028608434371,-0.0008172175314216101,0.012066205616293457,0.001362479578636,0.000426590990242115,-0.03204039056484642,-0.014109333797107215,0.007962172325419292,-0.0005725009957149307,-0.0002671562254382698,-0.014068654674163295,0.004046146504550707,0.004245618551024011,0.0067785055381111015,0.017170873259156227,-0.03233401773832212,0.0009621838265645444,0.010737832906920763,0.003361357360326833,-0.009355551455057176,-0.027526082478200542,-0.009216867080281466,-0.009564595468997572,0.012566735158194398,-0.025064820181694314,-0.029745048137251873,0.004105399969644319,-0.018595072262501566
2023-08-14,0.009438954198061067,0.009393180104611876,0.07093381924420372,0.015605834874352187,0.015084165137280614,0.029333741725137585,0.013661657192147292,0.01275258266466972,-0.011910156448968756,-0.0026468154244949638,0.04099659453956073,0.01451405175742404,-0.0022821027182516884,0.027141287170133088,0.0009166782693459385,0.001673176260569953,0.00838516475940998,-0.005147927442135214,0.022642617636781326,0.01613194639397264,0.011514286509877625,0.022041327654216403,0.025752099024585196,-0.005866475515721614,0.001937654296735536,-0.006083828988562412,0.0607425177237928,0.023360035259724077,0.008764217734668511,-0.001400532369778218,0.0017720957359801393,0.00019808171981461342,-0.003401631933538707,0.011898873401527288,-0.010274464292123753,0.02486534592035272,-0.001875019073486306,0.006331389160925571,0.014913912094187909,0.007207770384309864,0.008094778223460386,-0.0012263163675438893,-0.02517291764567664,-0.008009199620839125,0.027998879114195407,0.0022764128398120587,-0.003291346549399554,0.028111789348378657,0.007020269735003248,0.0016851359315601666,0.002097416753855219,0.014936352092751903,0.014266036644960067,0.04344017403411948,0.014516174922113434,0.00412915213482723,0.00728602776458076,0.008651134313387043,0.01692627861142082,0.03644014330610634,-0.00033512831202076043,0.008839461127181147,0.006437987131696188,0.015531421359898268,0.010206449455627098,0.01268316731720276,-0.013685126396237535,-0.008972433153087489,0.005396959970449311,0.004332263257104785,-0.0039050484543757813,-0.0017750757381073123,0.0029334645147347516,-0.001542280829892162,-0.01468122864451693,0.005813968851985596,0.006678891188922398,0.00857678056943989,0.003801390078375322,-0.010614576852498891,0.004664482070859899,-0.004810912756147534,0.014554746238810923,0.015431489362978557,-0.004227669479056173,0.010525423956942781,-0.003434677238243866,0.026964185893905368,0.011180772104284697,0.007204320870139558,-0.007705177195880597,0.013711135052187906,0.023030898980205716,-0.011203973025089242,0.02299141657779047,0.0155492723396784,-0.029587746366927736,-0.012408764865746713,-0.009540057342632524,-0.01052635594418172
2023-08-15,-0.006727635896408679,-0.01120032146677552,0.004273981492479928,-0.020630355012962953,-0.01384757895609734,-0.01355808030171568,-0.011802353081147188,-0.011833403147433419,-0.028361644764614224,-0.005271806315470862,-0.005626048079355517,-0.009537581429492237,-0.012362428243303025,-0.006797487396780766,-0.007300438147666011,-0.009836722039483825,-0.006594968953013036,-0.02052268379919231,-0.02550447981022308,-0.017042299970785657,0.01009444570754403,-0.012756343409539794,-0.01360858824244393,0.019312597315196856,0.005047884530954283,-0.009023225711805138,-0.04320440833306893,-0.017041359276323553,-0.010441117237739439,0.0011735514435686767,-0.003055532946586559,-0.009603021484891228,-0.0039292168073655764,-0.021953676459513183,-0.012703186952682688,-0.014993207540413445,-0.002629919705517736,-0.016777572431943777,0.004346289765049471,-0.02227886258779732,-0.007634884953815924,-0.03204420758922921,-0.008083161317122611,-0.004061092403610522,-0.017982478979983396,-0.017521058193566308,-0.02544280433718804,-0.060060047567049746,-0.009707180922942538,0.0065703441539344265,-0.010813957036927668,-0.026586221987145664,-0.013557011689807497,-0.00755415083506461,-0.0028213738550065814,-0.007102823703088457,0.012187097329614982,-0.005981252405441895,-0.009220715848483718,-0.01079820297972145,-0.008213236334563168,-0.013268213377043758,-0.0009639029767273266,-0.02589115489131555,-0.004778963145794735,-0.01526473168827891,-0.011250019073486328,-0.014018788942859906,-0.0034632166742762927,0.003289310360456099,-0.011200908471130755,-0.008002384242203231,-0.01754877552473333,0.0018722799926378375,-0.03589996337890622,-0.01770993549684996,-0.018774622676663966,-0.020861010500402455,-0.014034330066409195,-0.012225590221583649,-0.010996159575095477,-0.010272584626140224,-0.02419129757547278,-0.009389228957758622,-0.006227036776141559,-0.009951929731069176,-0.009239528869625424,-0.030786711373618547,-0.033721871211450316,-0.022677845514143424,-0.01890619032492602,-0.015181815558931167,-0.017528793294995793,-0.007691217928459504,0.008040373881991414,-0.020157397651016762,0.005024579684134167,-0.008130056086341875,-0.016167847206347674,0.002127708359077385
2023-08-16,-0.004536107380615828,-0.004959085033290345,-0.010332290869333627,-0.018885675014943426,-0.02536844958581197,-0.011311338693384632,-0.008321789499253551,-0.008904610609232977,-0.03159340830287438,0.0009668188893701135,-0.037359641578097236,-0.01947132348905578,-0.0007719844771801876,-0.0081164871285484,-0.004164734750140009,-0.007310204326202885,-0.0023813091838243983,-0.013699845765723584,-0.03566297561523102,-0.00307735387955288,-0.014671457465840532,-0.013063976350184414,-0.014510004687613098,-0.0037217424743730687,-0.023807931345699584,-0.006975492743909628,-0.01699067165529944,-0.01454651176966959,-0.0016278278932809753,-0.018211433299268887,-0.010633875463315068,-0.010595737194053045,-0.00027894698122576944,-0.0228877618996165,-0.0044272233014464035,-0.01970921929012881,-0.020592659495444532,-0.007836420350127105,-0.019531068759513603,-0.00807121323783866,-0.012911204994972891,0.0022831089997055187,-0.030014693542814386,0.00233007634727711,-0.004210418113037573,-0.0029722638886062747,-0.007855250092539845,0.0035311767304881947,0.0032946943467788703,-0.00031532521609878295,-0.005995088022334838,-0.02478437525456212,0.001546128740824937,-0.02960081244277868,0.0016774460781696643,-0.010730416157483824,-0.002078893537216464,-0.00715264384327452,-0.02806283070237625,-0.029255073020919675,-0.016731416163692225,0.012178092885626102,0.010700826224398607,-0.013845997713350933,-0.005271645316254903,-0.006200586988802326,0.0011378504301058356,-0.005924080514975172,-0.008861830204939025,-0.019278731410081407,-0.008819454407220872,0.011353368376422868,0.0018428870389957108,-0.0030601700609346194,0.026034585743122562,-0.0062601725654929385,0.002877239851758695,-0.012891905905310641,0.02349753626224982,0.005556989640191912,-0.006094530348615956,-0.0033240993215578607,-0.002161918455206968,-0.015341017695961523,-0.0039874505045482955,0.002342631632240799,-0.018355382402011844,-0.020715999204720892,-0.03189563250851235,-0.0007757537481555277,0.005333815880732118,-0.01807863295968848,-0.02133981887493852,-0.0017301038062284002,-0.023166575517132748,0.005447708376103089,-0.03681405993092546,-0.017138635961480686,-0.014335658809212948,-0.019108312496595836
2023-08-17,-0.010986233085912955,-0.014555174817995509,-0.0032653795658118545,-0.008069975106044458,-0.03126172122702875,-0.007070930884511939,0.009479419189059923,0.01045624736374906,-0.028280162722535862,-0.021357665150022243,-0.02565537771587645,-0.02996753361708182,-0.015231000846344434,-0.005481111120074433,-0.0038115470829378495,0.033421459372392937,-0.013598588664104905,-0.0006354942701274346,-0.028332746281779286,-0.018561448204868825,-0.002157929948032322,-0.004773986706035238,0.0002413304721109455,-0.00441469684800222,-0.03087004051133968,-0.0027347833696305113,-0.01027716964912384,0.00351238547467303,-0.026066013587554004,0.0013394818152436816,-0.000765101921603839,-0.02434838937536321,-0.002471084624431241,-0.009482376774532897,-0.010561452833515395,-0.0022151641201871852,-0.019230769230769273,-0.029910706454046254,-0.009598060375930473,-0.0032485235721900763,-0.013124923232722407,0.008099304558742082,-0.04078744084075314,-0.020098769771191294,-0.031006678638842322,0.0026498814935695947,-0.006520251147607126,-0.018096545333982195,-0.012951997324397557,-0.020387793302433455,-0.009578968566460566,-0.011233133334155432,-0.018010278744447716,0.0033118780711820506,-0.017976764181215965,-0.0026641178245669916,-0.02755959377886974,-0.016695244544568277,-0.024306393796202475,-0.030136793749112933,-0.013234796385780845,-0.02393788244383488,-0.018831951185648177,-0.008399124948484604,-0.01275059246103094,-0.03176121955766675,-0.005177467476563669,-0.00208580726936225,0.003856896957832534,-0.02628360461631296,-0.01224489795918371,-0.005317586803243013,-0.032262612683903846,-0.0045457799080246275,0.07399918955035156,-0.018772904644106636,-0.008463582637200817,-0.021308708659384057,-0.003421606664621546,0.003767839889658342,-0.015909829003066145,0.004015766030790235,-0.0021667126766632405,-0.0060533194529882595,-0.0028596592887493166,-0.019759525428516,-0.01417480821533268,-0.023323947914525966,-0.008718002204473496,-0.020859327319501353,-0.004449805491571035,-0.03197039056749229,-0.023235017324997997,-0.01435013742959268,-0.021347081991957784,-0.015612763774872196,0.0010027924647102449,-0.032600406761269185,-0.036537803019943804,-0.025974001846660322
2023-08-18,-0.001262288217372065,0.0028161235239314575,-0.0010382341373581516,-0.005672447612115605,-0.0064540894507917335,-0.001523333052423581,-0.018934722284045358,-0.01801322997529653,-0.017014851321818125,-0.003966264495724459,0.009670571459461375,0.0037965230255505578,-0.001513052827561867,-0.006918538221942994,-0.003347803425143403,0.005664194699138925,-0.0016865566896986373,0.00018165554809024265,0.0052178686123729445,-0.0010073404042686418,-0.01038069505860606,0.03684866239670459,0.004404023953427538,-0.007693760592525578,-0.014237364025130761,0.0032261862420657206,0.00047197574966517664,0.006753430521926118,-0.017232998702910285,0.0027627074781779726,0.019667948149877823,0.006834458570933899,0.0030765713449596443,0.0014815345529524127,-0.0009831418233782196,0.01059304179878895,-0.008104611066431788,0.010213398094051751,0.004527193781005634,0.017056196691688896,0.001089399009685188,-0.03364298496072671,0.002532181485418672,-0.0011862081302429495,0.016761311034097393,0.019821617852530782,-0.022892416236262703,0.013993169218022183,0.003140992253875652,0.006794269651224871,0.010865715368470141,0.010486858364896046,0.0019214080410754342,0.0005211740545718602,-0.004910349874654885,-0.0004770373202003242,0.0016067152292877918,0.009884852834485702,0.004932036953147589,-0.016324965649678225,-0.004354642059997693,-0.0007703847035140932,0.050061947499831394,0.003919155423115495,0.013260751830527662,-0.0017252027556481364,0.0030464314228018097,0.005076087202904311,0.004016824374357242,-0.005530205104946617,-0.0042974929179041554,0.002376056887596567,-0.00043864277766636484,-0.010262894544570633,-0.04348640069733123,0.005264556709924317,-0.009548663713587757,0.013906417050404851,0.0369918740062416,0.0012512321873394683,-0.003368150207845755,0.003592968605746316,-0.004053253790896716,-9.986158011943136e-05,0.011184382035980711,0.0011271448494905023,-0.0013384554627748901,0.007775237000199553,0.005179706122994787,0.008618015207556562,0.00034382771863916695,0.004128365960784031,-0.01354074396715943,0.00443103752473184,-0.0009682684809838582,-0.0044901152155696344,-0.014672119466486389,0.0015673592265372793,-0.022827648577613657,-0.0022222730848524552
2023-08-21,0.017062669707495814,0.007736780344014926,0.08471332830004852,0.01095925117625085,0.023477471832248353,0.04758789416227538,0.007139463669003643,0.006400687389922943,0.073274828918382,-0.0031746255752916896,0.026268414913473537,0.009294761271033458,-0.00634184347554434,0.024285056386619708,0.0063715918207685185,0.007267400154944426,-0.00433374717596402,0.005267954941806874,0.0119083783098759,0.004732937589491781,0.00218536478335718,0.04282910734267964,0.00876924383991362,-0.004277729302026079,0.0025179268752113515,0.0019830373756910546,0.0058185081144350725,0.024963990155330462,-0.00210236356050042,0.017168327778005033,0.039352498451957985,-0.007919410119057946,0.0002389864882073045,0.00836416057299072,-0.005623420665395229,0.02667587293485485,0.0007907905925177428,0.14840953195125928,0.024529394104781943,0.01097157501396806,0.020176816534424935,0.014029542148141338,0.024108274301491095,-0.011282096197798741,0.04836505924474199,-0.005183082293842789,-0.008475912196440838,0.0015146441494662266,0.001194764686364369,0.007985064215751514,-0.0009449778832278932,0.025690530624234098,0.0010459825306019521,0.04236844278944396,0.0034066851983318713,0.01278995905526581,0.012521154894932218,0.0016122411900871825,0.011718808506163914,-0.012918460227798412,0.02151853648565072,-0.015677219551367694,0.003706219987213988,0.0139779993674356,0.009467820479584388,0.02444787759774414,-0.005821299721771367,-0.005347602673552054,-0.005218351765506779,-0.0036384134241254085,0.0007469815353839948,-0.003555523907696756,0.008923355835359637,-0.0009275683099988496,0.09309189951572638,0.002937740769568098,0.00613494266085346,0.016070878744948836,0.011321213490151916,-0.006748229302501518,0.0020276940058459036,0.002769546613778262,-0.0005814086301312305,0.0055915881184389615,-0.005955731550458143,0.0062353963201833285,0.015010582115074556,0.02534988798925819,-0.011540574986872776,0.013431739721007974,-0.0039525613965345485,0.048234283397629474,0.019662425826215246,-0.00721237166098454,0.022147535355132808,0.015277104191460111,0.0011362423156275892,-0.010172153142189,-0.0037679117565976306,-0.020044472235756783
2023-08-22,0.00180187201276083,0.007904910251348207,-0.02765776051391844,-0.0031926989840012077,-0.007933728324913347,-0.010807541510946428,0.005530939790244771,0.00589474760567299,0.008258403978685713,-0.008910047053057424,-0.023655493713892195,0.011952300523355941,-0.007624999041208502,-0.001902108267721192,0.00026492385520882067,0.0003607586266070051,-0.0028771625294580216,-0.010932409479005645,-0.007543753910812967,-0.0007373445744890406,-0.006323613424939256,-0.006184029996130214,-0.005001466824375633,-0.01181441099204017,0.0017092483044045537,-0.005028095516184994,-0.008599112647487028,-0.0036160165941498956,0.007172310805414472,-0.0009693686130954893,-0.004429326309559278,-0.004043120395501032,-0.00629207051576719,-0.0031599004330010727,-0.007351961653907724,-0.008131055621149463,0.005398946793966575,-0.025954071937894785,-0.00018325789181827812,0.0075469417566242925,0.0022666422526040897,-0.007302071645548858,0.011574973415021672,0.02071968089802101,-0.010201378347589052,-0.006512499562135843,0.02483872444398938,0.02470175201082503,-0.0008435942376391337,-0.012120658130562734,0.00413807598184035,-0.009721215665831728,-0.0012190821500596138,-0.007329645771386062,0.003251130931897883,0.0014136417398555867,-0.004268807987243939,0.006898119693775184,-0.007128019062231816,0.021971752436497516,-0.0011988302030472298,0.01618796199047523,-0.011497169389712458,-0.0036015064359516957,-0.01423741375850418,0.004688583059507145,0.0007638135164595994,-0.005376353274697765,-0.005945098107225766,0.01323734852097358,-0.009289232391282098,-0.005352372865264021,-0.0005799755664689377,-0.015949299903866176,0.04645297036061313,0.007132007283876085,-0.0015969891802819491,0.01704390595059513,-0.010560777000917287,0.006542483909206309,0.007841486653802132,-0.0010104001318145261,0.012070886792814983,0.00724856879723812,0.00370901771597687,-0.002754106963596903,-0.007884695665829389,-0.007094443097657277,0.03198479274975896,-0.001854808489634041,-0.00017250382489886196,-0.006163362448074916,-0.017100280526321288,-0.00754684775456449,0.009592867771489155,0.006592133742042039,-0.02670092063151208,-0.0086956252959971,0.0037821626115670526,-0.029545479914373063
2023-08-23,0.01407929251760942,0.021948877071738204,0.03170712800770348,0.009459994580714559,0.02308756602901263,0.02429338926172342,0.02548801703953263,0.027141677894957805,0.01573823118710882,0.004625053879224739,0.035680451565405,0.03480401262893085,0.01377346733624707,0.021617852325652498,0.0020127910511296143,0.009376135347056946,0.008656393439217647,0.015529340726093688,0.033140777525552334,0.026562803068671093,-0.0024138821831954926,0.0010145004416122205,0.016276711212785733,-0.0010092763393878545,0.011248122806575722,0.005752418449641139,0.028071323107987434,0.01690114184856828,0.00802571558441012,0.0005708111030684471,0.00021411640642821084,-0.009264071952488906,0.005570470069524047,0.004641639581294488,0.018088652457222576,0.015614739654122856,0.009037360251423321,0.004689657720689633,0.027154552551996503,0.014381554567725052,0.035785586097267785,0.005549107201315628,0.012987547497928409,-0.003432198865979008,0.00971572053928349,0.016060300473361266,0.008262535698998041,0.012791059120238701,0.011552513412752763,0.014068020514471868,0.008477584105922142,0.007212272938966757,0.009764627518581648,0.03205235513544746,0.011280431358327236,0.0205157186274183,0.017502018960526167,0.02945880083482555,0.018845342231478934,-0.024303664441295947,0.014917677236578886,-0.006423432984626332,0.03472278042364363,0.004487011914426464,-0.004506936672126649,0.018888873818480034,0.010302690540531234,0.005705779151934376,0.007915580914998666,0.030060392121034507,0.018166645908581414,0.005979095915628285,0.0008704128583798543,0.0045962404423092185,-0.00671024426730471,0.015680296346207045,0.004798630902477452,0.04129242502040564,0.018678620497362575,0.006250000000000089,0.01497532781567612,-0.0005394594026189026,0.01250183636104496,0.009611577786428738,0.007959032884251593,0.015577804974454601,0.006920589895082374,0.005521213507323486,0.0086824311385294,0.023177975211234436,-0.007420194987310169,0.0251586150653611,0.0111049843119424,0.010731251757428284,0.024030442724878087,0.02897214869021303,0.006137228335685085,0.012759158524627834,0.0,-0.032786854124345455
2023-08-24,-0.02149846721497517,-0.02617044148719283,0.0009975405744333532,-0.027154721211281152,-0.025455378204739976,-0.025234427760084777,-0.01956634005763691,-0.020944436636166297,-0.02879341090367582,-0.01691743450563965,-0.06972491302329908,-0.04822826735097996,-0.005277354969540626,-0.0344444772852186,-0.0010836623642004328,-0.01321896873563233,-0.022078738842577272,-0.023927283228631913,-0.04090639812754271,-0.004711866430906819,-0.004839362306124695,-0.03702699815904775,-0.024966174689098675,-0.0028753119229633084,-0.016357311754505832,-0.010262979207575573,-0.02300972171377802,-0.03268007683648,-0.023291517560056207,-0.010924178617135905,-0.011417532633784533,-0.0036772270750041747,-0.004463554620438792,-0.021354481504220146,-0.00881372206526887,-0.03625184730987607,-0.009215979699314314,-0.034838354350697265,-0.02761914410255828,-0.04327148511970591,-0.023717820453348915,0.004491766970556421,-0.03460241064795777,-0.021943452466751223,-0.05435277773258418,-0.014193565614761816,-0.026613623134004838,-0.017001283445541415,-0.006758697357535093,-0.012700960206484813,-0.01657907931871161,-0.03620088790822573,-0.015196012267897796,-0.06845526966622206,-0.00884258990483211,-0.01401700699225128,-0.02323866768807281,-0.045252902233070214,0.020747726954886803,-0.032573232285393994,-0.01757048699036101,-0.01564519190285829,-0.024778443642291093,-0.035115949004325575,-0.04630534174379952,-0.009572232516363521,-0.007553801735060484,0.0008957532933229206,-0.014834179501547529,-0.03381510010715705,-0.007071210252671434,-0.0065379260245778115,-0.008117083286472093,-0.007922386232404044,-0.024337411925128283,-0.009462178026868773,-0.017510840972388975,-0.040684899024219345,-0.03761529626415483,-0.004223556992430155,-0.011622123609146384,0.005329869650699148,-0.006102757745714227,-0.01733146033307109,-0.006486168871251974,-0.0028893474269604535,-0.008950133030370289,-0.03143839637482182,-0.04001251015315621,-0.014100284658081219,-0.008866518292275694,-0.03938953515815036,-0.04503025537383165,-0.12895516671262253,-0.026946082153315842,-0.033829119933657226,-0.02647307718225622,0.0,-0.045968394070000085,-0.02905566155785122
2023-08-25,0.009407162403167968,0.01264313224744873,-0.02427753130311605,0.010770617478674804,-0.0043591979075849885,-0.003089687733245361,0.0007705817880743204,0.0020702674149035705,0.037167463490241914,0.004325643109820865,0.00442040210954997,0.022362583902155286,0.01264254196726955,0.024647278776290582,0.009657601399444937,0.008327282231998412,0.00022501333369961962,0.016680467449639913,0.020251606146730827,0.041223646525514024,0.005083986156123377,0.012910442623710772,0.01340661434748247,-0.0009351969407738192,0.041695744761776066,0.006156833911759696,0.0004710722977085968,0.006616600710335208,0.005326516992087749,0.009487581535760237,-0.0010346920320782882,0.006854386937974688,0.013010408167715815,0.025735512452485843,0.009174333660943335,0.011188113262238897,0.006943518493160106,0.01455263839527321,0.014637739405388261,0.004924211054521788,0.019601830171492862,0.020953201601909832,0.018538402662964915,0.005030434296361408,0.028394671498564117,0.011452892263947412,0.008579214916224709,0.00790643303368288,0.01662229139289817,-0.004384409347123475,0.00652968539052079,0.012279380528771977,0.005435759774267357,-0.06615466669507664,0.012440951067403283,-0.009820383841609992,0.05380889565639868,0.017657953191609232,0.0350910443492376,-0.0021786612536096595,0.011349954085871916,0.024825948480690085,0.0011778511604370046,0.02070473979065679,0.014907542887651504,0.000831897058320541,0.006342762760193521,0.009844809422757228,0.012577485825983947,0.013703147633135737,0.009191790251041665,-0.004487033338605229,0.0023380977933846747,0.011626516804927434,-0.0063914887789656705,0.008044235913621023,0.005302704574872141,0.018789444178503922,0.008165487343054334,0.005488956984912141,-0.0018347194894853258,0.0036239753360778337,0.00042837041010690413,0.013513519660170559,0.004541579605196633,0.010738502118394777,0.00762108011972118,0.026233888776894254,0.03803934266644049,0.021201825903021332,0.00999830777588695,0.02161148486443709,0.0067088806038468896,-0.004601224632401202,0.0075121038255803185,0.012601993847100479,-0.009523835929398872,-0.03385821716215809,-0.0023696471826832877,0.007481229740367468
2023-08-28,0.0022292439043034573,0.008846099466185864,0.01775395184008044,-0.0009004586682715976,0.016672538583625274,0.010870852628494854,0.008700258558220764,0.008416794124858518,0.0009640428763089126,0.004082306765631705,0.0035207883652963456,0.0048794528886215716,0.00462602741904572,0.00925605716329625,0.0012579234019098884,0.008976660559270266,0.013723183265886396,0.012327779315751464,0.011127787425105673,-0.00034677329739774,0.011216149281759735,0.007342737282572065,0.005303613626105097,0.0006630115723491592,0.013207942714129173,0.008480954402430907,0.024952861070787646,0.009162899441146566,0.008907151519392142,0.004399270284129342,0.0006503752374038552,0.016338474065213493,0.005295381631023055,0.012180052336891789,0.0006993433812281236,0.009881010398959722,0.0023419243266509238,0.007193637119194074,0.003256156098961238,0.012257846037763587,0.004472962752107845,0.010636947004973418,0.009387316162059012,0.013714428075684015,-0.037103910842482435,-0.0016175748077440488,0.0029016444956913023,0.007844411717747857,0.006209525033014973,0.003641105353628493,0.004718111956101945,0.015443419094935962,0.00645271940879244,0.031214919045706724,0.0017179128293542956,-0.004722773089907539,-0.0028273543718358995,0.0022831573187276355,0.00541866514851419,-0.014589134473376064,-0.0018704405336320562,0.0061523119403550375,0.007815128614922617,0.011591257869585148,0.0006838261508910204,0.01796891734298023,-0.0016387858289650392,-0.0002953714027741361,0.0029741424789433424,0.0008118736348761146,0.0027077557579640033,0.012620252375245222,0.010497175377532031,0.03651807012160102,0.01697490860983275,0.019576056790094887,0.005714276771405569,0.0039519879843323835,-0.0006479218097451556,-0.001240675881069686,0.0069345324148228915,0.007555931801835891,0.007993223058849308,0.013970618154488301,0.017236525031701033,0.0031620219751262724,0.0023446474846280374,0.014189748298571558,0.001989266126711131,0.01069231228122014,0.004689069720049677,-0.009946751356013195,0.004188903632627472,0.010137053156667353,-0.025147153320144833,-0.004384069616850339,0.000759078414711345,0.042379746103459404,-0.0035629513765793597,0.01485147112526719
2023-08-29,0.014550482784862373,0.02181027039532446,0.04161415603796814,0.013294308852149106,0.026631227894575282,0.03350440727151072,0.02717359718076362,0.028075061806840385,0.07687791972402569,0.012271801152358819,0.03225804053118608,0.0285365563446649,0.003772497507801731,0.0200974199077677,0.012510793016109911,0.006405704723565719,0.011540264106422837,0.018803711214028018,0.02052357118762016,0.03395840052999799,0.01739885265387353,0.0313574309999376,0.01179612050481893,0.012044541034873735,0.029554210353645693,0.008728972466609086,0.020976922336475523,0.027509330184234848,0.013438188745946489,-0.0009669975312529555,-0.0008424847990590179,0.02174361696666005,-0.00015721249352873556,0.012366193672133763,-0.0009783325204554272,0.023412639267151647,0.015186891939788394,0.006453833627989569,0.01778312021881745,0.012928905836976146,0.018154528704653394,0.15428428374053826,0.04417914536514611,0.01787387122404671,0.018537792068141767,-0.003564504477510111,0.04831359264143065,0.013458762051214768,0.006511851617638342,0.013045388672188851,-0.027236436798688923,0.029764634150170943,0.013515900300958616,0.017219517753658264,0.005064117451911709,0.0016133450176911701,0.022725328175350334,0.013667390734995788,0.010640737010278123,0.01299225404000981,0.03287905076816111,0.0440764214582503,0.009088604478587614,0.02092415351873389,0.024300280826120124,0.02740212959757171,0.005429296991725785,-0.0023641202923744276,0.003662987576583454,0.037336748932135455,-0.0018002749329181222,0.005934740605685551,0.016880765251084284,0.04421297709147143,0.01897563030808591,0.00733772934019683,0.007284382349155516,0.033985093798706734,0.013723758704364819,0.006211180124223503,0.0036508666915198162,0.0033847211999962212,0.011045012021535516,0.0033356884808206644,0.002777735392252678,0.0050432753464297875,0.011130022044503862,0.04250778034481151,0.039184954227617474,0.019665739667771964,0.0017286480804852289,0.02157919294455346,0.03394002737699786,-0.011721251710733682,0.03685932854094598,0.004190314808968809,0.023577723132064188,0.012509761367421435,0.01470007302788523,0.04390251447869553
2023-08-30,0.0011571050777230418,0.019172272827023162,0.00983932917878727,0.0011860029483812262,-0.009698259087784655,0.0026406983026021624,0.00973469188745435,0.010627995602892293,-0.0010887269121663268,-0.0009396424770576894,0.006325511523108673,0.010884028232397869,0.0008291005435581145,0.00886097630731264,0.0006203702483871254,0.004420084758308684,0.004753502050406588,-0.004482353152593488,0.006412048883714716,0.00762367785032092,0.007268066726379807,0.006467537327213169,-0.00855355728504592,-0.006778653775721399,0.026386067648163536,-0.005065463762268796,0.02114571125167486,0.002745935610564576,0.0063422911308927965,-0.0014234469797277383,0.005733638988215883,0.0009076786334403231,0.0022802695433377096,-0.005422821251173882,0.0012590421609415259,0.000843542431986366,-0.007032290356751458,0.017014345753647575,0.012644753554189148,0.003071096707131904,0.00878931685811013,0.052778353406121026,0.02948658631005996,-0.0038806103160520244,0.016905220034967305,-0.0006504213906884937,-0.012400751528532594,0.014719970703124918,0.007265983045533275,0.0058418682527305865,-0.001689589531947755,0.003509461921676227,-0.005812961922226467,0.021739152600196876,0.008973203403535468,0.001894987175547369,0.006082679818930181,0.012808981906162309,0.009799495055081264,0.028236192942817873,0.009731158538576423,0.00939487897830893,0.005205791607073129,0.0002439507474516489,0.005337175943650241,0.0058672506714509964,-0.0023859703449075065,-0.0026658814295759115,0.004170974277909023,-0.0013294349620990298,0.004508898239278691,-0.0038348395948003544,-0.0012770142309634913,-0.0256927425871748,0.005431544912626318,0.002792226780016893,-0.004049736502294454,0.01878167094190286,0.0037310106878214455,-0.001975353853202133,-0.003389517491881988,0.0007936709785689722,0.0012604528846964502,0.002746493893506452,-0.0013850204757318574,0.010579571739375071,-0.0030597288217117935,0.012703594467942558,0.01689291459757536,0.005569523718504055,-0.004659196793942777,0.020015232369726244,0.002934161947439007,0.011291628000634324,0.022156851278435585,0.00311197710803901,0.02550487908118204,0.012355200754337936,0.0023492350740639267,0.0700933876615717
2023-08-31,-0.0031326948889207618,0.001172401960345848,0.0018471360780156765,0.021766395374215985,0.002677087524846522,0.03430535745116181,0.0021341866037090096,0.0030673588709586586,0.004593198535678855,0.012945855133746909,-0.008162070992381087,-0.0022776375672800553,-0.017450870500087645,0.02563452009573841,-0.00012913739296205318,0.00950531751058814,-0.008297542722999207,0.011123882524698647,0.017665816157436343,0.0022752976985191964,-0.007640081038031599,0.011990709474571037,-0.006913657144026697,-0.00597180283760923,-0.018519662706891427,-0.0032880522126377265,0.027170013262082238,0.023116243193966435,-0.008164613659456199,-0.006899342457400981,-0.010132369422085286,-0.018137801905580453,-0.0012552154498221002,0.0011565316220050192,-0.0043313896872374524,0.00716437369390821,-0.015194440503889739,0.02269865192860454,0.0035208534671067326,-0.013486421373207103,0.0023344903584912036,0.008457324599721039,0.021762584680922403,-0.008960367869442099,0.09284090885844454,-0.01724695044555491,0.00719701735712075,-0.01434878388025096,-0.0035968632616578677,-0.013075683335399546,-0.005198262800172215,-0.0007771695080367458,-0.012725737902817946,0.01587024494228295,-0.00708288089049014,-0.014942256795727804,0.0055934877591738985,-0.0053250025603415185,0.001760322203910425,-0.023593065705007854,-0.016497911076305383,0.016922444574844153,0.0013152160354128473,-0.0018295100596068536,0.012024523258544528,-0.0068322894148094004,-0.013091652612856275,-0.017225959248562406,-0.0034613525868375516,0.001174616993369959,-0.0024483426536520136,-0.0035534181302381285,0.0008523591293363442,-0.0031626461685793084,-0.030440773179126523,-0.007384995419130402,-0.01510312091648458,-0.003114100695084554,0.024638908290079087,-0.007422049743956549,-0.004728325843173065,0.0031062139203401617,0.0016785949107274156,0.014607627106900223,0.0038834782971233217,0.0022758433232299424,0.0006736757269083515,-0.003945365661796485,0.008899451699020844,0.009210038425143896,-0.009535354267520613,0.05954647165364957,0.010239557274692057,-0.017109786247637704,0.015391986973791738,0.0026087225016624416,-0.005058390643383204,0.0022883819550847395,-0.011328160593984116,-0.03930127321770138
2023-09-01,0.002745892938946115,0.008463361036912254,-0.01714110356462384,0.0007970481467276525,0.0016559877323241157,-0.05457854599973677,-0.0037452780619354753,-0.004004390442788108,-0.05064318329763218,-0.009157495318578901,0.035281835834945374,0.014296283692446954,-0.01461325804566227,0.006918859604852612,0.004831529237036225,0.008544057393269355,0.007926618943520536,0.007508955029405184,0.04183270478758638,0.014377693402568337,-0.02202734850874777,0.008051918241415601,0.01053197844920728,0.001443376462796575,-0.007259783378675055,0.0023943649164444025,0.006434042501202164,-0.0006264271442377733,0.0031754486070083576,0.00792332145214747,0.0062190888082986895,0.005747101237302266,0.004477433670773356,0.0035757173553154775,-0.02203199056635996,0.01026160947374799,0.0022227793081013303,-0.0023838956998750715,0.0033995020784858276,0.0030127172817462355,0.012976189841571006,0.04364958716319123,0.03590896690583034,0.011350856860768088,-0.011040931517116603,0.014238357184243267,0.008665901658701625,0.016957309258571307,0.002161961855843053,0.008247312865089729,0.014947086084027283,0.020610565175990025,-0.01497997931784234,-0.005150201494601658,0.0009618302181628735,0.030049895769700186,0.016319040871836554,0.003345922486171604,-0.008650978407789278,0.009110696557351083,0.010961631912436154,-0.001069729476152692,-0.0009030507557366008,0.005498589904364026,0.06014266403097768,0.019889089306958097,-0.011224551858229459,-0.015412460537366224,-0.005210195245183402,-0.00023463584272542803,0.001390805565544273,-0.002971836085696844,-0.017033314410557,-0.036063151577326646,-0.004510499138648316,0.007074055935681223,0.004718367683045566,-0.0012495123784378448,0.012956052617199232,-0.0032402107896033483,0.004667424095061712,0.018974864316610773,0.0016757819516717287,0.009614012966972174,0.017131880909342145,0.0025596363391253707,-0.0007105473303281595,0.009547049056945367,0.0019111996193004188,0.0005017833742888556,-0.01085248967250696,0.014931123264905644,0.0034388891712033853,-0.029584853943485312,0.030369833361052256,-0.0026019347758647893,0.019610249783475142,-0.12024352225446866,-0.07427890953914729,0.022727250560256484
2023-09-05,0.014878549493009485,0.0012667065653462206,0.000804004723622187,-0.006154002858205887,0.012720119277825459,-0.0004011788993469878,0.0008108551332899339,-0.000657867952360891,0.046855214011356505,0.0008819117478180427,0.012151684496470416,0.020005428060575703,-0.006616493347300523,0.0029651157561207953,-0.018796116041655653,-0.010027694148073696,-0.0032039789961376686,0.010052895989645316,0.0027314524024568687,0.0017831905885028476,-0.02558491538721097,-0.002467724327923193,-0.0005299201373156759,-0.010517693265221673,-0.008794855043717686,-0.014278902543242267,-0.001420634678053423,-0.0016952567157059173,0.009550899398044654,-0.008088853000627116,-0.010485470325845236,-0.011836772062340573,-0.011339174570808908,-0.004878580416489808,-0.001865473931096595,0.010906865407919408,-0.019438980223196345,0.009681963133226779,0.013899432569906667,0.0015697307201065769,0.00800622831248421,-0.02158973121471197,0.009432791734554247,-0.02327280329640835,0.02604972436605224,-0.023179859742930797,0.07234901400326499,0.0026742486150495015,-0.016862643721204384,-0.002026474099339315,-0.02227003179736653,-0.011383117323412573,-0.010433247755045616,-0.0010353990077837105,-0.012311313991442474,-0.011557441077345354,-0.005151107694478685,0.004891089883105604,-0.0025452120158141467,-0.015407258796021672,0.017085607586277973,-0.004283681656707894,-0.008956420420899391,-0.008871106438350429,-0.00588833189449689,-0.028517660804890488,-0.019607800682256094,-0.0009208898805384003,-0.02094966783895802,-0.029885189469636142,-0.008415022601769406,-0.014903129996130748,-0.02296023592621843,-0.031563783052338756,-0.028429255664974673,0.006176603344016263,-0.00733783393716847,0.01864128434981427,0.0027626791547352703,-0.01200308419071805,0.007964153618560177,-0.0030389319124157765,-0.010595317170816854,-0.0025330392376646804,0.007063252155210531,-0.009182983697776925,-0.003293801095123783,-0.0009054724939991932,0.007141143241184755,-0.004921190264947084,-0.0162802724521538,0.027528731379807603,0.012806690417699107,-0.02080176238117304,0.003181633029079256,-0.004583015912583255,-0.053603310448773756,0.006920408373887188,-0.02987625923269066,-0.04888884226481116
2023-09-06,-0.0020086431859566156,-0.03579332311737149,-0.03062953221195419,-0.013914209970579572,-0.003264969144353813,0.0001146985370443776,-0.00964865226022138,-0.009801854515919417,-0.017817428513501543,0.0035981532923332615,-0.013540350392929668,-0.006507940977582782,0.0032728069214762456,-0.005204649511388104,0.004428727500983776,-0.0017463932422695505,-0.02016213396991695,-0.01604463919019883,0.00735495681006082,0.0006720097092212107,0.008303386904887855,-0.0027993485636463866,-0.009956417972864506,-0.01968426482472696,0.0005200327155427953,-0.006408198497374951,0.001707252027585593,-0.006464359448346779,-0.001090723185417919,-0.011313393243335135,-0.0054926524694092205,-0.00919041122784725,-0.0071188570627160885,0.003525390620895852,0.00186896042805329,0.0017949135344197398,-0.012240630036100542,0.0005712628451641777,-0.0024847459503988256,0.003737386939951959,0.004847063125868356,0.005244397309524862,-0.006327359894113038,0.006914387892796414,0.004835900907797841,-0.006350285213005624,-0.0036544313599496947,-0.014747449272876523,-0.0020332150982455,-0.0007826840466205187,0.013347982966064764,0.001059815744817394,0.005718364904566453,-0.020383491408134002,0.003263108907280321,0.005563378792197371,0.004854160089203585,0.005973461354121357,0.012485146042793271,0.06528451413160341,0.0051687884931823636,-0.013025859982193855,-0.005472213404936532,-0.006130456289442532,-0.0069933490347859895,0.0009918356974654152,0.004999963860762735,0.0006144534019190129,-0.003922988828814478,-0.016229548097931867,-0.0082392681665171,0.004538624185827622,-0.010050255222740834,0.026871124023488235,-0.010241429593371931,-0.0010833409400757832,-0.009461847951263924,0.0251781269695448,-0.0034693503866389808,0.008858575137615343,-0.004938259046264104,0.012387337906912599,0.004649877770587008,0.003009778929107698,0.004046439900560639,0.01188645776608066,-0.009651159419243438,0.0018125094109440187,0.0023796329739231847,0.011056542115864376,0.013491635149151637,-0.02697553915120665,-0.0065895411670024995,0.009460790705038802,-0.03011695372118861,-0.0014874023655772062,0.0035125938851521266,-0.01288664671652151,-0.003959531649820547,0.002336390550113032
2023-09-07,-0.0089221376386025,-0.029249390390909014,-0.017424155765261684,0.018395430569861038,-0.0016712904955655805,-0.017471642832072587,0.005949633742553084,0.006131357472061394,-0.0017068620153485314,0.003530323706602001,-0.02461568879442444,-0.005877591214530575,0.009557592913522317,-0.002633698370502313,0.008687903410024234,-0.006473039413444237,0.02348463268331713,-0.07220089603473068,0.032449993991181314,0.004827975470725221,-0.002003119340676318,-0.03231490524170011,-0.019875015038601007,0.02160557809523911,-0.03449842529731195,-0.0021137033291385166,-0.007669377750905371,-0.02806500388000699,-0.012020848728734879,-0.001045585099565871,0.008394524608341891,-0.008858764993808221,-0.00370447290685183,-0.02041928922751901,0.004448235725840188,-0.03172527890002397,-0.004040886732159854,0.0009379540852403334,-0.016319882461878432,-0.04241487137704547,-0.021240333600305417,-0.04902053260220118,0.007279259098067925,-0.0125975846004579,0.002466484224552312,-0.008072646310579468,0.010580517421140856,-0.01831206568714394,0.0035704697606468994,0.0010796256892773304,0.003625414522753001,-0.018191437997169158,0.006396599469792319,-0.0022923162672658925,-0.0013333407315341272,0.01781696864922666,0.008292731887705296,-0.01913355450243326,-0.005355546614536855,-0.01843182673964372,0.015105232743429342,-0.006901558543388808,-0.004418497647195152,-0.024179609468355623,-2.5087131892198578e-05,0.020973941763018367,0.012568723736497533,0.003377359882783315,-0.009308994845719898,-0.02203049468859919,-0.0014953917177749076,0.0033132713199921504,-0.016124242713148385,-0.007143197108249177,0.001016265821531137,0.007591335088918516,0.014925373134328401,0.010063451846245908,-0.010034848660504636,0.01781231995988164,0.00033085951217937115,-0.007879634453777373,-0.00070130504372512,-0.0017817183279607018,-0.0005373577944040031,0.006941316929941932,-0.009024741664629077,-0.00985019347252336,0.0025194006193707263,-0.007757703912842806,0.00461480867641173,0.016861370799063247,0.013445679749250372,-0.006901296490017028,-0.012347619683254596,0.00893803288589945,-0.007125441280750211,-0.040034816998278044,-0.026501700101433157,-0.018648001029701544
2023-09-08,0.013215680952881836,0.0034917499758519988,-0.014467685362392735,0.0027565441218631026,-0.002611573791238997,0.0006066981066232824,0.008280426005192298,0.0073421440705319085,-0.01188916230408743,0.004684494453523813,-0.004690871725100743,-0.0007673124615895643,-0.0007369026560154479,-0.0001784901994287269,0.0004914449428532475,-0.0021130964016100595,0.0025495782825459834,-0.0024436290648663928,-0.004452644900045488,-0.005509271641897628,0.004237257494701829,-0.004722370427162725,-0.0003035823551672534,0.019812073187724044,0.0033645111227136315,0.0021725459802388603,0.004436776104304929,-0.011556091596206852,0.01277615141478372,-0.0026456671843132495,0.006579735612444626,0.0018927477188630526,-0.002998560749405965,-0.005547492188271552,-0.00257143293108264,0.0011062760341313815,0.027860393434882447,0.013445253499561938,0.0022921659912704673,-0.015569377095724035,-0.014370914951622238,-0.01314568123835469,-0.005681090485178397,0.027918156638684133,0.008701373941149004,0.015598541722330106,0.017798582925344197,-0.010867834015564903,-0.004763809280778908,0.013269036936978784,0.017579759552359908,-0.004705609925625298,-0.004766957285896711,-0.01484623763527071,-0.005724777669681602,0.000921305263291039,0.0006388136756081408,0.002017940710022925,-0.008234885800032843,-0.005337957949100192,0.014247293841483044,0.0018288409170714726,-0.0005024079677916626,-0.004045508230052786,-0.006591656300118154,-0.02657423454650487,0.005171987908188402,0.008567894023322031,-0.014998226034805606,-0.02393072885028069,0.0029120431567652982,0.0015010277694145202,-0.015174506477170557,0.01304619477691138,-0.0065528296674801645,-0.012556840675309933,0.0032353120691634984,-0.0049815938928645664,0.01013656758212833,0.00024654020965497736,0.006697515646125307,0.0074901769140731655,0.0012631064967105754,-0.0010802993618256318,-0.006720429969696795,-0.003181590665873424,-0.00899214102872059,-0.005989279814137438,-0.0015464530652490316,-0.012967862158827281,0.008303908716853048,-0.0015526021200258366,0.02582704635940347,-0.004632815089549824,-0.0006621814757157285,0.003796727561999891,-0.003084705535640664,0.026291928275043563,-0.002268654370787826,0.011876529758149568
2023-09-11,0.010979189123628608,0.006622561359722834,-0.008645664949645582,0.035231212663680456,0.03246158795073595,0.0018541506362339533,0.00395947548613762,0.003935922426627991,0.10092549928477124,0.01377025494266948,-0.007257957108547819,0.005781385793060867,0.015090420030901885,0.007388133979338463,0.006566553504184114,0.0029998586401178695,0.019109129773429823,0.03900508209398201,0.015259191177761977,-0.0022885966492524057,0.005107695946509283,-0.005558137817491482,0.007166237395467734,0.008827077090441726,0.013848852745983464,0.009158911783411883,-0.0021373828045971877,-0.007774207883433859,0.012592610083875133,0.012155702014631675,0.003418876894054179,0.004093192639011534,-0.004691816144101413,0.001014214653424217,0.02219998651579358,-0.007172577994933871,0.013684222572728277,0.01768912840441872,0.005836983469701185,-0.00023884844138022387,0.022059749900509074,0.02160693588331486,-0.0036829048733766356,-0.00627886739009198,0.02498659670263459,0.007679450296406376,0.010355194287424485,0.015578890949014434,0.005493509167045829,-0.016549089688614682,0.008401361572895727,0.0022161878427919834,0.007273369792104134,0.010405417992326305,0.012919320989953853,0.012334351756382977,0.006304120816633452,0.006936705813764377,-0.0020529994216432756,0.028174436841370776,0.01560792890218754,0.013630312419859791,-0.008126685788731436,0.008631636401528864,0.0027248388580038974,0.01137094016598672,0.0007718702037198266,0.020327730650885112,0.0016510760476824426,0.012280214508189724,-0.005392413480520997,0.005095868280426963,0.026502329433956584,0.03176928763687026,-0.01709398316911892,-0.0019377017476829295,-0.023746741682707517,0.031469774810538365,0.04321107344936426,0.0,0.006406560815580109,-0.02223932095014247,-0.00014009682294624515,-0.006818060660772174,-0.0056833309915187424,0.0025779098593827765,-0.0002701911628989473,-0.0007148661778306753,0.03596317742632826,0.002067739411051095,0.006308053483031761,0.026621873891621295,0.017589181126807185,-0.0006033416380761825,0.045031646345206955,0.018281155230412738,-0.02279616441296972,0.022968218718302014,-0.025466096942751704,-0.007042302393543309
2023-09-12,-0.01825771848008484,-0.017060646455066664,-0.006817447829890022,-0.013067856717097759,-0.019183229104299704,-0.017017011043502617,-0.011539598686709951,-0.012124278367537822,-0.022296863386701782,1.780437729892448e-05,-9.496901119876444e-05,-0.02395810863370107,-0.003688528644363198,-0.03948623211221214,-0.0036727691109912364,-0.00791697328873009,-0.0010693989901522372,0.008614477585713098,0.006996643086189858,-0.006007624005650802,-0.0015466128462252593,-0.01867633677168301,-0.01417022971912385,-0.0053874509228675205,-0.0026460006429533944,0.016110842016185734,0.0039982690872137905,-0.01654408840091992,-0.002906355712379738,-0.0019296510148575363,-0.000911796502719997,0.005957977482320409,-0.0007251920950618329,-0.014635468246858241,-0.004343634244894701,-0.016917629527251177,-0.00311523703163874,-0.029272353954237995,-0.0161535270329225,-0.01419450680695944,-0.0278736993347396,0.015195027765434244,-0.016719050244568656,-0.001763325841957597,-0.015148881026520011,0.013585150538974577,0.0011538598169587022,0.014209608651361227,0.02800040628804923,-0.019342154343501283,0.0,-0.019656019656019708,-0.011095408012718688,-0.01189627437101859,-0.00837581455198022,-0.01345702229277379,-0.01776301838574834,-0.017333306206597232,-0.03172717503485267,-0.0226488981679569,-0.024127857725333546,-0.005042600124008589,8.448463790888816e-05,-0.013717547828459797,-0.02345009879973714,-0.009834762832994448,0.0002570262504115739,-0.002081465733005494,-0.0014651651756975026,-0.0029480066587100895,-0.001084304396361424,-0.008052504252710646,-0.018312836541660382,0.0017666781849798863,-0.005293054554207588,-0.007887410471961509,0.011111079290145431,-0.008436331189614177,-0.03592457922442727,-0.0004928648807591696,-0.00905901102921669,0.024580493314177776,-0.01682327978175202,-0.010794426503740628,0.009798496984426919,-0.0019998785574493194,-0.0018538968076413642,-0.010832882729927662,-0.01312898927543027,-0.0076190282428075795,-0.003830771713983383,-0.02926386998938768,0.017963080892076766,-0.015782615349934193,-0.04998983340798635,-0.015063986572098176,-0.027916040867326353,-0.021588946601649894,0.0135323846966382,0.011820376006952182
2023-09-13,0.01293067090750366,-0.011854771989295187,0.013706248560668044,0.025632022130484877,0.011270946944271554,0.009958287488790685,0.010122730996358076,0.010509242293005538,0.014281354305895722,0.0017359504937894954,0.022789873530702165,-0.05164602839021448,0.007909285743693317,0.02093280302094791,-0.007140697657678441,-0.0019507113236776341,0.009920772133275912,0.012676400163274426,-0.003860049498788487,-0.0074175600603823,0.0,0.0042369980216674374,0.005321396342016005,-0.011831994933549694,0.003813710696788597,0.012578561067452254,0.007680286364358357,0.009131240732395574,-0.018210592421249117,0.0008368447702704618,-0.007829315871529574,0.00716960158688873,-0.0008467329660896139,0.006398143945512302,0.0032367487311542043,-0.00452857502003623,0.006640553210554456,0.0022789141266037483,0.02751122546658258,-0.002828054354431342,0.019749632226799152,-0.006270177330188642,-0.0012007759719170341,-0.0175172093756647,-0.007131020198652083,-0.0029421429270661825,-0.018881380760063515,0.0004776115051898788,0.005861719518423403,0.0027913445207234933,-0.022764637568849833,0.0045112476014255165,0.006589473229386078,-0.0008985274103642249,0.0036257743443657287,0.007096743254068283,-0.010253071206307918,0.002035281549150003,0.002171819869925651,0.0034331547611685664,-0.0138582845372478,-0.007722931922731657,-0.013344609887604997,0.003827936861675818,0.002190060069590105,-0.01448385867189328,0.019403779775790664,-0.011025111187167647,0.003301546288783097,-0.025163759668032748,-0.0038410076508632596,-0.003908516535727102,-0.01330279397987122,0.006390162017653633,0.03183198918777608,-0.00880627693115077,-0.013216504871528367,-0.00547786951032625,-0.007534085263415258,0.01405324643799366,0.0021413452491467755,-0.0033267499237596976,0.008127758693109666,-0.0029195013076667164,-0.023180507574796394,0.0042532032879156745,-0.009789501452548866,0.00041327528824242066,-0.011031160958190123,-0.004222672099953972,0.016081139632324826,-0.011359426478294021,-0.004328255749193932,-0.012092576670165167,-0.008623250455641274,0.008170948732430405,0.0022602646628622214,0.0070608935785312354,0.008287307130120825,-0.030373857025287165
2023-09-14,0.007855783692247487,0.008782496529087691,0.0021105670928796005,-0.0008975138235036706,0.021831782978462,0.021936175457917484,0.01016750289945989,0.010836403586647725,0.017471511114000693,0.008950281688973716,-0.010026941233261755,-0.02850281457002668,0.008626464352960328,-0.0025291285863088264,0.012073202570877184,0.0015991498674481353,0.011448728743374659,0.012428990886585334,-0.0010333483976595614,0.010425248180911284,0.017260513779549624,-6.912786491464207e-05,0.010282321946522455,0.019709896163360607,0.0034356722345700863,0.010282380387067747,0.013267501223018341,-0.003385632283230744,0.02629320744376451,0.007438637749639154,0.0074190679368382195,0.002372881009073069,0.001936950616472144,0.0198671739591183,0.015289610378630414,-0.0076509763447754064,0.000646786357998641,-0.0019082625146205068,-0.0015207802710773821,0.007860038436174444,0.007008677506673555,0.008243410757011294,-0.010039577246385267,0.019877196580196044,0.013414818605451684,0.01770494805007683,-0.004111538097363976,0.02546152585826289,0.01668646870008117,0.014921527166357862,0.031099952032288325,0.01142718869594761,0.006192471183411374,0.004316577069305216,0.007951889791806277,0.029193763516132343,-0.00044863415822937736,0.012186799460484288,0.020776424084790746,-0.03487928270640628,0.00766527547786211,0.00912075847479299,0.008389003248533866,0.017287411236885264,-0.0005913334848607343,-0.021070812175437825,0.016009033326017885,0.01747519900732808,0.0021937647204945954,0.008269824688906136,-0.003017607721228499,0.01629933846726561,0.022780121625769256,0.022690034954920613,0.03886178619595948,-0.004689008503517389,0.020015077383534363,0.00046877903045805525,0.00030774290381407887,0.017262316217712348,0.01117686231871029,0.013672283038747013,0.0038190139195988237,0.007008071051917364,0.012141241896531874,0.01193194316542212,0.0016021400345518355,-0.0037178622693788688,0.002441450085337138,0.02152406911239324,0.009461538395914904,0.005239910751493548,0.015883580110841233,0.005321966342824558,-0.014595742348272323,0.00027703855613547823,-0.001857125232887058,0.028045547686558203,0.026484015242415726,0.04096387286441594
2023-09-15,-0.025036937350757182,-0.004153926047057777,-0.0368793963463534,-0.029919857618376344,-0.03660337359626431,-0.022899386945546385,-0.005068878900023721,-0.004964403296179309,-0.005977372284481253,-0.014891077587063983,-0.04820406566674351,-0.008864111162656618,-0.007669808654292343,-0.04214350845384929,-0.004643400757506133,-0.005854142675364882,-0.008314718292380285,-0.007891981047470908,-0.020429199333774517,-0.017384877502792606,-0.013704612821100026,-0.043715895441889474,-0.02065647619109756,-0.006023586144855986,-0.02699671414068916,-0.0026865275832808067,-0.02660542746554362,-0.05075942247610843,-0.011699594554747006,-0.0014882362522647963,-0.01078831833546301,-0.00957184304366654,-0.01200207744218218,-0.00851560524789563,-0.006078955909202377,-0.05351113357446824,-0.021845946588321397,-0.02286229846443777,-0.03050520520624722,-0.04058538395027678,-0.0359937617557774,0.003936604328755422,0.009563172661502861,-0.005141780604459023,-0.030926017169958908,-0.00612115104553923,-0.009505933691390411,-0.0035692636284849755,-0.01585843501000228,-0.011130215147175604,-0.007569599453690179,-0.026197629358304275,-0.012836285492297539,-0.02417619037306773,-0.0072284165073072115,-0.02249687711091397,-0.01721887216082274,-0.021627590613309766,-0.015322804696019654,-0.051206345852952806,-0.03296351928139085,-0.024704783909683004,0.00314087527675988,-0.0299887737409259,0.003061178348769289,0.006437650612957313,-0.006947860659991867,-0.009475856988051978,0.007296634952675296,-0.024649377730792676,-0.02497058314898093,-0.01098897986356362,0.0065151561390270896,-0.0031599415305553213,0.015778732539838414,-0.01909249746601205,0.007229239784512842,-0.023310359952445237,-0.030355850883248547,-0.004541076147611678,-0.02096880536294843,-0.013741123316274417,-0.011272411413238648,-0.013298981721818981,-0.014176675393601235,-0.011429077765293894,-0.005969155720843222,-0.03493316786502543,-0.03042022589712423,-0.02283165455308178,-0.012099507170759694,-0.01965703515673778,-0.04410790922501939,-0.008734761741284514,-0.010357478153269595,-0.010318492363947884,-0.028839201530076575,0.00937771650846897,-0.0026690154432456037,-0.07638892338231618
2023-09-18,-0.0035128207189790706,0.016913358132535583,0.0015034251984267222,-0.0029204620264398073,0.007458926617779138,-0.0019725632752075617,0.005895290053601121,0.004772260647473603,-0.033200974462619715,0.011431421236276718,0.008670853299196368,-0.006398973470296165,-0.002557781719556229,0.006674295532059116,-0.001185575573226183,0.0012491023140726032,-0.007891179982979168,-0.0034470513677952175,0.0029039231058562986,-0.005705484735936905,0.0066166571691868015,0.014611242477113429,0.0012913954013824558,0.00932031552778434,0.008898980871528073,0.007356058211365424,0.00887239225745251,0.020124920731971363,-0.0005758664224758681,0.00888508500357088,0.001348051152114449,0.005507625073346567,0.008030660145567747,0.008869438848479572,-0.0011120632240713135,0.005041628591359926,-0.000660703364253501,-0.0012905810263625916,0.017878913152020948,0.0017933284825184526,0.011748120208854074,0.0035189873048746545,-0.00925783898336563,-0.012207181244458076,0.009187091571458028,0.008103727614543699,-0.0014010294097526188,-0.01977885805749502,-0.0006795771714682708,-0.0009245722647611698,0.012555734328765444,0.009676706637302468,0.0023156585238439664,0.005322024075926635,0.006756632823079922,0.0073683030687266005,0.014406714323299763,0.012534166446504402,0.0007968041438106699,-0.010897721214238598,-0.00934119453536808,-0.0001235899690195108,-0.004231192415566909,0.004122113952672146,-0.01825967545694196,0.000585913649411296,0.002373843568627354,-0.0008969385144942388,-0.005613932749693462,-0.0009319342019107335,0.0029317610960750695,0.010510579484603433,-0.002258038915998961,0.017368006624143506,-0.09119467040934681,0.007583398044649581,-0.024022256778812978,-0.032022046736585374,-0.0005288529893588967,-0.0038415328103336144,0.0011622064644900565,0.0032744430615470055,0.0007125987325440342,0.00816426300196249,0.008296439113011145,0.0023204043899098803,-0.005847915042337282,0.016111708105096767,0.009111984015360619,0.0038620372113697954,0.00034501392690211574,-0.008840517801756986,0.0029269656264785393,-0.013974185279458262,-0.01543643515455062,-0.011055921842884953,-0.02559008135863472,-0.01520272828175917,-0.010258677138878403,0.027568895948097083
2023-09-19,-0.0012459845169614514,0.006180851244426799,-0.010144182818380143,-0.016788047695762587,0.0083292666763366,-0.0009411621093750044,-0.0012301093949467212,-0.0009355561062989182,0.004598918977371191,0.0028966536957553135,-0.007424070683204498,0.004563941020291562,-0.005909229176831787,0.01741110369408183,0.005806002134253863,-0.004811984580764039,0.011788961656778785,-0.018004423763165134,-0.04343252047851709,-0.010878314831470837,0.0019719577956065493,-0.018250498899402667,0.0019038110612772385,0.004408146262643298,0.004963545635378486,0.004576773418289548,0.0029787104180518664,-0.016518523710714605,-0.014431701879639935,0.01778411865234375,0.014857309013728281,-0.015192240473842489,-0.00582336803831629,-0.005397291420624506,-0.004870560411193159,0.0017523992373780217,0.0019835214366104026,-0.015507112552286095,2.1693545433798533e-05,-0.006624999693665257,-0.001140076301031967,-0.01462778399143394,-0.029695075195518172,-0.010663740620649786,-0.008803984008840304,-0.006109341856176509,-0.0049105361855940055,-0.011916110841504457,0.0009908297262197774,-0.0001829051644931523,-0.012979519465742606,-0.0007526413846028479,-0.004620617275907568,-0.012595813108520093,0.0072121285301387505,-0.0018060046243474348,-0.0050341575669022864,0.0031510103238088227,-0.006837798260832528,-0.011962217766449568,-0.00016546130858940966,-0.021379087576437694,-0.011642688353071251,-0.0021808617780727513,0.004284147903390378,-0.008686310732002656,-0.002118980321906605,0.015559559732318373,-0.0020032892124793866,0.015790561313480556,-0.0013756000006297509,-0.007132293241717158,-0.002413941395014274,-0.013275444154869143,0.024966376890333875,0.004264881242906027,0.0006003439468142968,-0.020443582512644887,-0.01703704349578372,-0.010122968586442793,0.0033167622797669605,-0.005567612618528783,-0.0018513939127384749,-9.585640053144662e-05,-0.007679615642560922,0.00036551188954780933,0.013304422958447137,-0.003805503342053873,0.0023428139208294674,-0.008559929830706303,0.009139485496750366,0.0021328970298024608,-0.006695268491818673,0.005506414669374182,-0.0026084679729349025,0.01825516024643381,-0.013201354079542815,-0.0017152233577253373,-0.007210448110018697,0.019512176967531936
2023-09-20,-0.02397689039755313,-0.01999219123598317,-0.029434736211587764,-0.01700219075536713,-0.017700835109448976,-0.021938300300295532,-0.03115030427490406,-0.030540988527276824,-0.014671683535119606,-0.0009213405131344166,-0.012498811778685837,-0.02498744096173655,0.0003364600500754822,-0.010910249622283819,-0.028118403944282333,-0.006088827930852636,-0.002807565754595176,-0.01354768771190662,-0.04540455473172045,-0.010582164364599023,-0.005029511142327969,-0.005373650839344157,-0.006374851599998288,0.02705154539188137,-0.025663282489712946,-0.004658324206179731,-0.014566522311312724,-0.010061647311612076,-0.014084037552204665,-0.01660808363993449,-0.006142758483256405,-0.001364227643708471,-0.00801334709587076,-0.014937052693400399,0.001817889099909653,-0.011217784238699458,0.0006599320835840583,-0.00368376645608115,-0.014651516010915522,-0.00655138272476008,-0.00997633004188303,-0.03934921379999634,-0.01214029721316856,0.006648571415615923,-0.009728100364661985,0.012940783581523174,-0.027070930077207178,-0.02138604350742379,-0.001377922814525756,0.01791905179330766,0.0009393193938549427,-0.02099022139496165,-0.0044634887964973835,-0.021260889677107597,0.002764707024942803,-0.0037090976905518325,-0.02180173969021204,-0.012340122073736914,-0.0204187582802281,-0.016249005407665384,-0.0047980990638528676,-0.003030754966091176,-0.011607962752286594,-0.013628150877213585,0.019326290648626898,0.003938185754462475,0.0048713390150056934,0.0023571548111886997,-0.009489059580351289,-0.004438319903855459,-0.00430477824736486,0.01077523531863922,-0.016787667335796397,-0.0033578973328608486,-0.030073066785794023,0.013364972863521674,0.019349046812006998,-0.009739396241389198,-0.009042914666917645,-0.005843629548401896,-0.004545479766593474,-0.016088551450026856,-0.008274992608989673,0.001581453174631875,-0.010503069787450303,8.121583638187602e-05,0.015038707872469415,-0.014855704134275394,-0.022107485745225364,0.0031042569283044052,0.024606948315871735,-0.005288663708990837,-0.008814416364510524,-0.0008079391182669315,-0.01110762310441904,-0.022166648323463045,-0.015512649930389144,-0.012027520549263926,-0.008624626787814615,-0.014354053886023399
2023-09-21,-0.00386566785187048,-0.008889468166570769,-0.028930611039359122,-0.04405345369833069,-0.013147803466683428,-0.026740698287683773,-0.02467476384189682,-0.023998780113122953,-0.026238620989897266,-0.015518861597972888,-0.04215662628982697,-0.0055656069490652715,-0.01681802846664826,-0.04087502933396525,-0.01684178438165773,-0.038918916169587536,-0.014640682225826152,-0.011536368084123727,-0.0011529865209992662,-0.03670817004233495,0.0043956211635045594,-0.012995537442017868,-0.010487428396181775,-0.00755171243460373,-0.026065165003039126,-0.015480403866648063,-0.025545332541634047,-0.013686408725090526,-0.010635663317888122,0.005591669933736387,-0.009908359927317312,-0.021647804841442353,-0.021117784063634515,-0.012721521296400806,-0.01298157890981444,-0.011632490011158736,-0.007254062964542007,-0.03340416705656668,-0.019877360108298103,-0.01315523445682254,-0.0239965635799283,-0.024449673009233175,-0.0249256882665001,-0.023466438642467113,-0.00829825258048944,-0.009262185024760505,-0.038113141918684756,-0.036805810976048514,-0.019629634901768167,-0.020468843277237414,-0.01689152423936946,-0.004924121259783032,-0.018113313341746706,-0.02077821123263368,-0.01689971063536555,-0.0017251867497510842,-0.03208580649661219,-0.01999093727769441,-0.017667155656032052,-0.03832446861302574,-0.02277643743687363,-0.04230521174155655,-0.01583296862238015,-0.008211742346042716,-0.02036340432504191,-0.01900068624895368,-0.0070851425288546155,0.013815438400321067,-0.003316144237726748,-0.036675111415799155,-0.020233497072298268,-0.013029275118290107,-0.017228160433451878,-0.0030122633444178426,-0.031874775053346016,-0.03574502643487021,-0.013831701796197082,-0.03282666579091209,-0.039435141363020065,-0.009062031104309476,-0.01369857981144973,-0.01000718677091228,-0.004315969537302622,-0.018947400544819026,-0.02067033183071909,-0.021921849206890442,-0.006141350750440977,-0.020572986945878613,-0.05412812458684557,-0.030463176395856273,-0.009673082475206707,-0.03527201317580597,-0.000697421131547693,-0.052111436592329974,-0.051299574466977305,-0.03396815476003301,-0.03628481424644747,0.000869585120159666,-0.01785711478588181,-0.004854364437391179
2023-09-22,-0.007886549066751236,0.0049445216268977354,0.014457401764271127,-0.0016238050792075631,0.011327817473663071,0.02563218382125876,-0.001456627091766527,-0.0008373980651679158,-0.042315182614647506,0.006323430239890682,0.000936388901457752,-0.011297660827400913,-0.0006272129506728064,-0.001907021988476587,0.0013693742946025989,0.004311952410543274,-0.004571750586006562,-0.002593541882839334,-0.013564248196413442,0.008327244379506382,-0.008752768472671146,0.007249025148614807,-0.0005610744471019613,-0.006347171344174618,0.013539673011697007,-0.008619307107632368,0.014432926443536997,0.014285899988300654,0.008652069599299317,-0.013407474360298433,0.0017732055235710753,0.006229880134916543,0.002639095507669831,0.009433958951890364,-0.003959818737409138,0.010963916918606875,-0.0034541586080950593,0.004704502523496634,0.005807317968003378,0.008554903646193157,0.009099666700466802,0.040794208646272034,-0.01261912964684675,-0.00415021553616346,0.00024616098703234,0.00580271768276952,-0.004143149165783844,-0.012623641713630729,0.0006343939275323951,0.010307996082028703,0.013363593595131729,0.01438140869140625,-0.004200904881028866,0.008873439103369574,-0.0013316458963484878,0.00382024885954646,0.002824039451033711,0.0004636174790597636,-9.803132755203947e-05,-0.017736885929248714,-0.009186749099087677,0.007538681262041713,-0.012993844488617068,0.013010980954287099,0.010810091071799866,0.0013245664479775154,-0.008888321343079153,-0.009568043345753674,0.002033283058301416,-0.0067479573606847865,-0.00317713015716381,-0.006300716700659015,0.006886875029107342,-0.0036032761352433607,-0.0023945473922550864,-0.0021731534071930403,0.01208602250910551,0.008320090375879774,0.003845328820698546,-0.006178942304918222,0.001683475952059199,-0.005219300230888013,0.005779533754807442,0.0035115160177476845,0.009697665124648536,0.004233612681977528,-0.004827559708639795,0.03167268496373299,0.029007685465382682,0.007148536463208011,0.005894214682138577,0.0196250659284527,-0.008375493469452766,-0.009478672985781977,0.006414527545586024,0.016919251217088815,-0.006675162209749175,-0.03562118499209965,-0.015384611280583993,-0.017073096695716106
2023-09-25,0.001671867647613734,0.00738033408360006,0.014707990933470416,0.01665124873434287,0.005851277512937569,0.0058016083604057744,0.006602691826115725,0.0070095098586309135,0.008616467528091087,5.3649833111846235e-05,0.012266115827536339,0.013138122393961504,-0.005363167789652068,-0.002534642715277702,0.00970638154900505,-0.0016800476591487534,0.004736192137875017,0.02553863291424796,0.0032182741184734187,-0.0005112565858789164,-0.009492280627324878,0.003084366413989459,0.0036803464966368438,-0.003137941042823278,0.017522510683799064,0.010960068734501505,-0.004355334412391998,0.002390595433646281,0.011549195307076765,0.0032615645364315604,0.01188107690448681,-0.010034184867037332,0.0027992402417384987,-0.00028495015372265176,-0.010222933658715516,0.007901392736813895,-0.0023996840427876753,-0.00866481018395815,0.0021930859468826114,-0.0016521388919441549,0.0025578614780346065,0.007922465691782898,0.010626855010718028,-0.007357521764147168,-0.016300726061901694,-0.001602600743156768,0.014674754055900463,0.016931574363363122,0.0015254859111875074,-0.0025426858754628023,0.006240418902536904,0.006758483034860818,0.0023844656460696445,0.006309786536685902,-0.004808382077586271,0.01676330612440724,0.0033358850586566735,0.004865595116197552,0.007988653873981955,-0.016457170758928608,-0.002232161132703081,-0.009320019449047146,-0.017822008130914502,0.00454071699282288,-0.009586396953290999,0.019592687145622456,-0.006189186246081446,0.004683836303478017,0.010699166959049489,0.0035575473026310256,0.01239487882873025,-0.019323653692280396,0.03342144356726906,-0.011657425801347765,-0.01820181751882688,0.000768705993658747,0.016364449069546927,-0.01637197151252978,0.0009012415472611224,0.0022382530374800425,0.0059663788611148405,0.01374770515201229,0.001723929687255099,-0.0036935970408508156,0.014124293176498215,0.003058505899970587,-0.010322836382051448,0.006928915284033721,0.005116136118136438,-0.0038955223053561694,-0.004018045632158795,-0.018060809253880317,0.007566364184833585,-0.0009569231973310943,-0.007296914867084614,0.0036891962280858337,-0.007777097253924947,-0.039639686390655626,0.01041663374112245,-0.004962774165082395
2023-09-26,-0.01700571188250899,-0.023398427273646605,-0.0073658658049099435,-0.040298626825268746,-0.006216119405165421,-0.021225835417268413,-0.0193729942362022,-0.02057956615257195,-0.011619945391094011,-0.010132063288110338,-0.014582031310290233,-0.014423045657565803,-0.010382593584481459,-0.010359691648390013,-0.014260283646445715,-0.014397914441931836,0.0032141434518038192,-0.006429403989047899,-0.0134149627352258,-0.010072583938499635,-0.014040500744703421,-0.01837612251359033,-0.018272139801998044,0.008169164779378235,-0.008559283088235281,-0.020692177671602363,-0.00933215766346962,-0.02350992801060059,-0.012050006308594319,0.002908686156827711,-0.0026718602808009084,-0.007979274108422474,-0.011582362843978289,-0.01761384293962409,0.012336832902686501,-0.022464284804807888,0.009354495938976193,0.001147726606793631,-0.007770762506070894,-0.022895915237847952,-0.008605429159628364,-0.028544855378434986,-0.016977546963106938,-0.00606436641974839,0.0035017356491096052,-0.017014407248390206,-0.013866114647493433,0.001189257460046722,-0.052717982425346976,-0.020436160394248226,-0.018722191566367563,-0.01579845397316937,-0.006587385183897676,-0.017480561751307744,-0.01853469406745689,-0.033152136628240014,-0.010147203600702648,-0.014756730583590616,-0.019497226345779328,0.029746749484222512,-0.011701949716631854,-0.01179275705913585,-0.0010941471614018816,-0.017822513857406297,-0.00954904128841938,-0.02325524411372548,-0.02974077221922966,0.005244764183460315,-0.00602303021610584,-0.011023641282346897,-0.014254458025085626,-0.00985220749181659,-0.004061435902932731,-0.025680623778702172,-0.000509273946172839,-0.02329748631382178,-0.010443881566657542,-0.00972031614342328,-0.025551516621328818,-0.028535923894611015,-0.011277240702077695,0.002751560342143078,-0.015631778500076243,-0.023219485399199713,-0.005292546889427929,-0.005274213055422083,0.01188135624556974,-0.04562775355036208,-0.0257559434208533,-0.02190705474584076,-0.0297529065023433,-0.0063100116379378735,-0.017988103553777668,0.018678131415149624,-0.024031711692707014,-0.009873838682432412,-0.019024426834567176,0.0028142339024961327,-0.009840721195862878,-0.03241897930693327
2023-09-27,0.0020823792720598977,-0.008897499292564004,0.013290084986990802,0.0,-0.0040808176865579915,0.0007596210629057243,0.015322282411840416,0.015527306396373675,-0.014828753029631048,0.01911531919886511,0.021988335040459495,-0.004377069643004328,-0.01709944861572843,-0.0073078842161973245,0.0021821054201420775,0.00929618074326899,-0.0054108623757452845,-0.0048304663999299,0.023056421433027108,0.01003594620017667,0.008137359448372683,0.00730903724758214,0.0011394825786965601,-0.00022300608343805983,0.0023732629310815323,-5.319339437115378e-05,0.0039740452364460666,0.013069278729630707,0.007214264427252592,-0.005800587252296818,0.0001802289964112358,-0.009021759033203125,0.022719605736157167,0.002727174368633678,-0.008218815836231741,0.0008985396109124633,0.00026485201620873866,0.022531861023975752,0.0053110955758886025,0.0031778862851916667,0.006062982739917011,0.011391458440836999,-0.00953790388966691,0.011055540450075396,0.015952128780836183,-0.011103858369339026,0.013229513276000304,-0.026981166542574098,0.004615013422457848,-0.0004264505876909741,0.011328368010110834,0.00876963642702222,-0.021550966364193735,0.01624444338542097,0.006556930219175916,0.02083143313421698,0.006848682724693633,0.00748887662654707,0.0030744575321257628,0.0391558732087991,0.01236286053804303,0.047868055875237125,-0.00575084313338492,0.0059171193975617875,-0.0039930357774626835,0.002205470693152245,-0.00628760480174162,-0.013623223788496341,0.011017302587311706,0.010267729952258886,0.03362314473459427,-0.015236311363278632,0.03126415531562321,0.010962894648369081,0.01345291131140125,0.0006552479733108463,-0.004104350253396061,0.01425302567495823,0.014554720349684747,-0.008940032571569612,-0.0032950269317110203,0.027244206425319994,-0.0064102920355300075,-0.007740726174773949,0.015121840643287587,-0.007373343077316075,-0.002053860896603088,0.02107600103959495,0.031974976860691395,-0.0026429885883779702,-0.008835795659123069,0.0056745007418597115,0.028098912394048492,-0.009402915038530413,0.008791933527402485,0.002911587438256147,0.03405476118948236,0.03180544115378714,-0.005205807258486406,0.04896908546814216
2023-09-28,0.0027174976191528533,0.0015256103784480057,0.01462282678665594,0.0,0.020890714800544163,0.018596739127592077,0.013559095782862851,0.01270346937209732,0.02444908475181906,0.009050051143327353,0.04782300862649813,-0.0032575306503285217,-0.0004128520445534356,0.004118597889138043,0.003978335071366468,0.012781960440299223,0.0,0.017492407638142415,0.016469219438665306,0.007870297648469915,0.005829644509547149,0.023397036274478422,0.0060073159979054935,0.00684064340373669,0.016196003634925127,-0.004098383289595997,-0.04412845882761007,0.02215278374980678,0.007191894872520921,0.008151025749365104,0.0024142521518197846,-0.000987126683098749,0.0028025910320106373,0.02083216338392102,-0.008572631696445399,0.02812191141025644,-0.0017207793191409415,0.014144022706447323,0.031340243710237026,0.010652176222498477,0.014567529587100392,0.006421059056332279,0.014022852675089625,0.029244883567918434,0.013554997576506578,0.009577245759661013,0.018204897885764515,0.01464946198731365,0.005841082885599924,0.003544187946382671,0.010611974434465932,0.019471285665868532,0.0007530292984123665,0.027592783710581825,0.001767226317599624,-0.01291196663815608,-0.08487499044714253,0.008826970379783416,0.02773383747383007,0.03659466696270708,0.007911921040621106,-0.004478547246159592,0.02653323024451182,0.027581707324856986,-0.00036929536062646484,0.015404168443532651,-0.01568682351478745,-0.008227998511337598,0.010715585504400105,0.0002747462317223004,0.00523560723686467,-0.006630912261300637,0.021968365946350987,0.025517966904954337,0.00834668323896337,0.006024873525420915,-0.00765387479797941,0.029961581957933525,0.012865731866789298,-0.023711293480298767,0.010256837093770566,-0.0005723865695868025,-0.005278601561005569,0.021088139261772332,0.009379314554148754,0.0037974727069980396,0.001203780567796242,0.021727321387218668,-0.002936420709340526,0.011958921850468096,-0.005943019717337683,0.013770424659073077,0.013665405328896485,0.01414331167869487,0.04555698903772076,0.017564219700870964,-0.007126758638357433,-0.0308250372456087,-0.005708888516654409,0.1498770592012637
2023-09-29,0.006727411213545587,0.003046483478957418,0.00951513250842595,0.009049050319664742,-0.012337149971772599,-0.0017067102285531766,-0.010959088315303234,-0.009614652838205728,0.015585665483353939,-0.0064540788889826395,0.0005838610095998398,0.003294773090170011,-0.0003539678973082383,0.010363168663871658,-0.003052248147651815,-0.0022272224239625604,0.0025054123919938664,-0.0003600442491155098,0.010517308944716808,-0.0025378490897869366,-0.011591628414817312,0.001663982965618871,-0.0005028715374709725,-0.007606519100812115,-0.013033886311379472,-0.01266631986241562,0.043404938090736866,-0.0011951809928872903,-0.0067250465976336216,-0.013503573803191449,-0.013911337874202068,0.0020860211703128684,-0.011220236549801532,-0.007482610378190646,0.00014414377170268722,0.0012443129707602196,-0.006364303091917933,-0.003146484639087288,-0.0037767581920233884,0.013794796165817136,0.0012392998236381292,0.025729516460292867,-0.004913125475736857,-0.014983740653657263,0.012889590818835117,0.005888135654978699,0.005422477368980827,0.004812629388590173,-0.005951775807783388,-0.009319702252268636,-0.008050431090615318,-0.0030419419242251333,-0.0039503213896807665,0.002407427187319122,-0.006584733059923575,-0.0021953701467206654,0.01718589556781369,-0.007828693304139156,-0.004714010921238465,-0.02262723709858261,0.0013652189955264404,0.021465271252422813,0.010195862754142526,-0.00712374448856079,0.01744059459515168,0.0076099666256959075,0.007365783651332114,-0.003259277343749978,-0.018149184340287672,0.0006635956337892601,-0.015283477403944867,0.003496522999133056,-0.024935481430328865,-0.01048416924704565,0.03011872318308062,0.0010415549225042398,0.004449763570239851,0.005920955979111797,0.02394331469580413,-0.002375927931629551,0.010236627098331619,-0.01438204477290339,-0.0014740341910254307,-0.005520555742412836,-0.034708949233875575,-0.017876394416681207,-0.0031803003891900383,-0.011695970949732626,0.02320499649018415,-0.0010407492575005284,0.006154427560963516,0.030943534492476887,-0.006996584609011092,-0.0036503126452291923,0.008014922670298352,0.0013552242905996437,0.03724965960277582,0.01590272057689357,0.06411484100697429,-0.03418800283779255
2023-10-02,0.019160689763954908,0.014835542237771948,0.02949497086802122,0.01840783446134786,0.02201797427561547,0.0052613776243966015,0.025294188775450088,0.02518006759000957,0.005515166158101437,0.011239690135534719,0.0043765507642268275,0.007229821039784534,-0.0015935096114880754,0.022023948069722854,-0.005747320030505265,0.01171877023409218,-0.00564090344667767,0.0003601739276668514,-0.002531649916157175,0.013426205266339863,0.003382984333845318,0.0076561761065983,0.005911593446195962,-0.009115984960589185,0.009203196697682658,-0.011529743528622571,-0.001028953345292738,0.0065574057843995615,0.003181004474479998,0.000258803532576124,-0.005990561563323449,-0.001533903744906917,-0.0050295398813610115,0.0019418375978172975,-0.0131124444106826,0.0042951231957744085,-0.011209019748056881,0.009938584741471468,0.010567152734636931,-0.011008019509352596,0.009347001335388239,0.01631486162027107,-0.006680419811421978,-0.014295877052786898,0.012904697934694065,-0.006829238519435954,-0.00473733054054104,0.0017106105094846225,0.008024750573160322,-0.011266851219568164,-0.0030580394860217908,0.0013505615993092412,-0.007743150925487274,0.008498043144204104,-0.0008259558468088901,-0.03987897324074541,-0.00553875916965485,0.012299809176608889,0.0100526885807386,0.013397641576780694,-0.000852066066811763,-0.00037748557740124866,0.013457320172903131,0.004099931868189799,-0.007131558062462573,-0.014542728635682178,-0.0449349219351276,-0.01634956144588373,0.004026376704989509,-0.014453259920481298,-0.013439721036581531,-0.011403250358934414,-0.002939514622949946,-0.0030012443777840403,0.000193597084801711,-0.01196512129338334,-0.014618987683462592,0.002047294044669412,0.008233615436956887,-0.031225199168781637,-0.00207641193381769,-0.03021699242656506,0.0002953096116296017,-0.003865973436425918,-0.021517506458092472,0.00046563074751859723,-0.01614726663392585,0.004518620894347292,-0.02009819812104341,-0.0005040964632427869,-0.03827337285364951,0.03406390626970612,-0.0037806738477027535,-0.016815343705487762,0.0092957468097985,-0.009900985794511818,-0.006118854497085713,-0.032228309287304024,0.008093538985082915,-0.04646018562679877
2023-10-03,-0.02613416241004285,-0.007769819300809333,-0.028247942676946636,-0.03661366636292884,-0.01916434633481723,-0.02409724513208178,-0.012968663016400095,-0.013834394780787407,-0.020151062008054166,-0.010974811499963155,-0.030889851028438997,-0.009412843316748076,-0.008689491260944981,-0.027056600025719746,0.0070770513429143644,-0.013605403053384979,-0.020321714366546062,-0.008190783485265363,0.006486168871251863,-0.019930430764642737,-0.023376059255819426,-0.019998519073815224,-0.0168802563285817,-0.019901572759402852,-0.02352702618120084,-0.00804994915825985,-0.0019128495463395234,-0.02024159813659343,-0.02681848961820754,-0.007704892560275178,-0.011882243181996599,-0.01810593598391108,0.004386527439430132,-0.02234508540503677,-0.012994589245260202,-0.01908257918881795,-0.011201104563376751,-0.02137094001472839,-0.028243727947592556,-0.019890785041616343,-0.032982379257390115,-0.017758570036955135,-0.024717926678334723,-0.01734193863407263,-0.04429630060301648,0.007531091530498024,-0.06466018130874285,-0.021516429417386407,-0.008249634005571438,-0.010037635018430358,-0.008494587099536655,-0.024926347131768445,-0.03559198161394361,-0.03718627539151309,-0.007977217141004744,0.0015277000628899362,-0.02976692175110851,-0.022925264201898776,-0.027321912836898554,-0.03818086191256287,-0.01739724440016055,-0.027568005716283372,-0.022363916583332255,-0.020671209516484046,-0.03792506286688291,-0.008234349324426127,0.013502244851751444,0.0006044260402371382,-0.012212941600225902,-0.013319458381162774,0.004042881784213526,-0.0038448873888133894,-0.01267678401209904,-0.014435545204710687,-0.00222626786346225,-0.010662071154120434,-0.007043326795431515,-0.02439019400154785,-0.05302695243225175,0.012018536448332506,-0.004993745039544306,0.004593891181262855,-0.006788652154228636,0.003930781976893227,-0.0008681305787600069,-0.006769646973543431,-0.006129886292875253,-0.03866338764227695,-0.03463998462529849,-0.033658303475053275,0.014719269330526474,-0.05861142837687128,-0.03294807326534921,-0.009745884165588081,-0.05003230321484742,-0.010359729794289563,-0.018469687975439242,-0.015223581724805757,0.005798356838725427,-0.004640366865901968
2023-10-04,0.01777330657101195,0.00730864159068112,0.012041248414845551,0.018280939360016735,0.015418302961444308,0.011020679504201158,0.021218855038845685,0.022280578790008887,0.05934371052307452,0.011963772526725203,0.039868083440936175,0.00039812580354170457,0.007215305521088622,0.022464122750688098,0.01550304156711535,-0.0037278799114848216,0.011947555305424018,-0.003085615389344931,0.0067246199972446075,0.019665820860473193,0.000460309721806329,0.0188706978351314,0.004578704106220188,0.01697250109204318,0.0077766635464657785,0.007508008252920861,0.004127948868323461,0.023086537783617356,0.011850687420148054,0.022656837498203908,0.008264147042542414,0.01866336730323681,0.01480741030574384,0.013293678807773546,0.015976358808175606,0.020383302783560486,0.020062799072643855,0.020413428813974344,0.023517940350566313,0.035506503036247805,0.02781057563712741,0.002655792974239457,0.0026704246740480997,0.02326807053296931,0.012466853593033678,0.002599932483454692,-0.0025052821296026595,0.022164057149624883,0.006384277154723783,0.008543206867882347,0.03129458858599388,0.0153176513315052,0.032761076023222646,0.014269406019862041,0.016936804859976284,0.012107963388798382,0.009985489797184721,0.026044125719608013,0.018595035428944806,-0.03562794596637098,0.011282723560062768,0.008802592947259269,0.0007148083195642752,0.013289858541581934,0.00477822061987121,0.008227695463766116,0.006592547356526257,0.005134345086425851,0.01531651323286054,0.01881423334532628,0.00910364964088628,0.019620476273969567,0.013436755022067537,0.0015502762555001937,0.011447422237242266,0.016897240303178185,0.00543315120351795,0.03887436075111994,0.017937191407356057,0.009716615864095779,0.009786684559420555,-0.03565514550052806,0.0035660899388809675,0.018089873713615034,-0.04025483460143764,0.022065996488950912,0.023278047671588142,0.002562340932100282,-0.0040919043084507445,0.01193497512423014,0.014147580826801454,0.024164718348617553,0.017838030244438086,0.01090309976913062,0.013087744782074529,0.015048032574564552,0.032855504894217846,-0.0057971417782864965,-0.01152985943812801,0.03729600205940309
2023-10-05,0.0012540566440939482,0.007197972898999483,0.014690858897172143,-0.008188983586829512,-0.002585175934474826,6.067878894033818e-05,-0.001257010958594651,-0.0020547352353276205,-0.00425032873937603,-0.003987352763890284,-0.011146305718424343,-0.011435387711302258,-0.0521579383552524,-0.0038192595463534262,-0.023110853750661353,-0.0071094679642870195,-0.004563268824810174,-0.00045512447025708447,-0.0011133012854882551,-0.00224178512431783,-0.010351984133948777,-0.00014360568573357213,-0.018104707148516086,-0.0013562984698212155,-0.0006545488569837943,-0.013589017685145532,0.013801239656183295,-0.010357676938540394,-0.009095760405970599,0.006147869281325935,0.019791660113732013,0.013384544161052503,-0.002541171932308184,-0.009724306622388434,-0.05256261785542693,6.506621861213091e-05,-0.0005352009187938878,0.0014379814514462463,-0.0034032933739970295,-0.015519722332694608,-0.0011912306984110943,0.0020374586469111833,-0.013949830210111314,-0.00025666281633285326,0.007558611467893606,-0.014262577913026764,-0.018993844508141455,-0.018610212707312224,-0.004318709607279647,0.004012456015333621,-0.00507666806631335,-0.013825144858021443,-0.042805304798164356,-0.003939277691992982,0.0021100046956372687,0.016201898379573088,-0.020203447610396497,0.007088986428906763,-0.01497146180468456,-0.042189248312355265,-0.004119427921109753,-0.05286799346141413,-0.0024108996179715847,-0.005400516742631978,-0.026317267201635408,0.0002976364621924965,-0.026743062627761605,-0.02884612739438741,-0.0021810056504248942,-0.006209465373527068,-0.0035565235691906727,-0.047003206391362684,-0.004124908524252735,-0.002448936252569145,-0.012372922396853392,0.04003660272635812,0.0039026492962621617,-0.015245042744121196,0.011408586356681072,0.0,0.0005798516742576698,-0.0026802240696264246,0.0023689077664501568,-0.011586042761304483,0.006336725659030984,-0.005418196276634091,0.010149266271561652,-0.020224466474367597,-0.010482460349572897,-0.0022007242704040753,-0.002648799630049159,-0.011732801203705234,-0.010339995415143188,0.01565340337492027,0.0024705656856893743,0.004082160320112216,0.008024763539526969,-0.01943632750306834,-0.004934975586965318,-0.0179775117157287
2023-10-06,0.02473705152937633,0.014750453244736894,0.024033275414037325,0.015878056641289273,0.03490922875607061,0.025975317158935196,0.018582915308585246,0.02014846770862677,0.001845841218459432,-0.02105279853769404,0.042075542197793414,0.023940560711257275,0.0011866781722316144,0.019828034594467248,0.009949773803893391,0.007160374416815607,0.011642335652962466,0.009836012492195234,0.008358853222691254,0.03292659384454,0.01046026866924965,0.007251540175817972,0.012184897055066424,0.009016201786270717,0.01926986938005104,0.02577490989626785,0.013178797863813818,0.003643111067635818,0.010163090653571683,0.01543047880474635,0.00655743122419139,0.0051964459593656365,0.012409616473071594,0.01086574695449305,-0.026279377477985033,0.015116685659074314,0.0005354875122023373,0.04185321274262921,0.029385556858346984,0.026938717950090174,0.03910206801856786,0.07401381388900385,0.019063245706434806,0.006212411708865995,0.06896974782701415,0.01644195996411857,0.010960899031898785,0.005045249092499482,0.023679575630550342,0.0014987085250761645,0.014496114476835187,0.0182655788179118,-0.002395666430808907,0.026930326671717575,0.01154992841301472,0.02122729860798911,0.04138639718448034,0.017938258381116734,0.029809699804506984,-0.009285699753534216,0.032919679978329563,0.009483872114763647,0.005907590632862725,0.028312895728614063,0.019036563847254273,0.025143857069853892,0.0120566464078955,-0.008972800688911708,0.02222217435514584,0.03591011420416379,0.02202488655700985,-0.0046342070139417935,0.012721902807154573,-0.001435905134421045,0.008837486859540666,0.014467248166867286,0.008074176700115565,0.05104910026640397,0.05461245632844802,0.01790970292369365,0.017965048037899,0.04210309272280233,0.0020679379019097333,0.012756164708052076,0.011394335397349575,0.0056153723776215525,0.013396508963724019,0.03130318922023734,0.060473783557353666,0.02181410589845978,0.015403663933002854,0.06712324253939284,0.007968778794309905,-0.009961518198553843,0.050002958604814296,0.005064242006576514,0.004231597415712773,0.01883048340039606,-0.01668173282878893,-0.011441582427251795
2023-10-09,0.00782251873801254,0.008451180086631815,-0.010685687214360362,0.0023444468936362206,0.00928888420193097,0.012564175513440246,0.006105511896431937,0.00555038056782764,-0.003300907210654902,0.002582715424433779,-0.0025176860168292237,0.011637971030259209,0.006675446809138563,0.004955543001173401,0.0005086535232099454,0.008793216076654176,0.007983892829587225,0.008297310796618662,-0.00359207677123341,0.0030189112852323507,0.014262684943047166,-0.0009979285504910784,-0.0017834317152667367,0.015216687126196282,-0.004024629568734839,0.010072568902115941,-0.006861002484569778,-0.0006686454919534457,-0.013025333000920902,-0.015029623935286729,-0.0056779468047066795,-0.0018308903795264397,0.015423279964525305,-0.0037362412595478567,0.006470957125355836,-0.002734748024100009,0.004281505271213515,0.024686838856946114,0.014072610245280615,-0.010027438029431623,0.013896287895292181,0.012495264127704742,0.0006868322915933867,-0.007908986047293842,0.02903392841659902,0.005499840735462724,0.011158563041343772,0.0032888804778163916,0.018164844661409996,0.013877911829826006,-0.00045725781884264904,-0.0045222044817229134,-0.006603998859178839,-0.0047679869311113565,0.009558860850558792,0.010983018104594455,0.019285657552868374,0.008476405038974066,0.0024757393309975395,-0.0015621831399367236,-0.007008209269211418,0.02107099248170341,0.00613990441599932,-0.0013829596314486325,0.014759581203957595,0.021164916346096296,0.0203629473748288,0.014361627121486364,0.0062366766835326715,-0.008363628177143756,0.014991500113758605,-0.01097439065697281,-0.009640608260898076,0.0261156175665338,-0.01963805322934986,0.011532741966949533,-0.005636269115073977,0.022032836579115145,-0.03918243075595318,0.01628148377291172,0.013256321287853812,0.03464924711500106,0.0050118512034065255,0.012109080266734518,0.03172249360645196,0.017085494364542653,0.003646691187381368,0.0,0.01691679636368848,0.01483927608367197,0.005231090841147701,0.032214709887124604,-0.007730123697527458,-0.006074982429218112,0.013262831588049862,0.015754745319761065,-0.015926374219992212,0.024319066779561416,0.021091288541277065,0.02314812515252984
2023-10-10,-0.004335675956660623,-0.00335217657467779,0.011596315403439306,0.009511938819224852,0.010931056497207603,0.0029559847727311794,-0.002600784677891488,-0.0021505595108086695,0.015211543440507347,0.005581795652491062,0.019070775846009136,-0.03272445778816946,0.01883981950070579,0.006480365807349564,0.01399400721110755,-0.0009272855852829887,0.01619811818429784,0.004561668094050342,0.010260646638766246,0.009721284829412369,0.008618758602860321,0.008919015729128343,0.005997973673331547,-0.0010680140524260695,0.011341629422556787,-0.0009650864810584192,-0.005901031121186007,0.010658131267640814,0.016838753151106278,0.015118228977023751,0.0037748727137956184,0.005394907189831821,-0.004117030975501312,0.0152896018030233,-0.0021953800947698277,0.015789416218337404,0.012123683609222224,0.01582403678818123,0.021232646355062945,0.01822890810471156,0.009743687627524089,0.024214696984427686,0.01609364947136993,0.0207273270066215,0.011164881187563758,0.014800546748728438,0.029897470417062255,-0.004140749957910694,0.00880095061325914,0.003782809141333887,-0.007662463170547307,0.018322254049447873,0.015310276905220022,0.014372558922381318,-0.004744165122847921,0.014544826598407168,0.01455797092512201,0.008847634018561257,0.009071066129632932,0.025514536526887177,-0.001848375042122874,0.07032069328811863,0.00026531157139686457,0.016996077916836327,0.0010465438909648128,0.006963952508037163,0.007738252328073569,-0.0006155880803455638,-0.010979329434735785,0.01910686762471725,-0.006126244834664396,0.018493649920714228,0.00575220312823177,0.005198652238060264,0.025432090145524944,0.0052715496724842215,0.01446899175800076,0.014292574925225843,0.009919473858540195,0.014987028550987658,0.02801192387628859,-0.0005751667232601898,-0.004693453995187613,0.00975398244725989,0.0028736290520334773,0.0015568878298046762,-0.0002648529915739717,0.02628394788988464,0.016882210178857937,0.007876092812948654,0.0071118792117994545,0.017884663398940015,0.027266305382593226,0.03256617029820075,0.00044655092852452505,0.014741846841122674,0.00725742106629923,0.013295379570085863,0.004939321991104029,0.011312152270284148
2023-10-11,0.01227198940141716,0.007904051050695804,0.02200966489903533,0.01814956889912689,0.01858069554552788,0.018813882549502114,0.018035676786878785,0.01795977050868447,-0.002389822071472425,0.006102212300349574,-0.006421471093651765,-0.019795388683841564,-0.010827243585043389,0.03226836496990626,-0.0007651943051569798,-0.0038982567038508,0.00498554481300828,-0.01059562672851877,0.012352477605538814,0.0027217266448507083,-0.0051720156492653935,0.005516257517435896,-0.002093123324809376,0.04552997641849088,-0.053856155358794955,0.005688513359588532,0.016504986168891733,0.01158607700331804,0.0037740325436814715,0.012979428628885126,0.0013293874225739355,-0.013200293549100461,0.0012442818582272253,-0.005966943481695464,-0.011472568442280395,0.01790608253275172,0.013031431457970477,0.009463325365422381,0.009875389198603868,0.006709254942362408,0.012932915825982327,0.00474666023350756,-0.011412216984042378,-0.0009573840319384574,0.023769349861903155,0.0022193941912587167,-0.012082957535828998,0.006063729499637516,0.011586126139801145,-0.0018734076101790675,-0.0010371826826366393,0.00847586970937897,-0.015873075943202752,0.0016348801786594258,0.00973470165153012,0.018318581370125875,0.004888655803033215,0.011839528794147514,0.0034357590405469374,-0.0732308171671675,-0.007239062190738221,-0.0077366726152146015,0.005039785168119648,0.005570742565448539,0.0008846113539004996,0.0015290735020607737,0.01414516199486604,-0.0009240096355466187,0.0028648138188624994,-0.010694491221812208,0.0019421038279228142,-0.033014195106457644,-0.006012665309136467,0.011467903601179996,-0.015991555722159156,-0.0015853323587556867,0.0,-0.004579697067538913,-0.023900413376145013,0.01934832382507712,0.012570273167822554,0.01579486599040636,0.007073323360180517,0.017463780796216133,0.0,0.004336255151675017,0.009010275737290518,0.019502782905872262,-0.03179613131921266,0.00527567300829479,0.012917671068898962,0.0068070638568054065,-0.013616010156746405,-0.010081427484236904,0.018830027553251583,-0.0033737639399024077,-0.006268428267691473,0.027179002790949758,0.009830260453664419,0.026845719916934296
2023-10-12,-0.00379041488095877,0.005061199369654101,0.002969736050266736,0.0037927633547389927,-0.011164674456521473,0.03549210816181203,-0.011241563833142343,-0.009950625917263811,-0.015665976919941982,-0.003076796884780908,0.004431754849536507,-0.012925916332146126,-0.027917804836122384,0.017675678225473,-0.002535246886771092,0.003540786940910756,-0.013834515057926211,0.0030597221876065284,-0.0010846234915629083,0.0033789209293959566,-0.0076853557795723,0.019834065758107977,-0.014809647263315462,0.005077582547303061,-0.05560883265041783,-0.018463135366959205,-0.006551760297264897,0.020616212280190505,-0.007470808944371021,0.007529089664613187,0.0028944740140854908,-0.005763989090670774,-0.007255723437299966,-0.0075462616010022465,-0.02957075620397731,0.03829016074795666,-0.002598712975849571,0.005439619260794393,0.002586117279983924,0.01743678926021297,-0.0030832429143407003,-0.028799838082441354,-0.011246425325388332,-0.002370510972790729,-0.0035065543397562182,-0.014236025126557195,-0.030999990609975936,-0.029533324635797276,0.004838891770882814,0.003306412398020875,-0.015920595853246344,-0.005406497922034403,-0.04153221012029984,-0.009430548848741838,0.0005377945826512409,0.005648748827694172,-0.028153153153153143,-0.0047670902151488725,-0.0020168512285937412,-0.04406740918247909,-0.01644906224561138,-0.00866342266334219,-0.004134786911886512,-0.00886373496181403,0.0015535063011575811,-0.00396937805957065,-0.023910672842071157,-0.05024658538131277,0.07516520309466568,-0.03940523713064137,-0.000842795385380235,-0.04745651258277006,-0.01873704139773935,-0.004757491026616378,-0.019268230009460985,-0.020642511111639172,0.0014703495218362228,-0.0033030410568003488,-0.016323781804781667,-0.005244732259514495,0.01449614347614725,0.022096281850619626,-0.03482583232300229,-0.010476126725444845,-0.0037249588089225405,0.0019143873211648899,-0.020748908176689174,-0.02196758830458878,-0.06542994861586449,-0.013775951652341467,-0.011222578337021671,-0.013868876700080857,0.0,0.004111019774124758,-0.0023821124644861635,-0.0216235225064767,-0.0545243936506532,-0.05839419170576576,0.07035398786504321,0.0
2023-10-13,-0.010357508871394194,-0.01029273721015711,-0.03161151660365524,-0.019194502454286222,-0.029213971846367093,-0.024757048933940373,-0.011585238513416085,-0.01218897666913743,-0.02993780718577166,0.005427644470503923,-0.03401052069582822,-0.015282445583324256,0.012145737264080303,-0.01942353880661507,0.00047661750398986236,-0.00148557137649441,0.0037551281110161927,-0.025121078820763643,-0.02361560608798341,-0.01906476852386929,-0.0020501172997644534,-0.026620693864493505,-0.014516129032258074,-0.003297791233605407,0.026416650038645795,-0.002065917569689879,-0.007741948609711002,-0.015023858747640562,-0.03244339845031152,0.008152173913043459,0.0013596043622641218,0.0006563682912943403,-0.0006056688882740691,-0.014573725174803709,0.008027487818154544,-0.02853662511421784,0.011594572236578449,-0.0046811497335595975,-0.013219671147165823,-0.02757962496966848,-0.0077319467559009425,-0.007483658001297022,-0.005252171731326971,-0.02462088119736905,-0.00981017467392431,-0.0006418632176383721,-0.01500356728850949,-0.010735507890172191,-0.004582584897404374,0.0076351034462385226,-0.017936768510583012,-0.038841671212910045,0.0037862915799184993,-0.03661662466332427,-0.008879139087131338,-0.01754233285415563,-0.003986097846357173,-0.003919013803174276,-0.015509719347150175,0.009272812259181196,-0.004137959973565475,-0.059051133803295186,-0.010247315052890227,-0.0378835296339568,0.010028346728129467,-0.044780391029716204,0.01347302420442964,0.020123364166843016,-0.0016606158550521721,-0.004973044978995866,-0.004891988981136075,0.007526917372493891,0.009171562032160407,0.0035516359093628047,-0.024608015058326438,0.0014966668262070826,-0.01145204481437534,-0.05030181213701346,0.0009092316277328205,0.003012777463424765,-0.002128251292073835,0.025930073281847266,-0.002728931286752445,-0.020417843306704597,0.0023007769716483217,0.006585943589376253,0.004866161840572758,-0.04202045710771751,0.010246801097912428,-0.02510971124410588,0.01220978617097157,-0.012481627308556953,-0.027607863515556552,0.004373324791705491,-0.03751890544459213,0.008544038663932607,-0.00989258701313167,0.004844979865642918,-0.0388590538778274,0.05664482427044959
2023-10-16,0.01498185548321418,-0.0007268933652552212,0.013946079188220661,0.021265196921155027,0.02052811149054845,0.02195477117828637,0.012667483149624736,0.013782678863274223,0.01115006015531006,0.009526432720114109,0.013036471541754802,0.014451233564669153,0.006750011444091708,0.0036080990478799535,0.003572403433822924,0.007253103707052899,0.011082144028451868,0.01702556977518488,0.01640256137240015,0.014726642530461076,0.0100433374324711,-0.0009919185932680818,0.01014731948777614,0.009785282363858672,0.0036976378846553803,0.014545642865859243,-0.001878301620251488,0.008649580127849221,0.0055557449777912105,0.008086253369272267,0.004799695387590619,0.023721011033181583,0.007111088916508912,0.00982049806426466,0.017714938635016608,0.009038421393461116,0.01996130575537336,0.00817268761399248,0.0046765739468375145,0.006752793318830719,0.004675317358422859,-0.0073515437371766135,0.0022067439083570672,0.021303067259523578,0.010499660431968705,0.008670535101340526,0.008945846179652106,0.022421524663677195,0.007900411123797912,0.020335433125541424,0.015757428049669953,0.027146523286873503,0.019907731013008245,0.01976436595663178,0.008175332143173897,0.027618957887407314,0.003397067009225596,0.019453538571550633,0.011027820428376689,0.036225153148649714,0.0238919859455875,0.013931211146345657,0.03882540555672409,0.019235707221538112,0.10312693466932266,0.01811994445240095,0.021350830023198597,0.004772498156978111,-0.003991980506211301,0.007907445621810893,0.006357009481775977,0.01422979757542131,-0.0035757670343106174,0.01152986693976965,-0.06469990247103896,0.01643835173920727,0.0072775560737252665,0.007851506724640078,0.027935488901595917,0.005506818568322691,-0.0011424625192681948,0.0050429026892915285,0.015050135027991463,0.0075268400015873205,0.009182201114351418,-0.020516969732750523,0.021657868009908654,0.028606720543167707,0.04227076000779184,0.013782309820303151,0.011892639410138628,0.021896524732104128,0.015633403558492187,0.020011080080226673,0.04984604582927865,0.005320972464418761,0.01758193990961021,0.05110894299133517,-0.02021502423030075,-0.002061804585836491
2023-10-17,-0.0017436780432347199,-0.0087847320585005,-0.04679467784574176,-0.008147882355257097,0.00887437695058546,-0.02013138345248522,0.004457189719503818,0.003558972029681806,0.0036626021631882555,0.003669852958430253,-0.012399020347321654,-0.014134488110391752,-0.0044077893332274964,0.016977224800971413,0.00487819362713382,-0.004062060955002722,-0.0032812147631867683,0.015292686447769599,-0.013676148282786293,-0.003919384399148518,0.002485889499470373,0.012198590217752603,-0.00025929062949181514,-0.008574984011461506,0.004413449952274551,0.0004833356534645894,-0.0011581040667940634,-0.0011526048654220133,0.004021591911748779,-0.0013368983957219305,-0.008071969484591324,0.005659356867713683,0.00028086065057197906,-0.0008104161484714378,0.014691823687881467,-0.009893905735032127,0.01616169770218434,0.0008412405550064506,0.0001829342618380192,0.00799936599452189,-0.005568347413413055,-0.004462601804642974,0.011784434690588208,0.0023853087531353623,-0.0028240996667978635,-0.001273448213085726,0.004153659500963691,0.002807014866879065,-0.004664343846663144,0.0008039879143544315,-0.0011752083490990106,-0.010311330319255352,0.023012179755878215,-0.009131600444654664,-0.003944952226258236,0.00273901985627778,0.011362639191693225,0.0004288262869940329,0.010435389208639734,0.019506028816403065,-0.008285388380563585,-0.0070662251827530165,0.013832808822015874,-0.0005065647584385768,-0.008880597342896479,0.011444646396943536,-0.0051275230366395474,-0.002216583122018112,0.0030060170668839703,0.015225256037194823,0.0034531796607659704,0.00947037725696509,-0.001196085600258745,-0.0038948607849165207,-0.0610180602717173,-0.022298451771375793,0.02152755958481789,-0.015827950602431584,-0.0012151235642523517,-0.002738282316859353,-0.0008388028890005117,0.006331745626941165,0.0059907375466439206,0.0003830407502161126,0.012510732565086391,-0.01076200133750338,-0.0019034476411805556,0.0,0.007744377544119496,0.0017498031099234534,-0.0008395408093498924,0.00046447110590119856,-0.0007077302760680748,0.04786561621705787,-0.0066818541683193455,0.008844657043324933,0.0037295647447421754,0.0018349044462047104,0.003072857450142852,-0.024793462523359122
2023-10-18,-0.005872469497585797,-0.007394849583563845,-0.03964680512118546,-0.025405007278304192,-0.021697527096595337,0.002973772964959931,-0.01259658238948791,-0.012128566900085014,-0.04775363208267347,0.0005223174059645341,-0.028248061993003337,-0.026790730761816484,0.010351086316965796,-0.003963705175657695,-0.025427071123679368,-0.003151616115561695,-0.021573171806991365,-0.010873383462491337,-0.01164730914163703,-0.02108475772857421,-0.007664566003377171,-0.00889857246075132,-0.015817368530432918,-0.002953473088426639,0.0005446994921161075,-0.015296296648144025,0.0020289766615715354,-0.011862484541657836,-0.04302978656711742,-0.01593042090235941,-0.012929373967522362,-0.004565728432601723,-0.004291530567363422,-0.0077631442740998535,0.009600261277341149,-0.01429014520368277,-0.01006467636930708,-0.0015282108634839808,-0.012844176330514934,-0.0417002196395152,-0.013838919505403391,0.004578000609623878,-0.02333460095312545,-0.015746041703443625,0.0034733028673950006,-0.022314336761635856,-0.02816005839876423,-0.02379287288282128,-0.011822616250088958,-0.016447157261429424,-0.015766518079439296,-0.022860632432505024,0.001004202372789198,-0.031972860763329725,-0.014061966439881224,-0.009218965573945082,-0.01586649515136196,-0.030647241959969596,-0.020328080713351793,0.04509883189407371,-0.016709349214614644,-0.018186574899431873,-0.0064406960697497295,-0.011658924795888814,-0.01775080410351826,-0.0366304568257565,-0.006607638589916087,0.006981888662534574,-0.02114552828379468,-0.024696711926698423,-0.007302356480099359,0.00034747146084934677,-0.023502988369742406,-0.009631495586519545,-0.003706703209047202,-0.026817033932447942,-0.05831410200218745,-0.035431584678710326,-0.023448762976552295,-0.003744421386338681,-0.0058765494896928505,0.00860685545044082,-0.016971853814572446,-0.013116277235186269,0.0030890370251661636,-0.007419443758601374,-0.014695407334306632,-0.02290332694513364,-0.019111172999680237,-0.024219797090758055,-0.0030246428424681726,-0.010969873256130414,-0.015403663933002854,-0.01404180209772965,-0.019196115113268908,-0.01629159602656327,-0.05626752440804639,-0.031135544891248812,-0.0700218973636102,-0.025423705697709242
2023-10-19,0.0036655115759907098,-0.002160996541954341,-0.0022513548883561496,0.002107149015711185,-0.01312428193863302,-0.02164527870860311,-0.0015222289333658434,-0.0021539564502236486,-0.09300310180733784,-0.01567939846851296,0.0022511829407421136,0.16054763621220602,-0.009072401603269942,-0.0038181026071586466,-0.0033925128399384663,-0.00836899310225836,-0.01324365431442831,0.0027031484347539436,0.0008417166052361313,-0.011186461586745189,-0.021581116607460316,-0.04962887539000527,-0.005796369650629796,-0.010508430107392663,-0.007512982321358552,-0.0065405621641582146,-0.023286095235236726,-0.06273352428994738,-0.02281914480371594,-0.007481975489954329,-0.021052521133208768,0.007146647135416684,-0.008781087263422194,-0.014888789561195992,0.0009352697921534148,-0.029933263008372513,-0.015438631301720074,-0.03141498266673004,-0.00691745577407854,0.007681063812687627,-0.006083711935645719,-0.011962423946896616,-0.026194595620539718,-0.010751010306119246,-0.01741300990777206,-0.004238642335937959,-0.018007669486905242,-0.017741897442751342,-0.010566904290500445,-0.034508313112909694,-0.01315001140532901,-0.027277455257272876,0.011235982575773296,-0.015154508946861989,-0.010894695036890778,-0.015335562884267406,-0.006290508828461827,-0.019898247187493556,-0.01702915510314562,0.02282451386419293,0.0017340435580628366,-0.015167748368026479,-0.008358885579969,-0.015386549315443032,-0.023224238185338253,-0.013462333503541979,-0.00997738483795585,-0.008824418006188828,-0.0044225571046351275,0.0008463870623609537,-0.0006763693576620211,-0.01180966105508241,0.003372582860448503,-0.027770369387122962,-0.04232065224092285,-0.04790112085093978,-0.012568971822109698,-0.011723250434265364,-0.006116218257195327,-0.0035078774789200073,-0.015584207468935074,-0.005885122473964111,-0.008935277128546804,-0.016055478753380092,-0.003919355679285252,-0.015453776756865656,-0.023529458091200217,-0.02879779335998245,-0.008298544693246868,-0.015698145779842965,-0.004719409832338539,-0.00780508579755923,0.003956144907183656,-0.005626368260645553,-0.0018958199221218441,-0.015578955934758776,-0.035917988757907526,-0.01795837256648547,-0.013647101907169112,-0.008695644061371466
2023-10-20,-0.014034751278796276,-0.014704215959948308,-0.016959251520913488,-0.02515573116103942,-0.013298819393808392,-0.016362665415341593,-0.015607941172300355,-0.01611735719697638,-0.036890623300491754,-0.022452861583363903,-0.005761757407162227,-0.0020160728295866015,-0.003487777572924955,-0.026595113760817357,-0.01021243082962886,-0.0073143171770553295,-0.006166503680419155,-0.02381381699270768,-0.02102607340902407,-0.028206054267826297,-0.004875762385897819,-0.0023060148440341433,-0.02073674859007335,-0.006379217769017176,-0.023916651135383327,-0.005212031195336531,-0.0045905162771717745,-0.0026580888589523566,-0.0102542219928351,-0.008059217488446735,-0.00021028386207977423,-0.002435879389952267,-0.017880401180646266,-0.013039336962571313,-0.0017131383261171917,-0.005612268401401166,-0.008159094463650818,-0.03962390307676211,-0.030536684739629116,-0.01298216040761968,-0.02619765866687518,-0.012395511860383901,-0.00872056453848824,-0.022567710431010246,-0.031216180534658022,0.0072036446221139805,-0.029007279499244087,-0.02590771662221758,-0.009208076081640648,0.009650577999299248,-0.01175046862318041,-0.011546843258218087,-0.008333372439024989,-0.02406781296228,-0.011096760559668573,-0.01916180264120304,-0.009847092276180525,-0.014437247415075904,-0.016402216541364978,-0.000813571525794643,-0.02440712889457175,-0.004088906099595113,-0.005160833159266853,-0.018622220186568894,-0.0009338830230634088,-0.00862659433075863,-0.014377851668245789,-0.004451551465844417,-0.01571840403438951,0.003100938138814735,-0.018529506694036746,0.0070298365633560955,-0.021390282074290834,-0.01427031291527836,-0.023916488466851127,-0.00135253043296657,-0.0091585897960339,-0.023856664326664,-0.019031318164618893,-0.011817983789119468,-0.006160752651129919,-0.014444722163481694,0.00458428195554994,-0.011979333800612557,-0.020798247340755194,0.0,0.0005830719828219255,-0.025054594318508094,-0.027702633790795628,-0.02168442891668476,-0.016088074093373095,-0.040693231115906836,-0.026329951146185637,-0.022809670383986957,-0.03273743357738301,0.002138601756261904,-0.0028338386212047872,-0.005774823641392812,0.01431303232410075,-0.019736875815185018
2023-10-23,0.008112143103305103,0.0006940948276166203,0.03836954857845165,0.011104892625885654,0.017366000243428825,0.010062867719242918,0.006637122831671061,0.008483167739658404,0.0004245310418349302,-0.0011574967119079016,-0.017679947603646218,0.014664816959602422,0.0005000114440918413,-0.0010168012529265802,-0.0025384668439945024,-0.013791791763223316,0.005474851959454963,0.00027622580732833413,-0.030641459075899324,-0.005485287963317043,0.0018664959220300315,0.0008201656304525073,-0.010080442858977468,-0.020623363761522184,0.021280553736651164,-0.004412105776762543,-0.005058077374453185,-0.0012825160779631473,0.022817687088446004,0.016028349486920668,-0.015993163808590283,0.00010611006027061443,-0.002151560035709932,-0.01591405889551556,-0.0017160186938024458,0.0002594825632600273,-0.0030849033900988143,0.012628514966480209,0.000384895796217366,0.013256339881136725,0.005363722689283534,0.01371865809355688,0.008942659506110395,0.0035643888098859655,0.0017901506715838345,-0.019505864011872154,0.03347928231949848,0.0011238316908961377,0.0025893906714307136,-0.031298938024883594,-0.0026967542996472194,-0.018356957925054318,0.006402554977092301,-0.009096437271788993,-0.008918916113245912,8.922512369857749e-05,-0.007482486283638012,0.01052879179741395,-0.014652924095561626,0.0005815449767754277,-0.004613238705017286,0.023812753127639308,-0.01080753899724718,-0.012871565987884082,0.016775261502687266,-0.01366306677318796,0.0,-0.006068305012769337,-0.003992354448873248,0.0016861855285787986,0.005431010805327263,-0.011169273964571014,-0.000936789546169603,0.0014430236843827604,-0.021890573418260062,-0.007990199988510471,-0.01221999955536035,-0.005671052967737733,-0.004646857776141489,-0.02290070556370205,-0.008631560596692345,-0.006967734461134634,-0.010952255006079548,-0.0043408598200571635,-0.004879505823709107,-0.015269788345721458,-0.015770101475535814,-0.014381718665205878,-0.005933610770794351,-0.013513509090522291,-0.000860572089047773,0.0017879849668143155,-0.007542307630769907,-0.014113793321473778,-0.0115513457724985,0.011310259760854535,-0.001420914157577502,-0.018392989524353753,0.03292562784829456,0.0022371877743214696
2023-10-24,0.0036742117945081088,0.0025433667133309967,0.016009319099040242,0.015802781594350668,-0.004649603284130999,0.021908579353634217,0.016923059037316834,0.01609863175461479,0.02093550737020089,-0.0008147009538035377,0.016598300142556255,0.016935440739497043,0.013180913207250011,-0.0015728347517194319,0.005007845898044261,0.015517194382280941,0.02417599606687948,0.006718164024815065,0.02186120271268366,0.0035513928719661525,0.012109931867585688,0.004991419133360431,0.004100538646072405,0.011206319438778811,0.01760893053682344,0.0052071926609722485,0.017793099435951865,0.007405187489330389,0.0056144186305875365,0.0046782385997141684,0.010986313084106136,0.004458660424061511,-0.002944131294930541,0.006468527431368498,0.024378830010501007,0.01664651558213448,0.007607065315331285,0.02396721452312911,0.0004488723265154704,0.022048729065015316,-0.010461797790897176,0.03983101832460578,0.035470655926352235,0.007951653969748174,0.020884551345339064,-0.015915104266073565,0.013456290014079997,0.014780185299363202,0.01269319331792862,-0.007590998941451543,0.04264996551956313,0.006909758511994157,-0.004970179001827946,0.009587948109222921,0.00989908416610219,0.01926675605169348,0.013312306812468977,0.008606959009848092,0.026637252317812443,0.003836338571646447,0.025668493414853222,0.020719196662769557,0.012236638857376692,0.022045965897354858,0.002261103417557919,-0.004540086026411538,0.018950230655272016,0.01895881199641347,0.0034855482610052224,0.007130804695277604,0.004201367612993723,0.02753267521165137,0.010626605292109792,0.002114959642422143,0.01424215100807169,0.012559701965123793,0.02410785846402086,0.039109142820318965,0.0254435142088123,0.011979142348800487,0.010448055742288131,-0.012460759291782475,0.0019994600049915157,0.001703815247762419,-0.005480202963470848,-0.0031619341749824503,-0.005051496832471969,0.017701180680960604,0.024951598312146217,0.004964829691477712,0.017743369638781425,0.014217119764499353,0.008155674151746117,-0.008626249709793199,0.02851469498782566,0.0036576231213212296,-0.028207941007353354,-0.005917200945284917,-0.026866952178355552,-0.008928562875609058
2023-10-25,0.030678046428119332,-0.013491676112499795,-0.0431486524682313,-0.055771610960691276,-0.04165730130277989,-0.03572764012677654,-0.09509399308699129,-0.09598913372066176,-0.018935922882932887,-0.0033524871902383957,-0.05517852573410509,-0.005994273851238852,0.0009865198822422983,-0.034138896496225035,-0.007841868992625844,-0.011507202697014773,-0.0005671073006384697,-0.04214279766042128,-0.0508817089843675,-0.045055569599709466,-0.016336840759997306,-0.03550773538068819,-0.03491699528142822,-0.014341559919981428,-0.03886235526732118,-0.018571642517849818,-0.02306448805439898,-0.03423726367849522,-0.007917906440648048,-0.017163886117501193,-0.009001903573138237,-0.006552554730341442,-0.0919941584442977,-0.031164734238196656,0.0021357648074844526,-0.032790399156882644,0.003070989879508268,-0.028880921278040872,-0.027284552372664583,-0.02898039641203709,-0.02687336162924603,-0.007845657216658197,-0.02537664793774408,-0.008993408642875345,-0.0406957780513153,-0.0026954151914918567,-0.028768150764487133,-0.05070058840156244,-0.008520812732168426,0.003348604254766352,-0.003536520632821505,-0.041773313781650834,0.0005994524365930953,-0.039199886353011526,-0.002776906790567635,-0.019602677251898237,-0.024297163073686456,-0.020211042799311074,-0.023556314526041677,-0.023161552233256777,-0.027806782470637614,-0.0534311393195771,-0.0023313759499027364,-0.06116008944544549,-0.016535644670889527,-0.03858508516808512,0.008295461122598935,0.01166833040885229,-0.008683570408126173,-0.04199456043655925,-0.04209358085350334,-0.00034353241745654906,-0.0024740379966745607,-0.017278124718219545,-0.03761283750815336,-0.04395300778369016,-0.005575354066176597,-0.0633821051606196,-0.07136358102554141,0.003602660510796385,-0.015196634699627953,0.008697771755014072,-0.016270225067718913,-0.005953286532792257,-0.013341040910084145,-0.008733790354421789,-0.021379554070046436,-0.046186306791873966,-0.06301159171580673,-0.02369192377505447,0.0066012081510031795,-0.04357056234181822,-0.05148003803054735,0.0024993453254826825,-0.06450977565454286,-0.03938604682199287,-0.01869076828135363,-0.03472226032924852,0.014038335296167936,-0.018018000602490147
2023-10-26,-0.03751430497421182,-0.02460553222493822,-0.03477823423758242,-0.01499299533713827,-0.03732511842334374,-0.02692937484707625,-0.02651064258318503,-0.025499295604560435,-0.031352997455599385,-0.004345560266322268,-0.024880277434846,-0.018747699586816102,-0.005789974783289464,-0.01316342088256317,0.016301669580680134,-0.019656537480928327,0.013263316861691798,0.00801683505508044,-0.009442624307068326,-0.007411520156745732,-0.08421049062271568,0.00561060428955984,0.015656966822920726,-0.009002102344446539,-0.026630568906019003,-0.011398724358696488,-0.029624078506813922,0.0030684985513385055,-0.024966932020566324,-0.0048479774245245855,-0.006310810499327579,-0.014148955649517903,0.0023358883458928226,0.006696334997040143,-0.0006089346025375253,0.007475142739994611,0.0014032480062258212,-0.03104698334561007,-0.0037780634885734576,0.008331307861318082,-0.002553765056520829,0.0008373241145582799,-0.01341750552554255,-0.010507858645125046,-0.021325153318721313,-0.00033784556597826754,-0.025569609951872407,0.005049491416931451,-0.005762626053641751,0.0533992052426111,-0.007334616421872608,0.02057516805135373,-0.0003993701484106271,-0.019348016481738783,-0.0017247908127507872,0.006159086395828517,-0.0059360597773958634,-0.011001593639361817,-0.02042860726000062,-0.03864851446595641,-0.003932738852460704,-0.017293857513982602,-0.010818763978666435,0.01933321568944746,-0.020368078752735053,-0.0032883242731748252,0.005440499328479564,-0.006857893022005901,0.0028030806285830323,-0.03695357243059039,-0.00392193985053213,0.01408934165077147,-0.009300918755998366,-0.028367165930189064,-0.010161526284386602,-0.0007051621657796492,-0.01245910681306961,-0.07604293410745022,-0.010663012087714363,0.003846192971254103,-0.016544716917423652,-0.017974202008289475,-0.010454021020893767,-0.0014091534151851048,0.02939447344339441,-0.006312200984460392,-0.022859919592020383,0.02008375036802712,-0.014390459253760701,-0.007202414714446381,0.005044547349968953,-0.019034325159459242,0.009110316327059609,0.004801446245739305,-0.006072936208501467,-0.029401136811450956,-0.020187861367479742,0.007194311592171543,0.0013844340812130262,-0.029816539096325756
2023-10-27,0.005855569930102389,0.007969332110484562,0.00431480978088139,0.06832816082460003,0.02906192025466492,0.014042921501738803,-0.0008995797468898115,-0.0003240514803645178,0.00748448962886572,-0.008345409957647654,0.029465166971098578,-0.014050684709501882,-0.011089824077255006,-0.011977976644571453,0.0005670540368463151,0.00369870440640252,-0.020019603794852014,0.007953004317809542,0.09286594142844451,0.00014595224707258936,0.012515909187018393,0.003515795832638391,-0.006180122377590913,-0.030180506428198584,-0.002042305727534499,0.005339102887885749,0.017356311293490467,-0.0018969892883630157,0.0012651706088753212,-0.01660761741661032,-0.021249753011106765,-0.007014152786470329,-0.018278194420292215,-0.0018027681526326944,-0.00974865765077182,-0.0006764960832754685,-0.023949009597681092,0.006745608281368387,0.007628856087423808,0.003060162794310095,0.0018659636834996718,0.006506757169808086,0.021659532912233992,-0.006328735291472376,0.006874900598732303,-0.011828333209356723,-0.011951198304526178,-0.02628020503094808,-0.004432215869238698,0.003168246673046271,-0.007388901436337303,-0.002394701947135758,-0.0031961614666969895,0.013510556272509966,-0.010012901265045615,-0.01721080926540952,0.00014563928497479672,-0.009733533459800325,-0.0049459578056970654,0.10112227090834303,0.009691261468053103,-0.005349813599162312,-0.013124507725821632,-0.006871907439802372,-0.0046317426163982045,-0.003596682060386658,-0.01108613402541958,-0.013182676341741306,0.006463992331152468,-0.015247962333676757,-0.019507832708508088,0.012199275078257132,-0.012674094433186234,-0.0964513669312077,-0.053566721703136255,-0.003951436309414524,-0.02397098977166623,0.009664744455612384,0.011892951808162744,-0.018390835061071198,-0.00816889470411164,-0.010326478829704056,-0.0018921308002106674,0.002419089466629165,-0.0059965471652670965,-0.012528105815450274,-0.02721087402011424,0.008817438331518934,0.0024997297507456384,0.0072919059219813676,-0.024426954547279278,-0.001552328388956692,-0.0015367235678893643,-0.005329919432836339,0.024379101560150884,0.010447981507778037,-0.021589143527825816,-0.025510203585134117,-0.025806513990885183,-0.026004759578818648
2023-10-30,0.022740365833414655,0.012305267212035398,0.01632095148533952,0.03890722509168976,0.019984472268477438,0.003447223983651382,0.018744380370379954,0.019043747528870725,-0.04794984223383958,0.021821952648329646,-0.0025925541761776527,0.030688394714162515,0.01666460182608387,0.03703850961401023,0.022508289113881697,0.00019391623869080554,0.011214338030133941,0.012868708983314825,0.004220532001058652,0.016641664934015088,0.020433940105017756,-0.002056391973993321,-0.018306282885506175,0.006193351958657445,-0.0018921180445041763,0.015536723163841915,0.006397534793350257,-0.0008904138794203487,0.015326888905859315,0.006107896406187585,0.0032121446088668737,0.012279992654157912,0.005771762773696176,-0.02920845878730216,0.014920799705104626,0.0035158559056875927,0.015009055798235194,-0.0010050263458377673,0.00862144954355859,-0.001898296808792388,0.012344636218617255,-0.03712593912436424,0.021483643726524226,0.015220985590751912,0.010357558212428009,0.005471951048718893,0.02506793498249693,0.013097834002905095,0.012892556252433351,0.006035321779634062,0.003962082211877771,-0.04996378028843562,0.01563123758407814,-0.009098529533434041,0.019408247632524578,0.0203105255893945,0.005776430625392681,0.009127062808951036,0.013528052637546084,-0.04905361416181031,0.001066501512284157,0.036234925736782,0.016934090054182338,-0.02214224227539663,0.012744926793947009,0.02898557086532816,0.00640602368849108,0.005725200449052004,0.010762001828088286,0.01282678691233552,0.009126585769692497,0.005021748052087549,0.0011093454281607684,0.04784942955099125,0.03003749023382385,0.0029753340751581536,0.01696557194079018,0.016302667184269648,-0.015548440723817336,0.0005204386574251263,-0.01076408484374669,-0.010121901562555213,0.0071090168777756535,-0.00930111061586747,0.004309040656824914,0.002859054599947175,0.011470247281255563,-0.21767242619597293,0.008670512983589562,0.016214273863111694,0.007374383382757754,0.015806196272494244,-0.03982300332923705,0.014874359221421107,0.0029524626214045835,-0.008033821551045817,-0.01236035944911884,0.03141363191028157,-0.0018921007253338562,0.014563093312173425
2023-10-31,0.0023716693805666544,0.0028187856318813154,-0.009256329278162556,0.002863308000901066,-0.0045926605154915645,0.00014263906946498928,-0.003053167734318074,-0.003578504558585993,0.017632730628176496,-0.004397351535349592,0.024121435719099082,0.003926102033406265,0.006162188855818318,0.009716466947784719,0.008683740035692944,0.01085905325974279,0.016175695187246486,0.010757637141955101,0.022695472245965354,0.015282076322115312,0.02076638162532496,0.010074084839473585,0.010747291863600905,-0.02845854866706632,0.014430001652853575,0.019527090441368244,0.012108416156394908,0.008089067186161092,0.000469849760154295,0.013036712786100635,0.002854722166302004,-0.009769228633416116,0.009903736447214762,0.009302007331423168,0.003485839888410558,0.022109073145295532,0.009901045463521774,0.01873821489632621,0.018440577851735807,0.016862506102168107,0.02622798584116004,-0.027239630818099214,0.011824765229870415,0.002498810302802079,0.012370446449567973,0.015306148597900915,0.01145792220822539,0.014691479161776932,0.008571821522088019,0.0003225189629993963,-0.013035206068917615,0.01322129566832575,0.008287256638047413,0.008327981516110361,0.007776443123302945,-0.0009731983680398848,0.021766456718392613,0.009276473464453927,-0.0008088801696295445,0.04616650571049963,0.015092302534213342,0.023767216029628058,0.011072400228868462,0.008915896133130152,0.004416109728980544,-0.006541148099674321,0.001723872790146741,-0.005060143912526849,0.0018890711182604214,0.007770091219369668,0.00434117173065407,0.010326431086453036,0.05382304297026819,0.033350437165494684,0.025516395267117797,0.037010915562897706,0.004607577404748708,0.04429731083760324,0.013182409032686637,0.0127437673354176,0.020443519964096435,0.011929651807188524,0.01129413679534319,0.017000714503143888,-0.015446250848650145,0.012784511768720641,0.0013911157325823265,-0.041322269659762156,0.014888442129893376,0.011339663266261457,0.009022791354314164,0.011989062636838632,-0.0058104771872160565,0.011288100873862561,0.024650635878183058,0.0029995791389305637,0.014369105246105018,0.00913697415513659,-0.0009478889764019671,0.02392353721925211
2023-11-01,0.023542700060690258,0.018738635990994235,0.03788624980262356,0.02937864429857373,0.035118058471345526,0.01375139046004037,0.019100540636793673,0.018116493118748966,0.023999240251476817,0.007892233242151825,0.09685280117286643,0.020646602904110578,0.009737851235776862,0.023380826407713995,0.012926529186905622,0.001150921875396671,0.00827194797968489,0.01743280634112665,0.02164386069937918,-0.011677944513069693,0.012836007932796267,0.022213729104913815,0.008168464945990328,0.02010167951112196,0.031423957730210006,0.003983471615246037,0.03783458464754119,0.03134882078104906,-0.00836335394648613,0.01993869684011451,0.014591807394716438,-0.009648736017566772,-0.03597289918249191,0.012140110849044428,0.009213119147959858,0.01454116754260415,0.021008422544501082,0.007571378098684134,0.012653379368000595,0.01579803612368802,0.020971434860526994,0.014888603465710082,0.04776989538320109,0.001272833561049902,0.008938178383586903,-0.009380257389186686,0.009975486482736828,-0.002702690959660803,0.0037072190032223507,0.016357820668919,0.00751245311707871,0.0005220182132057438,0.010763269436032452,0.010165174286905332,-0.0029064686870802214,0.017091749348846275,-0.0011808605737653188,0.006893364749655628,0.006577886762385132,0.05966447498721572,0.0024488929303789764,0.012675178336468251,8.624761684217219e-05,-0.0035068031531690913,0.004599973335511098,0.03714222401729983,0.012443770585301106,0.023521986649771787,0.009770306707805654,-0.010313653352185592,-0.019720867908356032,0.0042861576357933195,0.025687232872341648,0.009210581144712293,0.0031595295769111242,0.0035416767996994114,0.008698390653840704,-0.002818446319370782,-0.01681603935257936,0.015151519604400088,-8.079922575732201e-05,-0.005676170287773563,0.007600401031358839,-0.006187576208288248,0.012202266298245057,-0.022475372082308653,0.008756427927272048,0.035121279847996734,-0.015445047030335002,0.0017609078458227234,0.021427373847730635,-0.012855306027707125,-0.015517945875425765,0.0036006979842024833,-0.016164158517117944,0.0004485798773363747,-0.025223858097442875,0.014084542176344472,-0.021347284846685133,0.051401817618486056
2023-11-02,0.006501574688303036,0.020693257908003027,0.027903124769270482,0.007810272439553012,-0.003142571643890979,0.021525529696121648,0.008224602140188608,0.00791723868187355,0.06248172039245192,-0.0014906916451880026,-0.001943716056026723,0.010757012273994171,0.011888195377661281,0.026097377360250196,0.006613271811494625,0.010730051504627358,0.009996531663117425,0.058346120085803754,0.010994900438347388,0.022855024569965465,0.01626017001764679,0.023800734573864224,0.028916668593954364,0.022044165314860198,0.02747180147934536,0.013261520244412628,0.014985603640650158,0.027395999222094902,0.026169240167978725,0.019548916912248693,0.034779478328266,0.09480026061043345,0.03893141907829567,0.03202707026373153,0.01721043895736485,0.026881828198452418,0.012969209176508789,0.022461814858655504,0.006857692229669254,0.03800942735103807,-0.0016334904740992195,-0.01573887828406595,0.01499218474316888,-0.01641952358796195,0.02495092119962905,0.02773079821734825,-0.03323010948471605,0.06581497359507305,0.004106083178567088,0.002569690776756728,0.01491278221304193,0.029387850335446553,0.01955466198828959,0.02515724829656185,0.014164002838827017,0.02037443620700108,0.006904338450408165,0.032633507876192125,0.0015584015925043104,-0.0048868490161987355,0.004885687883221079,0.1566534802452464,0.020175860235916554,0.036036001204980295,0.02076953952188032,-0.004658920651873899,0.036087792699942556,0.040683153029657415,0.016126307340012414,0.06093333999236883,0.03316186468961213,0.01313202685166237,0.014206227856542242,0.015030344160738451,-0.06522301562143629,0.004750895653865106,0.006271582526413466,0.06953078039021388,-0.01073658710030334,0.029597824937332096,0.03635482343172125,0.02402610716434639,-0.020166218858628016,0.03770834690070224,0.019230716590440178,0.03428569231580436,0.00934815766133612,0.027606431471701276,0.019960571667917204,-0.021165897386490995,0.008754522155300037,0.0162145460829084,0.03132042255445877,0.022602962783622615,-0.029555746971804076,0.027576433067270978,0.05250326534641281,0.09920634995722666,0.04217163716070016,0.03333335452609587
2023-11-03,0.012861679991238661,-0.005181130764130404,0.03445499544544117,0.0038386235328597973,0.011998620146412176,0.01306094920492118,0.012628506288520525,0.013921241722213873,0.006635907937775798,0.008867482005732397,0.040990430250297694,0.018012276730940746,-0.00023981624697455572,0.008859606910930351,0.007314084270211518,0.004928878133330761,0.006757716676887737,0.018404874075335753,0.011671050870150745,-0.0036774184379843033,0.016000007180606568,0.008952462221799129,0.019822131677002197,0.012265985440531368,0.0022669917306361587,0.01373176483375671,0.03038045592670935,0.01732766539167363,0.007091432450089474,-0.0009294266293534692,-0.002308227584605471,0.0263973535972164,0.0034315520149057477,0.02178411774875566,0.012505494466023226,0.021007885838537632,0.004431773557550978,-0.027280723016471664,0.019430025715254207,0.017453488716050902,0.020696979904371693,0.050439253119082705,0.051754482048124384,0.030156199222105773,0.02975931263997822,0.00032906314849223683,0.061818176533752656,0.018888432162927016,0.01440062595996272,0.00501007274146148,0.028557929607059496,0.022298591111701516,0.05507029119411255,0.05030672817404258,0.017184537924755272,-0.0010240015707997374,0.02578435816445901,0.015027631053608381,0.023790353863133218,0.040461204116729155,-0.12345894411379099,0.05353681397912946,0.024763356260420588,0.038451112632152507,0.01097891617293989,0.009027106670880913,0.006057589221024839,-0.007161977791425689,-0.001002361722005074,0.023507498794037573,-0.017871451181779463,0.008425153069978375,0.033501800647281144,0.018152271637364104,0.08844581111128136,0.04539314729442512,-0.0034278781498444655,0.044926024209415605,0.03533572851139666,-0.0034397883789701877,0.0102120172361988,-0.0069835784812943835,0.041162530312308876,0.013499823726911497,-0.009011537875240339,0.0032627137770531167,0.03158851968233001,0.024313414578430503,-0.024807057064003657,0.054572049836093095,-0.0006550010762605973,0.032539685886919134,0.04902733929414471,0.020524482887865902,0.042887493469794924,0.010254572088068237,0.041510742419724966,0.062274416859998016,0.028372121411700535,0.06451606618171479
2023-11-06,0.01057259386447873,0.014605162299448304,0.016575985279412953,0.008225103459209127,0.0038143091741018598,-0.0020958621485567264,0.008907775694156683,0.00828412879883822,-0.0031369449915676917,0.01590298185398442,-0.0044543429844098315,0.005504683512460806,-0.0005395787607966884,0.003175742731054365,0.001248350926559949,0.005282071361251139,-0.0010170801389005613,0.003430418956033021,-0.004981610638424727,0.003991876181805409,-0.016674414442206964,0.004364941755646168,-0.018172108135383613,0.01100571178359,-0.0045238377773489935,-0.00788404386399133,0.00468443550996378,0.00783808126604435,0.03941580468408401,0.025412007571474104,0.01898634871702143,0.013443713910418875,0.005608479965490076,-0.0020842713705513383,-0.008427809265135866,-0.00152117563959131,-0.0055153446309594845,-0.026813940015721793,0.004098864593993223,-0.007736446990070034,0.000921739971613933,0.006671669767795985,-0.009381836707839097,-0.0007318316122062463,-0.0077560915387893115,-0.0006579098031133102,-0.03644815103513788,-0.02638145423335525,0.0005015136647756879,0.0034212970053610903,-0.00495392039236886,0.006885155488780992,0.010439128906073902,-0.0023364277737289996,0.0013133355571437466,0.06543097020652011,-9.159045888706974e-05,-0.00043545520641807833,-0.009755810746427729,-0.026882852156720927,-0.007527754983382873,-0.03730129773949997,0.0073402011517396115,-0.017139834533077214,4.907589931968381e-05,0.00433300765381861,-0.0058956499436313425,0.0006011559209042616,-0.018060167728030763,-0.014628462515413387,0.00932463143068829,-0.0048201003159934475,-0.00670676762582556,-0.010497187161216393,-0.07042434116393481,-0.004523113033654602,0.001407191503650429,-0.02035913724169025,-0.030351021891544816,-0.013313631588852348,-0.0024692651784273822,-0.012091342628423707,0.00015093008506306127,0.00754314199189321,-0.007104291269004248,0.0008238767037944683,-0.003486954377505014,-0.029597020411229358,-0.01893720158456791,-0.02366719187363131,-0.0077010882419564775,-0.005475414754637753,-0.022516530956792513,-0.011688875188546333,-0.031360146038949654,-0.032683092831565896,-0.03489567135606031,-0.02718781954570426,-0.015377663645504747,-0.04848480411432454
2023-11-07,0.011219252275251446,0.014450770844278482,0.00445887080894436,0.02125376487729147,0.009563076782731939,0.01928861403986648,0.005527840466050815,0.007227059492563193,0.013271256198382764,0.0025446846168850623,0.015212500655411132,-0.00029904054315865736,0.002879398538250033,0.03492793275025852,-0.009414789330868367,-0.003002436567147604,-0.001425216915280525,0.006587183469666469,0.021607369653204422,0.026793153135926673,-0.009891619830460718,0.009831895674063729,-0.006169516353283888,-0.00630429683449607,0.0051575871940208184,-0.004746663411458352,-0.0016455721365966625,0.003458292801614471,0.013619695444334612,-0.01946808786682641,-0.0019461505381389577,-0.003364399483110847,0.007753726153644225,0.003222493659548631,0.0036635405601723736,0.00853948981821584,-0.00653190514276103,0.021434606882087204,0.018532854078090022,-0.001772723516698882,0.0158545517369586,0.020909227579510636,0.005782749884657656,0.017472255042400686,0.029874728919171645,-0.0009874516170367276,0.024625570848778366,0.00018312223409133743,0.014555315056871576,0.019359910300469574,0.00104198604872896,0.01641137828181871,-0.0028500151256077855,-0.0011709869501473902,0.007670876903664192,-0.03896416643591316,0.014011619429212807,0.013504659855051449,0.01643641752137115,0.0036904904790235893,-0.011576807066311923,-0.001459987107831462,0.008351107561470839,0.0025292173198219192,0.014070327399480442,0.005887668146205893,-0.005047337865979884,-0.006007832905951305,0.005108978726566793,-0.0013001461095281108,0.009328199259615477,0.0009687015599180171,-0.0054859953543220374,-0.006543182922372548,0.022061939420257026,0.011813626853567571,-0.0068696708890191305,0.0029688359870272407,0.28472649940374684,-0.006996471166770268,0.00355837734876685,-0.008430161787567059,-0.007694661219423193,-0.01440482080574712,-0.030910076096335226,0.01031153289713238,-0.012146580111617511,0.008606366690823153,0.030999651566810726,0.0030968395681110206,-0.012054153330291695,0.04844924518139826,0.05052266004763273,0.011653221951292592,0.11039567253679716,0.014809894808945456,0.014711128287691722,0.013973786032960511,-0.005512211148833601,0.0
2023-11-08,0.007405801006225898,0.005884897273828127,0.013469704288611384,-0.004414580990635519,0.0030110765730642086,0.014824795003468116,0.006642705268983251,0.0064954731872868265,-0.00031502415940676265,-0.006809415014688569,0.0012340184523080833,0.004693883283127143,0.001256171330707323,0.0001879448893853386,0.007603447381124395,-0.0024468485884004965,-0.003330425317081609,-0.005467227099366423,-0.02192422694821372,0.01648154770465826,-0.012369182836330816,0.017567307308274938,-0.009345761316683965,0.007930450851061144,-0.0027270794035203494,-0.01066398095844423,-0.007142915531078153,0.00985560806532848,0.00280227956457213,-0.003410465419489417,-0.009629389149584444,0.005979964744956545,0.014533164128409659,0.004758807024289213,0.007738338382650811,0.015980300172822925,-0.033618646122732465,-0.00413086579823263,0.014308073435194357,0.004683221197503862,0.010522989847098874,0.0025601058084057104,-0.011123007701256848,-0.009871455881466873,0.007641927719062469,0.0006589936577359179,-0.028245772358983845,0.008237246094474182,0.0018052145126026264,-0.0009336792750004319,0.0015035537218888173,-0.013186205102266313,-0.005716321854965067,0.00781558271773708,0.007888612825423635,0.010928485263850485,0.005193087248234196,0.0019342393068777497,0.007890483349332067,-0.025527894136483043,0.014539604483994717,-0.017995793922090386,-0.0030042443616447034,0.0006639629979925399,-0.009789909761095505,-0.01566755395242536,-0.008877577194524977,0.002417588878468546,0.0040663819367687815,0.012450611287017965,0.013507547222515237,0.0016128786148563723,-0.010042420298722599,0.001210712350958154,-0.03149616085903295,-0.008981326093272402,-0.0012576926628997676,0.014671807392834468,-0.021624257832335125,-0.004026166095981942,0.007785475980021106,-0.017759255524044115,-0.0038011253270506806,0.006153840285081147,-0.003543973116411525,0.012093108777844197,-0.05667520921116209,-0.00823357824297788,-0.024870044880097475,0.01823993921608591,-0.012535516915373246,0.014995083338415371,-0.023032983037706622,-0.01341017075073947,0.0027097332994947543,0.052141394679722675,-0.03318779957867091,-0.19035315275620512,-0.030023077597374992,-0.006369471245302294
2023-11-09,-0.006910819607005569,-0.0026245050529877245,0.008073195011089496,-0.010416636461610618,0.002407871088283109,0.0002743845539716627,-0.012135853224889193,-0.011781420757518868,-0.054612601186257326,-0.007243796602263708,-0.0008803457817150306,-0.003435245668079845,-0.0073480837088474305,-0.012933329954715078,-0.003263138600495319,-0.018867924528301883,0.001704855435355812,0.00033317438231517116,-0.003164528947236067,-0.0150082828251199,-0.01541424331869834,-0.007349355820519876,-0.013427881365175143,-0.03366761281653363,-0.01989709252339633,-0.005091552736796401,0.017847273620829718,0.0041384734010552204,-0.0033373983828555165,-0.02225696180242831,-0.027382404821865713,-0.019846592850021327,0.0046124204569286675,-0.010538148959238769,-0.0011590003701947849,-0.009331694536932056,-0.0374839295474888,0.0062634581689364754,-0.0019558839639883807,-0.007868054301804817,0.0001950792189451267,-0.012038300742865715,-0.018985739893827902,0.009398678686178608,-0.015838659109618236,-0.006585471103480622,-0.018188058409283614,-0.01452438317289162,-0.0016691732822524674,0.004559928505436073,-0.007044612619877322,-0.01647125264209648,-0.010420374019896594,0.017642493507323387,-0.002582881326115505,-0.004538727928475872,0.012803193021482917,0.001501494989875285,-0.010873242544039097,-0.003880989672928825,-0.011345610877353751,-0.03184055499980076,-0.003420459042379531,-0.022027649265721427,-0.007470041906912028,-0.011662150106750868,-0.011388347693809364,-0.006632421409411671,-0.0021936762926085818,-0.020994577784291035,-0.00026309871011387376,-0.004830905707438382,-0.024003434154202696,-0.02181488655215369,-0.025651728281463337,0.004790299803407727,0.008814694937098633,-0.025748336803527394,0.0024002950124177858,-0.00833759009065449,0.004283291533309752,-0.0025004769288715645,-0.01327831443470573,-0.0037270584090525194,0.005334809766574189,-0.0021609021596802336,-0.030385465366388753,-0.028679268315153328,-0.020861986925610143,-0.008782285468149298,-0.006431974548712582,-0.018739995630071005,-0.04168236637857381,-0.010107136591825605,-0.012782431296895602,0.0198648224664848,-0.033604279077332544,0.025531993035336376,-0.026190439860026005,0.0021368011215048277
2023-11-10,0.024896756010826637,0.02187374680264753,0.02949948051867013,0.021052569890351647,0.02564343014735071,0.050626538218128125,0.01804354073718084,0.017996773280052114,0.022240205086035525,0.024588519015202204,0.04493786739024341,0.027783514897087747,0.004573871509905736,0.03371755599062376,0.022660967575327762,0.01134615678053641,0.004901635398562476,0.03422148761506594,0.028042364938773545,0.02788906058594187,0.025195664197284806,0.05245508558276213,0.02736091332481938,0.012307808945119847,0.01868574321563643,0.01649615722401676,0.02433058207085015,0.054086030790718054,0.02125064628822737,0.013782962453037895,-0.0016494730563949567,0.02054189968857778,0.008696809039141495,0.0310536844957634,0.002610970391664358,0.05501685370100429,0.012536606694147245,0.04501421465762112,0.027040408771340285,0.04260085629745847,0.019925853415195816,0.006554039254794253,0.0246089919675736,0.01651322971318514,0.029094166552614986,0.017567142370077615,0.022766663428312572,0.009027297153398006,0.013584563195615296,0.008260531144502536,0.026517779603145497,0.03515774565249741,0.00363102653583125,0.0405791043114363,0.014536890025599991,0.009450380631722544,0.0202262036829417,0.04369246038830177,0.028825529443022857,0.017857159076093643,0.0231528401101877,0.03478058066796419,0.007845052406027397,0.05237450163074442,0.01743820918300054,0.0182313243465293,0.005694988349028041,-0.0018209824552872789,0.014882415652322623,0.023832862056903048,0.012366284017033546,0.0022653623200123985,0.017713352769991975,0.013227528597497429,0.0077686793113458386,0.026285284106224438,-0.014354785793635694,-0.16664491380303625,0.03412150109150658,0.0045859950363256186,0.011271863618736111,0.0136907369696877,0.020108204047650347,0.015203828148418808,0.012382134620134044,0.010318440236863013,0.0006231889314580741,0.04708622923301875,0.031901176920321905,0.02489271583578101,0.008517887453174833,0.02542470073509473,0.022830147924811417,0.004136970497122805,0.03169915186344263,0.010661546476942618,-0.08048233632620772,0.05082984996546891,0.015158897524550685,-0.012793164615673813
2023-11-13,-0.008088350808409972,-0.008583642151914983,0.005896360954850799,-0.006756765374750118,0.0012775297069980152,-0.011059849026084145,-0.003771023559920761,-0.003132911954304207,0.04220830689495392,0.0019233181330635674,-0.015178307428517557,-0.00585814143277863,0.005092296386531858,-0.011519949407512775,-0.00022508087913886143,-0.006845419458205604,-0.0027098021464022626,-0.0028983223009826364,-0.016212070463720307,0.006220533449720511,-0.010021430934728293,-0.0062383012231740365,-0.008968050155065521,-0.0023193861915007385,0.017982705422052936,-0.0010712452457771748,-0.00769641489327455,-0.01750725840454459,0.014631299790359709,0.014104160624474726,-0.002803702690477361,-0.007859672964945164,-0.009365833682876135,-0.00963326132516984,0.0026041709783450884,-0.01123069723912029,-0.013040014326218485,0.00840205486555301,0.0078060013098035785,-0.010101701873622693,0.009099269402919052,0.0017425021992933942,0.002837640242213224,0.0005566832335721639,0.02368707255413982,-0.008143322273196696,0.008463817072240643,-0.0069381242457405845,0.005229885215277452,0.009835546323520239,-0.0033990827611215524,-0.009803406273130477,0.004703367257089086,-0.02142069190452367,-0.00029009843755201103,-0.00041057258554277887,-0.016129696724843212,-0.008003270948328423,-0.0022793984393834066,0.04572031135391774,-0.010232201119368178,0.026294676920833204,-0.007865087215614408,-0.012119582795262263,0.008001540965385967,-0.004126009467032454,-0.03449163977394998,0.01064160216824206,-0.006165621433653623,0.00853684969169577,-0.00823006970224871,0.010009731358222584,0.007048410771362423,-0.008296512815059498,0.0022840260634482412,-0.014061553360022683,0.008390099879006963,-0.008592454825845142,0.005788697204903492,-0.015977708933279877,-0.0007531714447583937,0.002980064307312791,-0.0040939599023529505,0.0014173149447394007,0.003785703772206883,0.0024376995288906134,-0.009786898945460809,-0.010834012426470307,-0.007090589639828004,-0.0017152658662092923,-0.015709464412000163,0.01788165563795463,0.003078696241176404,-0.01595371375887178,0.0028655218506465907,0.014944491358581224,-0.056724628192089455,-0.0236919810865579,-0.02842004557240163,0.008639300402664807
2023-11-14,0.009790543279149855,0.01428571074703422,0.021308072997643368,0.02251214528584833,0.02162883156955786,0.0274888634832664,0.011583002662692854,0.01339414317800025,0.06123998273248876,0.021738767875765896,0.02645771310615519,0.009063917105740282,0.0020265621340658235,0.023698190192006363,0.010031293972795563,0.017997293412741477,-0.0013586862163522673,0.028340752357489007,0.03086582054159126,0.043857392567721254,0.00915876688467776,0.028983546004269112,0.027832986182882102,0.012486356975444757,0.032356215574141034,0.019998987165223525,0.03196040958361346,0.031911246110360336,0.01740506081423998,-0.023672545399647582,-0.0037655327651989756,0.020191250070113576,0.017980967332372755,0.04054844732481233,0.011543944980287879,0.03254141493877194,-0.0028026035448734943,0.021632037440498797,0.029528768163293417,0.031790403811070345,0.032886233975496726,0.01620430823647001,0.037887504968580066,0.023519264268773155,0.03488253519426365,0.021674871293119624,0.06319763896655428,0.042103345122728175,0.019150722811375198,-0.013013054421932568,0.0308094487571573,0.05437136578052204,0.00252069476666672,0.06697844649685547,0.014893640632555716,0.03943473031732814,0.027043725296759247,0.02792715080388386,0.03455494667267622,0.030808325636061618,0.020278339428127623,0.0436672156057456,0.019941177094108475,0.06081957538069549,0.03201586463187844,0.0353443043949806,0.03185826614221621,0.010228644266529807,0.02280349805951909,0.050556175237617795,0.015548556316399509,0.019181536475389338,0.0314240377247994,0.020742581628945267,0.0554052049618774,0.053610074492737025,0.008320291799784219,0.06571065598968184,0.0457553634826513,0.020360848738696813,0.013265072827715496,0.006195543252659252,0.02588302284322963,0.03061756595645182,0.006672455297106028,-0.0018867005937115433,0.011995140001225701,0.04966237783668381,0.06375687894289639,0.023848805640571236,0.034837802700349974,0.05006453533488364,0.07020908828737227,0.03964009320828277,0.05238507746387833,0.02205341887771195,0.050651976526230325,0.05561164994618828,0.04561229909836406,0.047109162012314076
2023-11-15,-0.001620373251247642,0.003040930740533243,-0.015466394219310842,-0.017832688951265996,-0.01070442784826342,0.0025078136678824414,0.007483909867853189,0.007014784452551659,0.022871793909364557,0.010121939112161638,-0.015682326463886898,0.029622219381971515,-0.005115701666939421,-0.014925652004985634,-0.0025015101575098786,0.002068847360160442,0.001292445741826187,0.012248724490560026,0.030449144064593314,3.592759107151622e-05,0.01576307294599677,0.008372230469903874,0.012939388622538184,0.011147359040417637,0.005486613162011267,-0.003627010205437764,-0.0003887362966006336,0.004288323227411794,-0.01659994694836142,-0.055710272169438024,-0.0016631060903580241,0.004071972645730337,0.00017363312750551252,0.01802002993156049,-0.001569195616918151,-7.32950043356162e-05,0.004282651092028633,-0.019106407686171334,-0.016718680111362683,0.0038347477213140913,-0.025053138781437223,0.030810794314822587,0.008416605951937939,-0.005880620862902752,-0.01769489788416645,-0.0038573075178105487,0.01318286860054263,0.027699359322001404,0.001280806958637859,-0.009786761314953152,-0.0024263948951801506,0.03006824685055043,-0.004669578570499766,0.002454837675698096,-0.007280364466070388,-0.035804607172704395,-0.0039153414907433515,-0.009458591648123571,-0.00575082810310068,0.007200664595687689,-0.005066218298505287,0.015690054246956242,-0.006650655534923833,0.015009857763603751,0.004322301320333954,-0.005162651995191392,-0.011368102844351635,-0.0005956062142074003,-0.014590153928662919,0.01389102379437257,0.007569217592021227,0.00031368347381088846,-0.00955549716319859,0.006653191085695065,0.030364373094903696,-0.005801253806283269,-0.017125988343882237,0.006210347706595787,0.0038525574323300393,0.0020206621886611487,-7.445526214833187e-05,-0.021173726428977524,0.01528653087974341,0.002105609452262902,-0.0011527641108891595,-0.0011341858154664264,0.01939985120546539,0.016723816241515532,0.006015093417471418,0.0021145360732028884,-0.0034825719258647636,-0.013522897155482383,0.006273498268104305,0.017222193059702295,-0.013047747655059672,0.003520264448551913,0.027490002706952232,0.011494333721897787,0.021811241400878423,0.061349733931684414
2023-11-16,0.01758324928692301,0.009042137421952035,0.012109276000304536,-0.0025837648398919777,0.004448351490303759,-0.016249780832858884,0.017159394164164787,0.017011233189375474,-0.038090924639652135,-0.03049701952740358,0.015508490093683713,0.010845585442149419,0.0027504138347813623,0.011338630339960964,0.014003760765828765,-0.09834831050720005,0.0019701667862388472,-0.0017064941345625861,0.06747101262222333,0.0025381326915379088,-0.002821512704655471,-0.003604283814074738,0.00013171971491465762,-0.01476027834785476,0.03659372123885829,0.006119776541457567,-0.006092834125251412,0.0036394582869891945,0.0025730510317745203,-0.018148498323559914,0.00524997238559366,0.011128928782051295,-0.0023865444577578776,-0.005199703771177955,0.009001355937154898,-1.8353071464805026e-05,-0.006929694377886597,-0.05418061527384699,0.007802472654850456,0.004233031146294142,0.0045147735086901175,-0.011973388735460833,0.01871685493472741,0.012476982301943496,-9.78462691703097e-05,0.010971286063214514,-0.01612783191104228,-0.02454936146224518,0.01132960367968705,-0.0013870143874132879,0.005085757096602306,0.00024908120427302727,-0.005774083460788226,-0.04390411757782131,0.008101617769095126,-0.002623163377554749,0.0019005764409589787,0.0018285280446119767,-0.005043710771422849,0.026050298862158483,-0.012534335823196519,-0.000735680133718053,-0.03081390382519633,-0.004121167732007547,-0.027557332642658805,-0.012290762798530364,0.011106735759560005,0.00744934415285714,0.009149879079619172,0.013201357308653794,-0.0055489288822409,-0.0034493165603081133,0.005592862760819051,-0.011374520906550334,0.0026195753979552094,-0.00024318346634377708,0.010612991566757657,-0.025716383857749103,-0.0029239737544372035,-0.004789479089457593,-0.007661971549615676,-0.021118129712543343,0.0010232377002925563,-0.015576483147409004,-0.04096936454693423,-0.0010092528750199614,-0.0007403133969015041,-0.023478113783633847,-0.004377574696542985,0.010349319295608783,0.010151449638917898,0.00877760694959484,0.004987509482383468,-0.04228440212975271,-0.008940800265172855,0.005911417745077419,-0.04961566648250093,-0.022727340459820944,-0.03712293574863568,-0.011560682489023755
2023-11-17,-0.016800933350932468,-0.0001054465855937492,-0.0036782070564684854,0.016453061783939793,0.0025434815443488024,0.01894637372420438,-0.011830827458110482,-0.012689218064602437,0.0030395424675642158,-0.002471555590484842,0.006592680492829794,-0.002227237429561879,-0.005664612539501457,0.0009965378672731617,-0.0012488301558107873,-0.005828530155244871,0.0014916347719122758,0.005982939321829139,0.010611370596576464,0.005763463268058544,0.00023575386864371772,-0.04017829157544506,0.01797350542174736,-0.01342001989428443,0.00437567533756078,0.002621781670587353,0.011608183264688376,-0.00014273254752583675,0.0020454486932894866,0.02186588921282806,0.007394499724953318,-0.015297074933805832,-0.002261773146788215,0.017849236984169625,0.0001415251550158647,-0.0015585848626907817,0.012479875832929421,0.021832411141170294,0.0024932365908871823,0.007666708440254855,0.004794182651466583,0.01857583739435764,-0.014664385772577004,0.010261251334619637,0.013805218614810988,0.00925633310672036,0.006889473827938142,-0.004927820851825526,-0.00988369419295887,-0.0035391336083376856,0.004949916732098325,0.0006972081051828116,-0.005626090148429852,0.01683135723034823,-0.0007236810140553995,0.00016441417573753725,-0.0012502405257522886,0.018454670899786585,0.010743175112519543,0.0019089871532409486,0.016660059164882446,0.001472363281469491,0.07215984759244831,0.01667472074151477,0.005139439584046501,0.005304269353774371,0.00012925997138135692,-0.0044366021823768476,0.0014836820444161791,-0.006321815777529882,0.008841950366428986,-0.001573352527654004,0.015016711047707298,-0.01247424929235219,-0.0014369772170640394,0.005958238155304274,0.005172382763379835,0.00256407482836174,0.003848956729965547,-0.013424487979790234,0.002248898541859168,0.02393438620645494,0.015332876327275535,-0.0010208399903056664,0.014139512102080642,-0.001810178611012736,-0.006362793825277713,0.008206157534367708,-0.008096485291345545,-0.007293019228016395,-0.002306414956981584,0.006928824769954378,-0.0019496065087580838,0.01143362433289763,0.00899581035318242,-0.0029706599660039856,-0.009243668924657666,0.037790732059648224,0.022650569318288793,-0.009746625656812946
2023-11-20,0.020521822935339662,0.009278267089376957,0.022536380997140615,0.0065436854591447435,0.014714638699993454,0.018389577759788223,0.006947028736728811,0.007156387542481379,0.005548455120893081,0.006324115437076783,0.00754432110755876,0.018372641693269465,-0.0014391355377812998,0.016659541880827966,0.0009561246596812012,0.010678437063523338,0.0053482719533222145,0.0003089000212848081,0.02122803643057547,0.007747834660704944,0.012258380014366743,0.026785187996624327,0.005950059487765724,-0.000150753768844214,0.01985062101292412,0.003085593416528143,0.01366690589678643,0.026858378555129514,0.007237043746511462,0.0180884346302157,-0.0009844821785754965,-0.012029900982643227,0.010113811981305787,0.00420652422629697,0.00396441200028308,0.024259048932478766,0.007289636501047303,0.05242542581815002,0.012603294560637801,0.011980892275608834,0.007380665252971097,0.03152407473135943,0.02347375016186115,0.005783167695474933,0.0030904408757832513,0.013915260037301369,0.020055016844370943,0.0079589804678597,0.005237615755952829,0.010386658082064848,0.005253893655126296,0.011943833320019026,0.0005475228836575585,0.01439365258555192,0.0,0.004848355050158792,0.02313735873961842,0.012544747871456652,0.01090505267206443,0.0380108394528873,0.01268048277726641,0.005460428696168362,0.004735175569640093,0.014126664939785094,0.014534570815676995,0.0059264695007748,-0.002584273805653181,0.0038621826709612783,0.002798323768647082,0.019927085306400638,0.010636487710227849,0.0015758318667047355,0.004520573028146346,0.013146885433107824,0.03296698799817621,0.003263587962175185,-0.005301673981788713,0.012336387539719551,0.02035782096860439,0.0033376396808424413,0.013089005534363984,0.0,0.003883277393948781,0.009057607263889711,0.004746361665901366,0.00910932737258996,0.009254388641892763,0.00928175834941003,0.006000327463056232,0.009951282546453832,-0.008256274581600609,0.023950527892076412,0.0374710840737984,0.0052173780358355515,0.038311582002550804,0.00965091974256449,0.03488126512057099,0.0028010955055404185,-0.008953752726533426,0.01181101253556105
2023-11-21,-0.0115779861406341,-0.004230856994020926,-0.00922453119535327,-0.015260459261028925,-0.008794864910548261,-0.014572525580166862,0.005284412629013691,0.005075383972850123,0.023769060694616817,0.006026170925553798,-0.019501317707502852,0.0010116782622571208,0.0076867568247387386,-0.0027909612185195165,0.008915704671879743,-0.00973692181988639,0.0007407448508522929,-0.01922629889107208,-0.024586550012307806,-0.004109844684178521,-0.007918028958119439,-0.021760550336499485,-0.013565646788154306,-0.009534572154145327,0.0015417581806842495,-0.002919695253824517,-0.02429411848618146,-0.016380489323452263,-0.004081740887188934,-0.005772888632817774,-0.0035053109965151874,-0.005848519582965506,-0.0021578696884568815,-0.013981107723958552,0.0008461085248230305,-0.01265799651921784,-0.01723680998149668,0.013278548404740187,-0.0021052123787118626,-0.01424437885557428,0.0005180930561978769,-0.012123273751516783,0.009102618994236034,0.0011113051801212581,0.006017426590811281,0.005926344933574246,-0.0222050680122009,-0.0278996333700523,0.004356915369071235,0.005088892999714378,-0.004464242694505516,-0.01426179772161229,-0.000364838706220616,-0.03015254932126743,0.004631143936986382,0.0018809564869943785,-0.0014345270042642744,-0.003933076779618183,-0.009239867125601764,0.0,0.012906992595107525,-0.01201045980030191,0.009966843992283314,-0.025970923999755424,0.00417660320361235,0.00648821920705589,0.01101176897573386,0.010654057431118025,-0.0036112510278768495,0.010107201601345261,-0.00345201687549912,0.00409059653737609,0.0006817867327817417,-0.02566214633749908,-0.023049641792386,0.0034939869340644414,0.007681421174744907,-0.02139994682440205,0.001431543946631253,-0.0051177265498622004,0.004503511436656948,-0.006788329170838492,0.0064469474006829675,-0.0018413236289760437,0.0011810131912843858,0.0021313712363661974,-0.0023466745673830225,-0.03239956006847455,-0.005534652044685839,-0.009555662693784717,-0.0006660158943174732,-0.0031256828637747924,-0.033036572252144625,0.004065754558018719,-0.005151923803157765,-0.0008981228205227065,-0.01680155085947732,-0.014897565253434997,-0.0023776102128675314,-0.05642022750699227
2023-11-22,0.012812605370184027,0.0035144679557825853,-0.02458753547827308,0.019527539517508297,0.013383521576981083,-0.009376286274535905,0.011097351674924205,0.010099619135680138,-0.028980059381488954,0.008180779388564208,0.02811344722362019,0.006421702736243429,0.008462444237902211,0.014288254485807839,-0.0007040580280729403,0.005857794946930728,0.002018727208974447,0.0037789589798402634,0.0006874147506059636,0.0036464972423004838,-0.002816876436220195,0.0015410098997592492,0.0032588152503960632,0.006734605297717744,0.012763711036064995,0.00559502214335561,0.00508407501372754,0.014264143128939422,-0.004785312982136136,-0.004368870281024395,0.0011266018547786416,-0.0024110328297202166,-0.00025955977526992413,0.007834472656250036,0.007326992167427493,0.006319309327066147,0.013522485926122041,-0.0033707689844869604,0.001202902417167362,0.0005552217823867611,-0.00014796605922706707,0.0008522763476799255,0.019739494955992143,0.013321079561338767,0.003014665976134312,0.009302301924358103,0.017505074882910643,0.016967483769289915,0.0028559343462759568,0.008001296172499561,-0.0020781192253315206,-0.004290563759112742,0.0076642698812035,0.014996336690703993,0.0025229175625398614,0.006040305696400683,-0.010224768648951166,0.004738358470668613,-0.06895757170533845,0.016886967536211772,0.007417257057189763,0.007928118521113525,0.001988942047185027,-0.0006060241239026487,-0.004043010093910504,-0.002790962431300059,0.002690915966287122,0.015519729300604634,0.002800628777736458,0.0012978483353447423,0.00498476119337754,0.015669069332212793,0.0029981088707777825,0.0070069258661540346,0.013352330664331058,0.0067234668320115265,-0.010423120436665378,0.014882359599730721,0.0017868037853738805,-0.0005144150518060497,0.00044096398405346626,-0.0059964710667417265,0.008967932432996095,0.0008301417524920751,-0.009731584129824333,0.0010008987025478255,0.0073179972216868006,0.0024857167782201817,-0.024423213344031858,-0.0034384871349377732,0.006831053720178337,-0.003762548173111613,0.006726805489949639,-0.004307745337422397,-0.0010850593840101563,0.0008989301702226893,0.01865167128018319,0.0075614295163464185,-0.013822641301535432,0.010309317880007551
2023-11-24,-0.0011115877225083004,-0.0070043194552873445,-0.01929549598863245,0.0002044767086364363,-0.009546339105897195,0.007067896211098157,-0.01299734984736256,-0.012855327787701265,0.00529435207219775,0.0038703880552291015,-0.0016325571312481024,0.0032635932188154193,0.0008863839699939646,-0.00046791783555844013,0.006316520417759097,0.0058236016770703,0.0004700293043340409,0.0019607843137254832,0.0066407356923952054,-0.0002835247152204179,0.002354102869491115,0.005753282278112337,-0.0022087725204193998,0.00328808771770972,0.006998169911599517,0.005719963171339826,-0.00298308342530329,5.572160973343898e-05,-0.0046038057857428205,-0.0005379000523644262,-0.0017880943702311969,-0.00638054569346358,-0.002119793412559745,0.002080280761053377,0.0018185044998915156,0.0026526729769114077,-0.0042272088206689595,0.011172652428996788,0.003068171921415397,0.009316596081396789,0.0009616395124005805,0.01072883583653339,0.006885245901639303,-0.00485832001565778,0.005009317535901836,0.002764981711133707,-0.005192174549014883,-0.010294672159812612,0.00014422170936057022,-0.004337087459733824,0.008329703573264347,0.002705648267254279,-0.0009055242783853057,0.009549527554898685,-0.005468425900859941,0.004949295012994348,0.010031615122602755,-0.0015719791180366371,0.0037500961862364512,0.019404276509632057,0.00868414336174994,-0.016151032408724286,0.0008398275609993178,0.009701710655348084,0.007302346655988945,0.0014117828463622306,0.0031948881789136685,0.007497068028987197,0.0014785634001506232,-0.00031357828422851064,-0.0037830765850123127,0.006479453423676063,0.0014945735411970862,0.0015791913007432434,0.00447740159037302,0.011091238188427832,0.013991501039281706,0.006583791709657838,0.006599531894142752,0.008491971466143333,0.0035263811603496453,0.003048788333796848,0.004091435197020488,-0.001520605587309709,0.009231612319540394,-0.0020414343859352924,0.0030270138302364025,0.01050176847056905,0.00576013995322211,-0.002076896489364044,0.001489329010977647,0.012851431788114098,-0.016001404334507696,0.015142338016968626,0.006492716901420614,0.00282269968965565,0.005932837448713757,0.017823690129202374,0.007733196872022008,0.006122394364758144
2023-11-27,0.0031263882009369137,-0.0009475597905649336,0.00975385877188728,0.006746559883569869,-0.01043668114784635,-0.029248015595150556,-0.0020484217886885814,-0.0012299100524089113,0.0026757481035388775,0.0059862675023496514,0.0027798542561681128,-0.0008132123881157138,-0.006199373107628969,-0.00025825863523365467,-0.0034281623860499266,-0.008891652186698629,-0.0012081667401201424,0.003522481003852773,0.0027298168580813797,-0.005034883646696575,-0.011507789041695804,0.003126255368842701,-0.006445668715279296,-0.004482793941502972,-0.009527998132920379,-0.0022749725095654316,0.008325736526357819,0.00689897171711662,0.004881887702947951,-0.008072756725964636,-0.0002755489245754861,-0.004086380365183606,-0.006503078020398068,0.003933358146405164,-0.001954752642830848,0.002357637182452743,-0.006102402510392735,0.011312424524673848,0.0015478944732529865,-0.004051025525390384,0.0034736428524064777,-0.008256072053366426,0.04149134544936506,-0.00679652619884441,-0.002800704109152896,-0.021446043770847023,0.004907726936013157,0.011298441303430717,-0.0002523240985352615,-0.004082386210293332,-0.002826110176418095,-0.002298578184597444,-0.008156551806729695,-0.002320136645549975,-0.0011225990321749313,0.010011285787656421,-0.0032965587983805333,0.007675642178853526,-0.005702505518390355,0.009119136224177149,0.005802009573654843,0.0014923717438644069,0.0,-0.018015853489238398,0.009055965290143186,-0.014023578662996194,0.0005095658028961836,-0.001431002834165196,-0.00016401446330971403,0.0030323564959657823,0.003797442601199963,-0.002145913461566562,-0.03486636449254277,-0.022368981054096904,-0.010188429146270495,-0.00601559499379245,-0.013023258179657216,0.028541785255726593,-0.008416802999196227,-0.0012758162493650138,0.003806654395592135,-0.0039449045533811455,-0.00562036723577497,-0.008260688193983068,0.002360632413558772,0.006095043645272247,-0.013623641749021087,-0.0086604862109263,-0.006993716830682506,-0.002249019549792508,-0.001156637380944403,-0.006111102067226537,-0.010543248074348144,-0.008267995424704355,-0.014201639371013042,-0.0003198762117129217,-0.03752282844645538,-0.00645167244584488,-0.03549159508773114,-0.02028395702120489
2023-11-28,0.010802744284916121,0.003214082048213829,-0.00872688084132911,-0.00473835354015173,0.01281738234503016,-0.004093718101127353,0.005791314895714272,0.0041288812229578475,0.04506946504203557,-0.0015129002809319836,-0.00521809524407868,-0.00035480815361998985,0.0032081348778263408,0.00653993841980971,-0.0050144788465419365,-0.0016691389640164367,-0.0028225682817978326,-0.012558507399977215,0.003402851745708535,0.006842162730261725,-0.005226923732610134,-0.018234865357195873,0.0019658439119933924,0.004730011170263282,-0.01279445881875918,0.006736814238141431,-0.01793316154482094,-0.016693193099618586,0.0035485700485435867,-0.00899509944465482,0.0038341989437999935,-0.01152794351445563,-0.0007418317604671598,-0.0031017429992200585,-0.0006995390236360643,-0.017613784619053274,-0.0054724511843994295,0.03247980360964586,0.0003678751147082604,-0.01799880089565753,-0.003056478031950416,0.18076791164316108,-0.0063281216127836215,-0.013734234110023391,0.0108535188261214,0.0034439167552811067,-0.011162809623304293,0.036886005560704316,-0.0007391199301851614,-0.005797821426181238,-0.008720246795201003,0.001853125865977967,0.010233873284013706,-0.005724502434513834,0.0016571335565476186,-0.005195855585988451,0.006360513880140584,-0.009179711205069552,0.025264514729228083,-0.015616830639294088,-0.017677721125195056,0.005215598819380496,-0.0060263430330455,0.0007338253060926725,-0.018224808218808675,-0.02827038551667027,0.015151546059773313,0.006592133742042039,-0.01722722270577881,-0.018410059837689174,0.005296384186429526,-0.009523734742236,-0.04231096657372835,0.011213618204053866,0.0059186705770422066,-0.007950613452414768,-0.005655052014050477,-0.0023125257474138072,0.02072908982112498,0.000510997906887134,-0.005396661761419841,-0.00019477196769712712,0.007489139943930301,-0.010330392199882854,-0.004415705636992673,-0.003858890770876533,-0.006031686981596174,0.006115290726253164,0.04486466287318103,-0.0087811316915124,0.008602158001666638,0.010108917744704682,-0.009571948519429663,-0.0026643537830617348,0.010798428250965664,0.002623589890005329,0.019968297508496935,-0.014842286769520152,-0.0064644984669128824,-0.016563131463710468
2023-11-29,-0.010060114922162189,-0.0054096576277038455,0.006670714745419248,-0.0048288883967405605,-0.020030025142185548,-0.005832893367674119,-0.016107809797633044,-0.016015014420007523,-0.010457205813430348,-0.010336724997369484,0.015080700808743241,-0.0037787005398617346,-0.010067493438928543,-0.009513560620711403,0.0016069039136548113,0.004179744395344631,0.007885147125243464,0.010427422090252936,0.01605243255303823,0.021519409961453295,-0.005731976830473884,0.008780244989828212,0.001962086747766101,0.004067554739873636,-0.0006110385397886109,-5.152501881333649e-05,0.007488172283990346,0.005067604430953443,-0.004971457961501002,0.011410763478486796,0.009299263637830624,-0.013144908351879647,0.0007423824833716619,-0.002674619227823638,-0.013859692839701676,-0.005611008593826572,0.009663148571472435,0.03988056590486777,0.016055839879162148,0.01718959642162554,0.016585365743680525,0.01964025703265504,0.013523457259565275,-0.010651851341552221,0.10402635132076377,-0.009984390091784867,-0.008466558657341361,-0.008551393698670862,-0.009506554934946121,-0.003570578210743136,0.004068562868424053,0.021496790871364357,-0.010311137977768725,0.009355822704846695,-7.60226438377698e-05,-0.03109678756197154,0.11022621750933337,-0.010053189949441932,0.03124854674692057,0.035472401650505914,0.015343768602881447,0.005506105777464798,-0.008442103436319015,0.014177507534050449,0.02482873505344707,-0.008957615718325096,-0.006396615010127338,-0.0011388696482494964,-0.004340603165396195,-0.008623614409223657,0.013129283080647092,-0.015818923997485412,-0.006164658533348799,-0.005955828945514274,0.010616549345290105,0.004067033175729096,0.01295424201271378,0.019411907735496614,0.021095970826113808,-0.01966293311450451,0.006819127749557952,-0.0012988648606816477,-0.016549793193125106,-0.002774103621444257,-0.01419277192689583,-0.007539520815435963,0.02044762245109255,0.03646894830836667,0.03789607372681325,0.014391386547571328,-0.015909483373501176,0.03090012920183427,0.0020058462809171562,0.043778023017706946,0.03510156249999996,0.002106215512388765,0.05210274219593325,0.015065899165373375,0.0,-0.01052635594418172
2023-11-30,0.00015836757985265848,0.0030627968844576525,-0.02845862455993098,-0.001571972217158657,-0.015201740291928778,-0.016049696913158495,-0.018223621110910804,-0.01818178767237455,-0.016629792613843564,0.008301304739927184,-0.021719780744073214,-0.006747838815207574,0.006759928208110999,-0.01033383231253826,0.005785202072219109,0.006867884210082664,0.006018013227140573,0.008912511586348648,-0.0053404065666102785,-0.009995943889484327,0.006245455557586821,0.002811985586696597,-0.00319836973978882,0.011402882503091627,0.00025739017168247,0.008545267729074046,-0.007432516321272953,0.0027031088701225947,-0.0001887502065553992,0.01085469389912741,0.018822852369715815,-0.005508216632630458,0.003316436091336916,0.003667003143372316,0.008801747525537529,0.0010108768826895265,0.01821075443380571,0.021390718900162975,-0.016707166377304072,-0.005599068756933612,-0.007049171547694022,0.04028791988990155,0.006134439240765621,0.001086533116086974,0.010876996353875734,0.017964062497557887,-0.001106949836551352,-0.006210119074881004,0.007594490384584374,0.008665834055742172,0.005585392069507034,-0.0012235109761644658,0.00804245016942673,-0.0065953465587962334,0.02361976780803321,0.0038148870251069056,0.02743941422555385,0.0,0.02141681758965519,-0.005680871581818847,-0.019402931537996326,-0.010320089900878182,0.009133188563797079,0.005543493201536798,0.019276791540542737,0.013414586354506763,0.00416563779310386,0.000855153299060607,0.005533229953586627,-0.0019710822500859093,0.006768466236040993,-0.005042541749776253,0.01107665057068341,0.0030835071575541217,-0.016580244938223743,-0.010721962112249739,0.007329905975926421,0.0012789020090666625,-0.000685827946919848,0.003125786241015671,0.00509793140112369,0.0040315391315675075,0.0037078507794070514,-0.005705084992082443,0.012297535858897923,0.013304785704821187,0.00870466385293689,-0.0040491609104439386,-0.023523426395948954,-0.018403266645181993,0.014000002543131496,-0.011559235392939016,-0.02292997486326276,0.020392945304637422,-0.011343414949643194,0.007579150901469767,0.003741235153684297,-0.030612238578887174,-0.0020019524071637207,-0.0042553152634362545
2023-12-01,-0.01161223998827976,0.006791305952341675,-0.00010694528381738344,0.006434406632690459,-0.0071220743259523545,0.004612597216617997,-0.005055445371738521,-0.004480218435857886,-0.005206597761023168,0.005921668562023585,0.0018982809556564728,-0.017363991318294136,0.0023769039825993765,0.0023894222912321794,-0.005002723400928555,0.0018602759528916213,0.011964128203851399,0.0048043014531262695,-0.021476489218957395,0.005004698914352623,0.007639047493118278,0.012084374237850026,0.01637089837003436,0.010421292856913178,0.014026560032516455,0.009493674090113258,-0.0024960908375004642,0.008604361278822692,0.010832807995271754,-0.01028717883261343,-0.010864170419823904,-0.0010071107798808043,0.013135022166457455,-0.0016904654288336651,-0.003377397579723218,0.008042313763874986,0.013707611914803852,0.0036260372682832553,0.005025572229188313,0.012343515737779587,-0.010685340606539029,-0.014717838666664984,0.019469810787470454,0.032461775678935156,-0.008270419293794795,0.03405579921984114,0.0687035632908839,0.03541053452377141,0.00903750564844108,-0.0018933461006104269,0.014811594585838694,0.007840017788960596,0.0012692600704893309,-0.05257492067544711,0.004328875224976825,-0.009583638907264436,0.008126522595712116,-0.0017921176901681823,0.029757818147474024,0.009522213776671284,-0.0013318054222842823,0.02766544351191791,0.013498960277059657,0.014621298957413709,0.04433750693783134,0.042872546086594854,0.012067869863537917,0.011677580184696001,0.014173727810891767,0.03602249477364694,0.01598751273859289,0.019005336709567944,0.013876783382139823,0.004348562250123145,0.027413191331672193,0.026974925807722094,0.003096525607315881,0.016179384111000727,0.017586026054084547,0.01246438270201633,-0.0018114630095693585,-0.0009066730543882962,0.00625181100564598,0.007966581168825426,0.0011852123119213687,0.005384596326868163,0.0023923340490996647,0.039955115673084185,0.021785827329638296,0.007226703506359122,0.00969756987357262,0.0025312610899099752,-0.0011174810975670413,0.020713692562861707,0.04688031271893167,-0.0022756044076874815,0.07690048260879645,0.08421053880409612,0.04262790164011898,0.042735105435526055
2023-12-04,-0.014338722536543558,-0.00946461391650355,-0.02683628345293365,-0.014894936132684111,-0.014777471221948946,-0.006483902469758052,-0.01964201672912247,-0.02017703490567979,-0.01360800559009756,0.004746359899109098,-0.02323090624436308,-0.02542190188979132,0.0026675970225236156,-0.01291487505167066,-0.012290496498817749,-0.008665194410252708,0.003612499518934831,0.002159318140284583,-0.03177876431198223,-0.006703643564554218,0.02061129508297177,-0.021901129003456754,0.014238717605059348,0.0003303223852391124,-0.01065994841057838,0.002932560595785505,-0.021598832912643195,-0.016646381629135232,-0.007937838705355249,-0.0015092800255431804,0.010382178686816124,-0.016129017372408794,-0.0015454649548315436,0.001037784317562851,0.0056481435696496,-0.017140206092042365,0.008885960057344766,-0.03224614462607367,-0.027034964414233698,-0.0027159850471805136,-0.02541148497165935,-0.016796326630719394,-0.03170683263005403,0.0015768436208885017,0.01004127397612642,0.0077843805285982,-0.009776383368756747,0.003352840622399933,-0.0057322207022503235,0.002753591072180095,0.0057952448353593145,0.0029171826375034016,-0.0009055242783853057,-0.014962138767851352,-0.007085014186174021,-0.008008000554448502,-0.013557130386156024,-0.020746078064395435,-0.01609387469462753,0.013891228597445515,-0.004572331316294309,0.018430303847069673,0.0038595013560738245,-0.0020081005313721256,-0.012537184735834317,-0.004534914926250577,-0.004719971093399056,0.008445924357947998,0.002466319083057611,0.07047239705328945,0.00209814509419215,0.0018651344950630921,-0.0005762989975057753,-0.006793193077163973,0.0005010762195896135,-0.0005862502706251993,0.0035498645514595584,-0.03966475416779658,-0.0037093443872722176,-0.006668431008918452,0.0004356331284538495,-0.0026577017615508902,0.004800959739484467,0.0001882223625395696,-0.0011838092466271988,-0.014130897442240165,-0.00762867921406829,-0.014559204996111741,-0.0034852541255859792,-0.02687153833148337,0.0006511625480811745,0.0011614186181729824,-0.021816184231593927,0.016409034243250353,-0.028054182074865652,-0.0017739406094351429,0.04144271230914787,0.005295712270143804,0.0,-0.06557380413054315
2023-12-05,0.009156347811421606,0.02106321938149014,0.023203685820632147,0.014084566393959497,-0.005405851284733587,-0.011742779451675123,0.013305493647837174,0.01347312593622596,0.013328802806870987,0.010465978362208306,-0.00160244953947275,0.002753910590016506,-0.007094696420553714,-0.003870628002048626,-0.006566037112807899,-0.002497376353592373,0.007853383012274673,0.006156237557100042,-0.01015349045262759,0.002296454959995975,-0.034122589559489214,-0.014298309266119857,-0.0010799019878202643,-0.006127589988165427,-0.007439736247639384,-0.007108306401345077,-0.008076436488449246,-0.018195621432807285,0.004316514822612305,0.010039041053683695,-0.0029392980719867845,-0.021106532692620528,-0.004385606090079319,-0.014351138834751698,-0.0075821525733190676,-0.004373776884780911,0.00868011663215884,0.021527559202677793,0.008490229032350305,0.006098652694385809,-0.00493403012122362,0.004410872188867598,-0.009395941093250593,-0.03291824758548101,0.006655721955924898,-0.010992244015509467,7.486735866479854e-05,-0.032247290800020756,-0.007152456157887177,-0.005339598621298958,0.001600528424297254,-0.002181486091260121,-0.016494469414797597,-0.025187417820995872,-0.0022543492736958326,-0.005129504034173893,-0.00542304230167967,-0.0061112087212884525,-0.003885954633043087,-0.008795677725955131,0.005167472875859724,-0.02160431056134382,-0.0030907532769300916,-0.01112551586907784,-0.008312390417284599,-0.022555051966396622,-0.010233367314750996,0.000558360076327924,-0.003608351915669994,0.004529581157585172,-0.009180217320396644,-0.0062054224567195115,-0.020758287219142413,-0.08703717862653315,-0.019907398430046963,-0.012671615493569321,-0.01553359826178402,-0.006253640078774936,-0.0009307887127052439,-0.005938537179312586,-0.002902402655751035,-0.024112873385869316,-0.014474513149018486,-0.01030104599498427,-0.028148170753761526,-0.002925185705454414,-0.014086316054630954,-0.011217506319299297,-0.019184261009354442,-0.028761282901464402,-0.007158002808987374,0.0032785694203729676,-0.01601220295935002,-0.0035875766658344244,0.02517617297209629,-0.0050774502675421385,-0.022564231977373117,-0.045654121342368126,-0.013468045902604309,-0.010964849676561195
2023-12-06,-0.009986044589318954,-0.0056870585003612195,-0.0228278245913639,-0.016067541747663228,-0.0026390911286555685,-0.010381965699407747,-0.007405154439464101,-0.007251353714729736,0.002722829646282676,0.003436057113623381,-0.013177881354856202,-0.018499358503938024,-0.002560485460992745,-0.010826539824777548,-0.009060087756639579,-0.0047986551381575815,0.009740259740259827,-0.006042013660671586,-0.015505671268448817,-0.009706615383104467,0.001922567055611113,-0.009921293252117436,-0.007631141165292177,-0.005611507516785963,0.002390865786443319,0.004265023360784159,-0.007599473055161843,-0.003256188833737683,0.0006321422829667078,-0.0019483339073780304,0.018089871049202344,0.015490848998919393,0.003411679708287929,-0.0003321572107174431,0.008630455683612759,-0.016045260745996104,0.0043027585640247334,-0.019058633088088528,-0.015344181368891374,-0.0035275828311003288,-0.017163781088226693,-0.010246766707846744,-0.009686971994469218,0.010211592900549515,0.0018830687782713795,0.006908967735385296,0.011966126425754009,0.027796972742564652,-0.00027223707884516113,0.0073929074721057475,0.009055059648989339,0.00043723624879765666,0.0007372081969170274,-0.005325452735713498,-0.0003174047076417441,-0.048009470225563344,-0.001643271681202152,-0.02234064628273047,-0.004082530773160675,0.006314040208472482,-0.01313782598429103,0.006390584089666307,0.0014366846243589748,0.0008378179804595653,0.008185106716351864,-0.05547251303851686,0.013239226882866495,0.010044659844276493,0.022716066964859838,0.005029357915346422,0.011215842353296201,0.004995312316887324,0.0017665647879128166,-0.006641006999697385,0.029637196359254325,-0.004278082041874409,-0.0065615055401607725,-0.0002927597237651902,-0.031845533547463,0.023636359673041785,-0.0020375402636276796,-0.02444221324095064,-0.00014251400580866935,-0.003897187918572409,-0.028658495383343974,-0.015674792110195845,0.018730616612717688,0.01604875043857401,-0.010382777971813195,0.009775525812744768,0.01540230149447619,-0.005027399233769603,-0.010461005656792643,-0.013541040450898656,-0.10664790870468377,0.0035724217721786466,0.019953433114834773,0.004599833602692893,0.04241827996957537,-0.004434691075089092
2023-12-07,0.005829784395951387,0.010139334827264257,0.02402037822803549,0.016329923474831087,0.028791884641347965,0.02060554514557622,0.05314557895906713,0.05341249839203965,0.01366087788429815,0.005794938632753377,0.09887001757007385,0.011796809894272231,-0.00029841677874753447,0.021957389326522136,-0.0041467954141375385,0.011739990558424562,0.005530550548884738,0.022930098288622913,0.021323020556198946,0.009289528896492705,0.011513541809732963,0.02550105403752112,0.010445303378064041,0.007276745538015161,0.004189994688489795,0.0,0.007110683604417023,0.01893884362853826,0.028022228422619033,0.0013863542233900628,0.01606938997999552,-0.005978089277759224,-0.010157092956133318,0.02109983609710331,0.004488703755290979,0.023873924948266678,-0.016507025560971056,0.02231884704764764,0.012625896799915104,0.010938052157682954,0.006946633793078805,-0.011972759639854336,0.013821852098932608,0.015870690591724745,0.0031325704023719148,-0.0005966723595028922,0.033478670172433,-0.017638153176406823,0.005118630972553273,-0.03196304287880747,0.008445897509009148,0.028069147390700433,0.0,0.034899827699437225,-0.0010646979274473445,-0.018645108100252217,0.018928615217553624,-0.0004192968017562304,0.01953993726486747,0.008054917149201923,-0.009839901952789276,0.021889548580101614,-0.005814309871306711,0.02618984381821532,0.00868300493500107,0.005631621935270559,-0.0019910858747400617,0.008287271567344101,0.003701907907327495,0.002914371382708003,0.0032953196282212716,0.005281205060428951,-0.009698804298471364,0.01845403744140328,-0.008064535213206048,-0.014440852980685759,-0.0012580882349852995,0.006880416300703018,0.00603623879050974,-0.0017761911975449074,-0.01159396488965303,0.0075778307122307265,0.00427831446965965,0.01426597426121301,-0.004080384985083674,-0.004726222462177021,0.02244836922055482,0.032679654366830846,-0.004609978335947895,0.014574416140292534,-0.006777504847010785,0.010812992522106324,0.032889515079405074,0.005633572096719552,-0.008208205779623556,-0.01976862741903007,0.02754627115092223,-0.00915754402665403,0.07156224259602117,0.04899783479811193
2023-12-08,0.008842158434722691,0.00741237663940475,0.019529586810873134,0.0036764247561378305,0.018861580976706316,0.023897792156188924,-0.014167730127691125,-0.013073294319178586,0.0049455858525417895,-0.00027822719823211717,0.004284514081781543,0.003893826915099652,-0.01062948744011094,0.0020204021314078613,0.006572168963503877,0.0024865882875193535,0.0002557769632687279,0.0002256565273504041,0.01304861725148121,0.004217106547568905,-0.0016599406654888016,-0.004515116730919311,-0.004122234441124584,-0.008071956290270021,-0.003658955385134055,-0.016077621637718087,0.01778679608218936,-0.006864181158453331,0.011342469975393454,-0.010736031019894954,-0.0106455381724887,0.0017627350128759378,-0.0031305761272505395,0.002711790794873714,-0.007261615249669062,-0.01256395254948628,0.012427848217576143,0.016382372249405863,0.0033323376960832096,-0.004602346353061226,0.001772811704297439,-0.009480266846638274,-0.008146103193590437,0.006585565183995223,0.009909667739341543,-0.016119430314249117,0.006006838958011462,0.007865921478683147,-0.0007584341492663516,-0.008210060615330583,-0.0014656553032720288,0.018186141516369103,-0.006998178148331924,0.013220970675656085,0.003365721454850812,0.006152178708819012,0.003781477204026107,-0.006082233927667602,0.0007594628829814543,-0.016149366463134807,0.01636789083365109,0.010407181636786778,0.0031900209422992543,0.0031465363027958215,0.053737061783924345,-0.014773669088823382,-0.006982513465120799,-0.007397272815443112,-0.001122509527567206,0.01581012125468617,-0.006488866266977533,-0.007725586998908351,0.016768025874051906,-0.003010947371871686,0.004627926963168827,-0.002300828738112215,-0.004093817169021241,0.02689733217439305,-0.010173897121263598,-0.003304551794890642,0.01172996165321738,0.007724096605020048,-0.0012779940390613698,0.0028695107963934152,0.016073184481190994,-0.0035508099724265163,0.0007109324707956777,0.0039557366329661114,0.024008487411763424,0.003809817592103082,-0.010398040578091239,-0.006248437795207562,-0.004927944082725455,-0.018384047979585927,-0.006376175701958364,0.007197980429448636,-0.035772175448330334,0.06007399173176675,0.01091226545897328,-0.014862032079497989
2023-12-11,-0.007829471467659554,-0.012927361664163084,-0.018502944028322865,-0.010378502226973785,-0.022449289919468485,0.08995023143008751,-0.01259361536300807,-0.014197910202517372,-0.01681426716823431,0.021415166553079734,0.04258459177116647,0.013509354616725089,0.012916554460653984,0.0249012347309554,0.017369854241618077,0.020876360050327447,0.015665040298229238,0.023539180672919713,0.04309133769816875,0.022233748366706108,0.01330169580968632,0.050230152366837366,0.018722552787753477,0.011221832587857028,0.016139356456838838,0.02970042012830376,0.03775349340473633,0.046105557309397804,0.021896171278625864,0.01753538413669853,0.009855462324555031,0.015629873995349763,0.017533863736028055,0.02839679717299748,0.009284058181299848,0.04636721298669344,0.013540872440901408,0.004892404628993319,0.03748628949681221,0.019829699616373153,0.03393224165254449,0.02914498846641611,0.023270238632696172,0.03381089798194847,0.01822303901600919,0.007281604524675522,0.015851656969214645,0.0016966795240651589,0.01133131820512756,0.020763748622501854,0.026735197370394426,0.02319647380751566,0.02485163572130178,0.030257156615033365,0.006727630545970031,0.04442048810425692,0.009875211781898985,0.03418440499576425,0.009285308165083661,0.007950759130292084,0.028374224435695705,0.014999999999999902,0.02430338742108784,0.03287641462425861,0.02675429947314112,0.025524407536077875,0.01067300955092132,0.015180768534633016,0.01701713827282214,0.00897717088626937,0.009514597138490899,0.02024284331443127,0.03809107907502596,0.019262732485334055,0.020916338540325485,0.019662613892257985,0.0039525691699604515,0.014158290229178805,0.007906540555227881,0.007906181599830253,0.010354369077330672,0.0054460941428224885,0.019195200326654893,0.011867342512893897,0.00837458526705781,0.030868978610377074,0.028501013479755866,0.04281589391073304,0.03238716837061495,0.01020192392495134,0.010507295866881039,0.03355129812150337,0.05428568522135424,0.018165697615233123,0.03562169202737375,-0.01776982768139901,0.04161498890245352,-0.0034873549190761466,-0.006908456324104306,0.08189657874467482
2023-12-12,0.008295225400225759,0.007920147510585007,0.02209024503664736,0.010898597193382598,0.027484021381444013,0.041817301572881105,-0.005776795351913222,-0.007869321325976286,-0.011387381846063915,0.009040513546095141,0.02380772904587225,0.00676245461415359,0.0038731609350286522,0.013531607121431977,0.04526751770623583,-0.0012147713977563868,0.010009419432156053,0.004261473521349313,-0.011225864160808618,0.012818361360060537,0.0002343722824418304,0.013407256924312438,-0.012814921773548815,0.006797881554931884,0.016739051142558914,0.005589076903033119,0.004756430675246115,-0.005913669927920973,0.016670114743636777,0.00404165821906477,0.018080699611589868,0.00030573561411695316,0.014531267894935196,0.004418010394563243,0.007247339973051048,0.0032902947873179045,0.009114788242139404,0.019007541672145134,0.019855360669658983,0.014530310129134305,0.020390738553779153,0.029158788400246882,0.0013749258937094666,0.0018015493225493895,0.006397545544986061,0.0006024234127728345,-0.016513893708459015,-0.0025406762119384307,0.008792073195072803,0.0075295782055593286,-0.0030634437947811843,-0.0064384409399081965,0.009772003835130771,-0.0040382015886869516,0.006016178648689641,-0.01429189531038888,0.002317969948180565,0.007345452411358089,0.008182609286041975,0.010687040881453225,0.026099954172428275,-0.0049261083743842304,0.00118267181646603,0.0035991416223570827,0.001810088076910521,0.008868204466482066,-0.006087686380596757,0.013050558949624369,0.00836626056448364,0.016638034379237165,0.010862624948096311,-0.0027472575457592185,0.012934146406081037,-0.020206623136304058,-0.048292671761861694,0.010355851625580392,0.007559047909233563,-0.0039089597938455345,-0.0006101254491072128,-0.0020243378068830475,0.012774280482449107,-0.01110063178981191,0.005161868652437951,0.008807685359414119,-0.0064595230795063685,0.013202274627825972,0.011905215832411775,-0.012720429682879564,0.01717107470160495,0.021473065053255525,-0.006336302103698621,0.02574581814719812,0.01734422629873733,0.0022104585406517163,-0.005817087496739037,0.030414259726678106,0.0,-0.017497879055076493,-0.003043464992357303,0.05577693443669518
2023-12-13,-2.6736913014691055e-05,0.016691489332522957,0.009043786835837508,0.009221593773735215,0.0015558285314243303,0.01623634837328014,0.00037732455588379565,0.0024693342753805414,0.009619842336358264,0.019857029388403502,0.004214823257627787,0.0366738898192831,0.02101260319631182,-0.014834396643769399,-0.04213538370569303,0.0072977251630197415,-0.005547241187393248,0.015510758630236765,0.012034486109876896,0.026995149996738688,0.023435670094023697,-0.0014628910173852816,0.024632721851268302,0.027847750482729916,0.02572417517324399,0.0077912131756099345,0.020854620995983453,0.004663358439401799,0.006383532903196265,0.13233442787583138,0.014309513304414656,-0.0004075488018896456,0.010731826193696614,0.006807367876881409,0.011623135551449337,0.017199936946836525,0.028087065721825066,0.027096011332989445,0.0018164379453844415,0.020442406626316023,0.008532969566220405,-0.005231614703012366,-0.0029438745493007845,0.005533325190434146,0.014041400891265488,0.0006020607173009562,0.028174965272820707,0.0482255082700358,0.0183873105003991,0.010917048239665439,0.004404387148138733,0.010039688309315453,0.013440860398827192,0.05436787420188205,0.013450846912455239,0.016944732968854126,0.006973776606255644,0.01012760807813362,0.030578227367066946,0.026267179902859095,0.005632222991230007,-0.005643561334893299,0.017128146005830125,0.007060374646607137,0.001687692075482028,0.004761425729167712,0.04462499618530269,0.010735414490014472,0.0025046938750283854,0.022970827895163914,0.012326150353088483,0.017447307666619505,0.029562764235941286,0.033482287981980496,0.0071757759100989915,0.014019821865137061,0.03000940914941852,0.03728106123329722,0.022414090465213476,0.03955378873250193,0.01439467146086737,0.010684350682208521,0.015683514303340473,0.0018381084654377489,0.00928790229556209,0.016236422920347104,0.026180551109193928,0.0340604438032166,0.06504950192895276,0.002362033478307879,0.035480738866195294,0.022252811556484176,0.02557269741769197,0.027806213975224203,0.04601998653341699,0.03765902216203254,0.07675959559798717,0.05788073007126315,0.0741386320525732,0.024528232627428537
2023-12-14,-0.022544548311795976,0.000757697976345284,0.005448334492148321,-0.00954043404920335,-0.004690138174233027,0.015417274391323232,-0.004752242950939345,-0.005747587261661913,0.04914543063053567,-0.01747658988025702,-0.0013749362330810477,-0.021146764827153608,-0.021859162995825243,-0.06346713628518763,0.0023976391098070593,-0.005031193538122203,-0.01679729165345689,0.01945242715330031,0.013686349888452076,-0.014814293961778136,0.022212073766307405,0.030256703189980083,0.043075219861981484,-0.01881964308238593,-0.008450871995102527,0.0016249843809299502,0.030078976041368444,0.04432041989593993,0.004695982811436572,0.003777121859511734,-0.00013696196623325108,-0.0027520565771197436,-0.013585820514236846,0.04108802060091232,-0.03296407662412393,0.020536131859891116,-0.015766008139735166,-0.04275786508791235,-0.02929115784789338,0.025051400802075907,-0.02339371967083348,0.0,-0.005365487439628724,0.009263029971235959,0.002539277125443551,0.01805049469987785,0.019029825648978926,0.0022679311629130172,-0.01996876155224847,-0.03283470669317501,-0.022945136202512706,0.05128085099547519,-0.01750659375996466,0.03635731278344356,-0.021678744336099065,-0.007128762594513116,-0.02834790478007254,-0.014236998188879357,0.025115975499156784,0.00662357962654081,0.030713655100357284,0.013243073055991372,-0.02308200505155944,0.034498090953317684,-0.03012886463237119,-0.0040098124113717715,-0.0028718184114627787,-0.01752522172294868,0.0029669337709234966,-0.006062136626753367,-0.010068633588011688,-0.030986839409860356,0.023456428371679605,0.01202055485758824,0.09249369482945435,0.025328224850764913,0.006828481605807957,0.027969188421504976,0.02917340331836682,-0.07560971888100232,-0.010537407345871275,0.026629168665558423,0.02049740357672447,0.01109989047574289,0.028834432067610383,-0.0477288486659283,0.003834758943850103,0.06353320603243606,0.031514357155952855,-0.0072712707192537085,-0.012000664996946075,0.004409361623107344,0.025454566592261862,-0.004904961761225457,0.019602115137321574,0.004720477535005818,0.03805168859156449,0.05134677195295234,0.020706465540373253,0.047882179945001324
2023-12-15,0.013117313165416755,-0.002725724519050843,0.011168549941022565,0.01729753821347546,0.005252573549448636,0.021012390717674023,0.005002301424107403,0.004804800332669057,0.009758999874367902,0.04445286268590287,0.00833328910495923,0.004746421152463265,-0.007429420505200568,6.838058692881788e-05,-0.005711208461678496,0.008697417417472986,-0.0045897956468046175,0.011519469136484162,0.021691003444372692,0.012192716289872951,-0.00358422602149977,0.0012983272409188285,-0.0008294785558773388,-0.003148505696754289,-0.005610358125443415,-4.920980013167764e-05,-0.009490190487011385,0.00819850868367289,0.011283919369939444,0.010034398699017455,-0.019246558620505172,-0.011140600763376196,-0.007755230841157146,0.003547018635969179,0.0,0.004653037416599615,-0.017730459401880783,0.022833129063432045,0.008740606070399615,-0.0009950776533885763,0.005257248715544449,0.013250477377785286,0.001671290870842057,0.004770789537139164,0.029286030200180724,0.004728127857288822,-0.004481790220966508,-0.009859392611645923,-0.008359591566440838,0.0004731392561838632,0.0045924481016415,0.0010744370288353622,-0.008459345015946362,0.005059862243685265,0.005047919783339516,0.02724914850742044,0.007090676698389808,-0.005085435329047483,0.006145906492852182,-0.004142990597499341,0.013672263004824714,-0.0018671623173895924,-0.00482943691336879,-0.008175582441000806,0.004414477245037851,0.027527969993015322,-0.013200509419779682,-0.011081076957084046,-0.0010898286029228377,-0.023656547556440533,7.880238659341288e-05,-0.007451095248054762,-0.011986249402823002,-0.010367041620074735,0.001630364331786538,-0.007705385894343109,-0.02336089612673975,-0.01564146178714354,0.01616242787882527,-0.06358838391514343,-0.014341527759511474,-0.0021506896885035154,0.019951765635789265,0.012656474574638032,0.0011926331077953822,-0.0018264141747369456,-0.03278242528255282,-0.006495737902108556,0.03442681800957925,0.0019328834724181565,-0.015822244983188405,0.024306884999918843,-0.007936528385933506,0.007470742822410781,0.0022183551546202107,-0.02251511657299643,-0.03338662130690384,-0.018414695472467324,0.0023866895285495904,-0.05096660086760896
2023-12-18,0.005178924967655485,-0.008503355126233125,0.024278983974994173,0.027338841569267247,0.0289620843800249,0.015277860317261416,0.024132705889501116,0.025029932719500714,-0.005601570686174839,0.034030513130914875,-0.0017966224287869759,0.029784344429329757,0.01143714767730164,0.024714394862223488,0.0042221051600161985,0.00741934538814415,0.0007044547848300553,-0.010340326527200738,-0.010182002215268104,0.016302086655858083,0.0049460706602351134,-0.009817822586305924,-0.007234352615741346,0.00010890825183307307,0.012548195614708213,0.008357975703265907,0.0018424504328353741,-0.004628334957781144,-0.0024690403324071353,-0.014682962128270471,-0.009625927544108293,-0.0019638495235788644,0.00303240247594605,-0.021356075471147817,0.005091946617976628,-0.014355825789082233,-0.010332401495524612,0.000911157795051798,0.006148062613617222,-0.014476232596660088,0.00729232125237167,0.00040443246461263627,0.008330275603082082,0.004431562495450292,-0.001076587179917765,0.009705936207490717,0.006139112271583924,0.0034280591727686716,0.0034900952107324024,0.008995657169422744,-0.0051948051948051965,-0.015455248177238534,0.003811927462171072,0.0021815920084300444,0.0026220717240585945,0.00513684724506569,0.000183306896703872,-0.0036802352430451712,-0.013000924444966144,0.00619954448922333,-0.02974236842889888,0.011223780575698283,0.008212564018787116,-0.009652922116126006,0.020693471705852895,7.632306380500609e-05,-0.006080505649861956,0.0032795553808238065,0.007325336104775815,-0.0020145763777580372,0.007095565687982086,0.013450178972784554,0.0006665167436268327,0.0104230306872235,-0.006859713436010106,0.007765219910306431,0.017746818554404076,0.00988113058887019,0.0054649117233613875,-0.02930405371489042,-0.005330299527508409,0.01645878298226955,-0.003544658652446797,0.0020606850453406267,0.01459195464713714,0.009914901408743404,0.008866307600651657,-0.02206654239319983,-0.004356159656016545,0.006701225092726526,0.012504004874486663,0.004015155530743053,-0.003914885825299197,-0.0031343450023819663,-0.017683373291552784,-0.01017471694802874,0.01573570144299996,-0.023654156316396446,-0.008730206906448656,-0.03148149505400666
2023-12-19,0.0016369673396803286,0.005360166700849378,-0.009445415205624252,-0.0018174467759756174,0.016655998826832885,-0.006469088008118962,0.006259137154824623,0.006633163101648298,0.0203903496997484,-0.0051376901681826626,0.008999280453039882,0.018308224277709284,-0.005683539713773222,0.009196684727386994,0.0073087024927065425,-0.0011942948106375972,-0.0024958364479615858,0.01115426684881693,0.021230055807795356,0.004899551012661707,0.0,0.012284866632608082,0.00645085320073191,0.010744850214286616,0.02222759726722634,-0.002437835129793453,0.007479164156587004,0.014404129132420396,0.012897168267607118,-0.0037315686910233126,-0.002914640876963137,0.012013294236109306,-0.00489678145789163,0.006307571678432655,-0.00014064884856912485,0.0023928093380733984,-0.00012581303434555657,0.0033487184610916376,-0.0018581322210640128,0.003584579620627304,0.003034685821812211,0.011319942283716689,0.006433833851503534,-0.0032864926327498267,-0.005658203578802867,0.007282260025219367,-0.003999975172139791,0.025052823657849554,-0.0006599278259732388,0.0043015059021267454,0.010548325182563545,0.00021803973033862611,0.005063338116765959,-0.0010047115215097158,-0.002596779233859592,0.012148097694601123,0.004509664477829967,-0.003488573169346476,-0.004098000041984906,-0.00048640096745800054,0.029406481789936656,-0.012170188016182859,0.006146340879150003,0.0008761563157786423,0.010425972166421271,0.020326704550968522,0.0048940888297472895,-0.005992846948855157,0.0009284417536488121,0.010593044085293268,0.008219785814330915,0.004320968612813614,0.008393350696830337,0.006434058216874927,0.04296415649280072,-0.002606270333525118,-0.000758080738085809,0.026709035380397816,-0.006976498778102358,0.02786644595681409,0.0033312095449811174,0.00976668358274746,-0.006192374324826222,0.0011622982878014554,0.0,-0.012092845805607544,0.005432831064609678,0.01170004420421522,0.019732279549350418,0.003328257501250098,-0.003688845996231871,0.006695080718684521,0.0018797096632108268,0.024539972061436766,-0.0071715644839679404,0.005234196467990282,0.08079002465281238,0.0325814019171482,0.04203367348481457,0.04206496929050196
2023-12-20,-0.007072856934487004,-0.010713925988598105,-0.03009842540152141,-0.01085895208954335,-0.0030825054727123824,-0.025623433456102074,0.012367380291919083,0.011296144023515975,-0.03918825045959673,-0.024699723309208887,-0.03339274262999914,-0.011615692553056056,-0.013456353366486873,-0.01419028989477733,-0.013904756332958512,-0.0075727593823079475,-0.008532763666636134,-0.019479113100304146,-0.019288502546551567,-0.009252405298329824,-0.0111856821357047,-0.03332719522630112,-0.019703307562129124,-0.011708122888380634,-0.03065056745950978,-0.008308954820710701,-0.042351172022470185,-0.03339267968879189,-0.013108471168225222,-0.007168761580161553,-0.007779484090025157,-0.030802313739561882,-0.006290120838250091,-0.028509322840046036,-0.024208320152360185,-0.025617958405592,-0.011322198390561478,-0.024723679489963568,-0.012405000282969758,-0.020289485908772442,-0.012904087050692237,-0.024385393773145192,-0.019969477741053288,-0.02109398880626978,-0.016955018200328742,-0.006362093957599235,-0.03975220333751073,-0.02015547812881613,-0.011833167007832768,-0.014529286316696144,-0.008887976347300541,-0.02825011268806399,-0.02195036308943521,-0.03553467880165817,-0.012223936677433933,-0.031454312549921704,-0.013979184379384835,-0.013385533515170356,-0.006088331062924279,-0.053937882038261775,-0.005366993898927808,-0.027005695727320922,-0.009273530228283255,-0.03107557015929152,-0.003373695901230156,0.002393575778659729,-0.022038203081985674,-0.02027957370315714,-0.000772964134652887,-0.010811845853182955,-0.007221001042488462,-0.007990231374160883,-0.0033029461214977296,-0.013303614053568058,-0.03255128539331842,-0.01726876506517272,-0.0018209824552872789,-0.028074697518830516,-0.014622995359662938,-0.016944322979570492,-0.014146565649190146,-0.008399568034976657,-0.018560274694614298,-0.006876505055227633,-0.0011740803018973622,-0.004222491959459229,-0.014025184731438323,-0.04212886222352108,0.019436215029569492,-0.005696328217143165,-0.013039239737945296,-0.023701114612211582,-0.010063110043311063,0.006062855700516678,-0.019791071735373866,-0.009033796974624253,-0.018849028207708507,-0.05663429034862277,-0.02420288326916764,-0.04036693539284997
2023-12-21,0.007878726097363176,-0.0007699489496669765,0.01827026836389334,0.011306871390431628,0.013771179498981434,0.015229051410622363,0.015035433613677096,0.015322922336633349,0.029780693649462897,0.0062934540764467695,0.03277480181145598,0.0047826279772602565,0.007725262601462779,0.0068449771945024995,0.006816664118278082,-0.0020080015191380474,0.00252361464081563,0.014240956744745459,0.028846231598315786,0.008575413869019721,-0.004072405024180603,0.02848586077531423,0.009868052761159207,0.015081016087437504,0.02464437732154634,0.010596398324044909,0.08628797439145175,0.029128515819637046,0.014510533653898872,0.000949418820268555,0.00010694693191726223,0.006546328292422965,-0.013951644033858068,0.02128100466171512,0.01629882047560849,0.030445632497271946,0.004326300841437147,-0.005249574829457759,0.01493520573313667,0.03516952165522125,0.01765205003309389,0.0019805269372921153,0.0005571506166635043,0.023624931193929832,0.013270369822699468,0.0029103164244697055,0.0072303747126605256,0.005183020507364633,0.0655457154621264,0.00768217605153243,0.010427528509789896,0.02848813942303008,0.018763805119778487,0.0470976545247388,0.010019787877332265,0.011110122200064021,0.010179530120788094,0.010436234639792152,0.021883285576696387,0.05281210300362926,0.018450784064698356,0.01863853641752944,0.009434694797581633,0.015019696847246466,0.01164011670564813,0.01785934556521207,-0.003486040592140527,0.005874100264969373,0.006961586517500118,0.02373100749959045,-0.0700766388370192,0.007434996516193282,0.02319724209127938,0.0060070524568203165,0.05766331453676243,0.006589591847678822,0.007905203437379882,0.012057718537113349,0.015420333012753806,0.007469069556908847,0.00944438523690061,0.002759370279976192,0.0017561108328540964,0.012094790688879975,0.00029392114573201233,0.0065961077572318505,0.022969039587874995,0.030553202080549235,0.0312710121419113,0.021635147398446852,0.003588279254250759,0.011886829215478567,0.030496216916670482,-0.0005952074166726273,0.020290272173754564,0.015383594406798151,0.024324338783920263,-0.01457976659679594,0.02598424635135088,0.047801147053205595
2023-12-22,0.0027841141606086417,-0.005547496470601487,-0.003265985146865935,-0.0027300973670256745,-0.0019768468375062076,-0.004710463509609353,0.007620049410137275,0.006487998230927383,-0.007701401626197146,0.009681885112480915,-0.002215692591520546,-0.009865494457906854,0.004252209677711116,-0.0023161505890451073,0.003935143676454755,0.007847070093794706,0.005034622571229663,0.00737154615108726,0.019541166804680765,0.0049598498176779415,-0.00045434933111510034,0.004089495412388677,0.008572675232298321,0.01729143780484943,0.00842704290215801,0.0028773290861239254,0.011815564660410338,0.003951510312193651,0.004588626989159295,0.011531825027780718,0.005748997235046849,-0.0005245258659118957,0.008646646927995105,0.004177742660069983,0.01064433735091086,0.0037901837553007134,0.009248743875726717,-0.003974624133819105,-0.0633973830398441,-0.0036278286752008393,0.0009072104850142981,-0.015267212885273551,-0.005787290643561871,0.0035160421572890677,-0.006567707109058518,0.004933313643620485,-0.009078705886269467,-0.003544976084995821,0.00896682416795569,-0.00573337194335799,0.005882349699158462,-0.0013086283609937688,0.011375898181061661,0.0,0.00471957773566678,-0.025188029659650724,-0.0012091849748842032,0.008262787174957875,0.0035966559981095436,-0.005130332794429648,0.012989269492950317,-0.00029831722379858316,0.0039740452364460666,0.003449100995344123,-0.0020155348644057547,0.009188460311672975,0.004247830259890284,0.011123513238675997,0.003840835981956614,0.0025877069066559955,0.008074003971006771,0.009532637420889278,0.005052459869326675,-0.003702676309810471,0.0409170203784166,0.004594022364544426,-0.00015086177632084308,-0.03862263752713313,8.160113130317725e-05,0.0054176968452333,-0.0015231121731223984,0.0008319780326551118,0.013349485098196556,0.006796973513156113,0.0023501179261404825,0.005063624821163293,0.01619002836394068,0.004303653362638382,-0.017263174911693602,0.1808286273321169,0.00861372671069316,0.0015813077388113772,0.008861373802501848,0.016600876179125645,-0.0057098147871521565,0.009726276978179405,-0.001640132172477049,-0.019147025042375865,0.006139671937492208,-0.0018248592786550555
2023-12-26,0.00021361816624532182,-0.0028409247645567737,0.009195209633830359,-6.514474615582078e-05,0.004074738572510839,0.008832630129057328,0.0002120204829472172,0.0007007154054110565,0.01611622781987765,0.004496753485756511,0.02729224492847493,0.009100979100387319,0.007037261367561776,-0.0008183552974947439,-0.0019720445485027494,0.003793144861852671,0.0071928268505285775,0.01372918771542575,0.05208333333333326,0.0012498089197763296,-0.0015909021550958302,0.013761158195269019,0.015275748820241963,-0.0009150118323273393,0.003360509278519608,0.011670851505581004,0.006590353901060553,0.0201541454827614,0.008753557032354253,0.005946955366093354,0.003318757902233571,0.004093192639011534,0.0067973851891245385,0.008980157071848627,0.007021485836657293,0.014966052240183325,0.0036403875571342503,0.008752275054250802,-0.008027345834332733,0.013487785182991097,-0.0031180329428738274,0.005121854340026211,-0.007828392371857396,0.003728334602728589,0.008762626419390296,0.00924053378441414,-0.014772739957186531,0.011642969258191194,0.01207916564640632,-0.010503539719811106,0.0025648917294451845,0.013103297837903982,0.013926131358126925,0.014937784661890552,0.001289513196119474,0.01942250783149091,0.0051362727331152325,0.0038926167048409788,0.009515623948153307,0.011295775587261137,0.008942108574379937,-0.006664659077696977,0.004251589494499219,0.012418173709609626,-0.007215671913296529,0.007337091726615563,0.004354393076329011,0.0038503681875237117,0.001683511119019876,0.0035557573756599403,0.0026697788519498555,0.006701108551195878,0.007218323606298149,0.019393346418723256,0.0257140105079654,0.0006859215474612768,0.0031678847725504777,0.0021788918977243554,0.008735404632909338,0.007657415502450027,-0.0027602592276217974,0.016689050582120002,0.004258146218586889,0.009266164230162133,0.019343489685615056,0.0035139790083764666,0.010582668424273578,0.017378872126501355,0.017649501437450255,0.008100993931181133,0.0030615311392943045,0.013127046906598494,0.027345069965302837,0.025263598490926187,0.0231176564645581,-0.002037677290973705,0.0045714242117744774,0.02040812181847662,0.014874191731897968,0.005484499261251052
2023-12-27,-0.0015747513268662416,0.0005179530854488856,0.0028003913611951425,-0.0004563413242133496,0.00845475330025125,-0.005053468648984927,-0.008126124367968446,-0.009662545946239276,0.018822405072142834,-0.011591721829798951,0.018548243457106706,0.0012215356593849869,0.003197875661382188,-0.0036438883431892943,0.003122481404548516,0.0031821768356523616,0.007077731284778732,0.0017873951246776265,0.005148481614518863,0.006833671598123869,0.0013658404933802881,-0.0004260534815544448,0.002458861746668095,0.00926384268881475,0.00023707450959675747,0.004710685531412517,-0.004594462528156762,-0.0009802934176211808,-0.008974811277268957,0.0009566406499437186,0.02923965600235645,-0.003971958405883158,-0.003999280565201158,0.0024136923523594422,0.006972528327758187,0.00016905758960206185,0.005253356027164591,-0.011036524311498042,-0.004132675471528069,0.0017701219830839054,-0.001163721328864331,-0.0053023293347223,0.009031858954531291,0.004430546013358683,-0.0021328103439053336,-0.008583668970292613,-0.015643008577348905,0.0019181414522153606,0.006274636626382835,0.0005201263567551351,0.0007163292463139292,0.0006467305766204579,0.009684790072087557,0.0017988028276294532,0.00036797389664822155,-0.001275848654148759,-0.0009854692574694512,-0.002448957793566686,0.00016319127162667257,0.00145690247454211,-0.007692292480625529,0.008311654576223182,0.002992727460652267,-0.0020807668063926865,0.004917819162497672,-0.005769216097318175,0.0009908856476379402,0.0005479577469498231,-0.0016806816727363838,0.0019783377396409563,-0.009236150836519519,0.001815472758732506,-0.006014860818713941,0.005237505891968919,0.034932718194957246,0.0005712675934554934,0.012781931941670654,0.00665858836184996,0.00032373677822694624,-0.003377397579723218,-0.004224536387417932,-0.005723293472385982,0.0017225023362303915,-0.0007869220440840374,-0.008338042294662285,0.0008015966012098197,0.00471799160397901,-0.004913983420460899,-0.008120813990537878,-0.00548661870854017,-0.011405607782693283,0.0019146352980181636,0.004032908424437709,0.013070508555482752,0.003310158078714487,-0.0038979683396639375,0.01343856227140705,-0.000869585120159666,0.001127349816189227,-0.0036363601684570312
2023-12-28,0.0032346657881858754,0.002226290179438317,0.0021247501152197312,0.0002609139551152939,0.001369423386360591,-0.003338758463555469,-0.000997359795671171,-0.0011312475915408182,-0.03159428430420175,-0.005548908630424343,0.018415739356036687,-0.0026027344131778207,-5.8999452160812815e-05,-0.0009394670892135526,-0.0035018663732142574,0.0007930395839892412,0.00639479860215042,0.0009607424408155651,-0.007289183296284807,-0.0017484352658869717,0.002955154545529526,-0.0066379121375897965,0.002861680227708163,0.006735743845334152,0.002726208031547994,0.0007176054608095672,-0.007616012395784688,-0.006616947170303034,0.004478554706022431,0.0029898327587307705,0.008383198337977404,0.006716333125190932,0.0037995115948943337,0.004464506457984685,0.0006924671429411333,-0.008791572572472983,0.009580647216030469,-0.006453826647846661,-0.0013317940048653831,-0.008088757606327213,-0.005097670912429297,0.00623059310687224,-0.005833267919888474,-0.0016039948602546428,-0.0046246013039586975,0.0025974068867118394,0.003295473732590315,0.006381645244597722,-0.008445909720407818,-0.001421638998107766,0.0004090491374664218,-0.004437736976351081,0.0013951520081014746,0.0006529695824899484,0.004413838002873538,-0.002640074633178946,0.008695558126004421,0.00061372296729445,-0.0008159477285470951,0.0034753115130476964,0.0010111454859575986,-0.004767140185669594,0.005749168656420389,-0.0030729411792287387,0.0008058089740310415,-0.0061412197955484915,0.006434900237237251,0.00602412973563804,-0.0076522808084402705,-0.00016148664119841616,0.003611323643889053,0.007248500735288266,-0.001673712585073095,0.0021709303901649157,-0.01925942992905416,0.0049098001391376656,-0.0007423225463396577,-0.009179269551404357,-0.0025889943266562687,0.012425829669726607,0.0003656483835405844,-0.017458375423938355,0.0031745749816607383,0.0006562848150581946,-0.008408260406331025,0.0016440409225257913,-0.005154072237869567,-0.0008230416497647663,-0.007570132298084342,0.008247399012026424,0.005687332936532119,-0.0025775567506984842,-0.011728845392787846,0.003172567398903592,-0.002868920843772993,0.002981525008764807,-0.002806383918544375,0.017406424129604137,-0.0015014643053727905,0.009124122365115728
2023-12-29,0.0020251805800926004,-0.005424129774904141,0.0,-0.009388462612883952,-0.012167938658238397,-0.005488220874815597,-0.0038507687555092707,-0.0024773931663348847,-0.018563856087399966,-0.004554303434297635,-0.009074958957897339,-0.00740047055216464,0.0026565732915970752,0.0018134672542788888,0.002293975807425186,0.0007924111705641668,0.008682006349845173,-0.008432714400055774,-0.002778316954637594,-0.004760979174846525,-0.006119684140983628,-0.006436904269243149,-0.0073374941642152525,-0.0015253499772593937,-0.0030439116176200764,0.002581673039389276,-0.007674461187318293,-0.00811728099491471,-0.0009153717752347079,-0.005815169519196917,-0.003867567349978396,0.0008339605003666595,0.0020645865034967237,-0.00838997147664211,0.0023525901455803133,-0.00847737658878589,-0.0016021352525984467,-0.0023681633441104966,-0.004831758430952515,-0.0012271461446735632,-0.0031839962973254643,0.0066046880960874965,-0.0063606074094118,0.006381616673046153,-0.0031624469728345206,-0.0020150692613487564,-0.006277376717894634,-0.026474349003909325,0.0026118322030319607,0.009424033860792491,-0.0018399294879563044,-0.006015556343870854,0.003308994208728544,-0.016150046918287697,-0.0017944547470407635,-0.0018785861118310043,-7.240297973076792e-05,0.0018401176215225856,-0.005838911899014199,-0.0005638476333269526,-0.014646510508976918,-0.013172335164992055,0.0013748367988561938,-0.0072654784161363395,0.004065055023872777,-0.013939597675182047,-0.001352521921492933,0.006532331322951279,-0.001079575860236659,-0.0035367341732871482,-0.0032635932188154193,-0.0008995136632511391,-0.002837261002134883,-0.009454934718408303,0.006680797920825876,-0.007044685053209432,0.0007428739984578492,-0.019618561464178508,-0.015412082614312816,0.0013947853245770414,0.00036562630715319955,-0.0016094765792374899,-0.0040875207484533105,-0.0060340605266197,-0.0005848086934940877,0.005260721336598273,-0.006946034430360126,-0.017062891508092815,-0.01392919572733664,0.0028188237786475057,0.00032316138246746284,-0.012831958882037364,-0.014794340306355402,-0.0016866276315889994,-0.019732379240699927,-0.0032204388959542474,-0.020333492509419626,-0.026518347054741098,-0.018421043762823053,-0.010849985052492128
2024-01-02,-0.013748572785485358,-0.03578662771169838,-0.027341400814882566,-0.013228970207501023,-0.021669067395515662,-0.02765509081047035,-0.010881267419968088,-0.009721104011828463,-0.0002414583049958896,-0.014286135667848532,-0.05990096744922868,-0.037750584740559257,0.0180758795949989,-0.027706954304656528,-0.002751345003341843,-0.00019798369239587554,0.009854686041353533,-0.030422519579105134,-0.04875623408834728,-0.03403039619580783,-0.0041049101810576305,-0.04751040821283781,-0.007039846062223742,0.03253255326775539,-0.018911473328959927,-0.003385659678300068,-0.03515350514103566,-0.04335727797825162,-0.018792156297023133,0.009879792742383264,0.030411393322109292,-0.024372501981250627,0.0019315660638035137,-0.025080558968427202,0.0194670167993094,-0.03597105381667132,0.027527412279152674,-0.02021158219068353,-0.030956813336675992,-0.052845744468537625,-0.0347688856719649,-0.00457930544819396,-0.026967181127688145,-0.016274215149404636,-0.03301742007184516,-0.0014421470926218038,-0.0121933573494315,0.0008141872200746469,-0.01783758749383857,-0.005368007461850954,-0.008909398187274653,-0.037008012326083195,0.01701092747532873,-0.035483388420107564,-0.019590206743905214,-0.01403027973489468,-0.02818227504202442,-0.030408197519730562,-0.038442585734335455,-0.008058667334287395,-0.012813941835674303,-0.02457276084714133,-0.005130477035902747,-0.04014196866635256,-0.01155900479833083,-0.01872547452527895,0.024131975560387486,0.03082745818713173,-0.018835841735935333,-0.013260040561081432,-0.010410526886201366,0.0015005773564971125,-0.01228656171743081,0.0072810979293302935,0.13122175417008375,-0.022084910386260925,0.015590246110566364,-0.019038393051864944,-0.05190307764804203,0.015877428150339545,-0.007528680635022655,0.012445142203981963,-0.014960906549461028,-0.02925395451790902,-0.007314218776122816,-0.0036841868900772123,0.03454806515810427,-0.02490125537473631,-0.04704449008951728,-0.027226644482666207,0.025197890116877897,-0.041478617722839894,-0.0429042663298318,0.003449420794426006,-0.06153846957688236,-0.010500170695559086,-0.011706440810881236,0.024604545707858083,0.020681692667775087,0.003656303783114545
2024-01-03,-0.0007279882903079571,-0.007487607165581278,-0.012435621834944843,-0.00973782115920796,-0.005255731552481824,-0.02469185788162609,0.005428095895919194,0.00573232348633379,-0.04013364984377277,-0.009160104125137791,-0.02352427813365343,0.003756691068569795,0.00023129538653510195,-0.014274189653537883,-0.0021241153027724557,0.0,0.0010499546976732166,-0.01875482923876992,-0.01569037681947294,-0.020902336877340555,-0.008243572492528717,-0.018915581144694826,-0.0148882730441664,0.011096498303313496,-0.02673879331003226,-0.021387565649297224,-0.0009715108722120336,-0.016508735244508355,-0.020482347054026517,-0.00048675428986566516,0.01387845034098767,-0.004697286437629011,-0.0038985676859217833,-0.023866076420536286,-0.007583932643105862,-0.013918855777368067,0.0028832952825978975,-0.008479897871955688,-0.013167138922471455,-0.01890027913291803,-0.021376931333822458,0.022727256059223988,-0.019069314870846954,-0.012621723304994337,-0.010247473715223165,0.00115542798271151,-0.007882195064471409,-0.046046177326943605,-0.01964816336151931,-0.0013438998945393132,-0.019115504210120315,-0.023058102059902108,-0.01894522286159328,-0.02423929674738845,-0.006529570802335627,0.005206060512981336,0.0004845865640525915,-0.01431270289416775,-0.02960017435637008,-0.02291006400782658,0.0012114866096069044,-0.02788723270721305,-0.021135884355927947,-0.02298980961064001,-0.014563330163501975,-0.03172925888028244,0.002404387442996203,-0.0010492419189609414,-0.023131352063787247,-0.023060499235904364,-0.008738494822180476,-0.02337425245020286,-0.0034045060479208633,-0.012362382103047742,-0.03484442816840283,-0.03147674315731419,-0.0011696173869881754,-0.017991170264230583,-0.02311438668565924,-0.0079517659945324,-0.0005154814115402306,0.020126130645599094,-0.009811872875831518,-0.015271650632848743,-0.00029478738993538034,-0.00537859821109643,-0.015987445055875127,-0.02627378109060352,-0.029205431555407557,-0.027705378978178152,0.0017331118360792708,-0.010029616579536493,-0.016896543831660837,-0.04083059028736391,-0.027913136612710332,-0.005399978902514979,-0.0528304937156876,-0.03087475655131733,-0.04052532604747616,-0.009107416390205292
2024-01-04,-0.007177559682409629,-0.012700115809447077,0.009018496337749538,-0.026267891590348702,0.007692959871958616,-0.00904036226486804,-0.01821191198275185,-0.016528977729625693,-0.0021807686270334248,0.0056771054780919705,0.005098929539399277,0.00937779860189969,-0.008557361975449873,-0.008289739968384557,-0.00029359477305723747,-0.00851309651093779,0.001357361909043231,-0.010392499063514027,-0.003825723870235387,-0.007307925731923182,-0.015700768497207473,-0.01413007218732254,-0.013614035010656167,0.008247733433742521,0.0035388945878360722,0.0018090017082861287,0.005470422277608966,-0.007938305733352413,0.0031296793195825234,0.013245361823639223,-0.005874291231940165,0.003432368157266774,0.004946063319611893,-0.015294238394183757,0.0,-0.0111294524243577,0.01197891662419237,-0.011065777967069312,-0.00450853218566416,-0.004378942962061649,-0.005286072049145996,-0.008123474185088964,0.012920003255208368,0.0044741189571162465,0.00527906892662755,0.001731141764430566,0.002248561354182721,-0.0030701057802584586,0.0036189003238351614,-0.008381848232524858,-0.012114205437500747,-0.038504291251921896,0.004001383856437224,0.023079658421942595,-0.012862555724752811,-0.004229588866839662,-0.004955169597620768,-0.0040572802472165215,0.007614752889424592,0.012970859162971582,0.009334501811074647,0.001386423029397843,0.003710024368546838,-0.01383467155217355,-0.004056040035004371,0.010749934308598386,0.00011995846198065152,-0.007878231022382942,0.0017718555478403175,0.0064291901041051425,0.008644318451616728,-0.006750574399296383,0.006043871774849219,-0.028241169598157256,0.0007368007893311379,-0.01631023956594757,0.0067330077067828675,-0.01327175667910463,0.005337115138708715,-0.00442232852577451,0.0019158094022064809,-0.027158587091561603,-0.0010859485956714598,-0.010216296316269968,-0.01975230557526131,0.00528094641367205,-0.011957612967636755,-0.039213222873369924,0.012588067412157233,0.0027387752405543253,0.0023591963960651885,0.00042806476188728126,-0.020869845969055167,-0.003949740638534371,-0.028339339945502307,0.002904082901466598,0.008362715732053161,0.004424795565566519,-0.051231892122687306,-0.0018382773486487203
2024-01-05,-0.0005163951735215333,-0.004013033761925966,0.022896766496153242,0.00463442024626004,0.013914545856723581,0.00025740415128194805,-0.004839091319473021,-0.0047087360772110065,-0.001849229589212631,0.011814659471167221,0.018895724049820428,-0.0012851367305373174,-0.014754760373742903,-0.004320628268712268,0.0012971408601463175,0.0001996469881717644,0.006592680500988379,0.004112488551986093,0.00042672195902415666,0.0037490408976730283,0.009617636339182889,-0.0020762009487816924,0.0038305154626168125,-0.0005607857644367442,-0.00238187595458883,-0.006686164753521795,0.008946897254995312,0.001805557932595736,-0.003450367266763399,0.0008410575721471414,0.0010962868968891204,-0.005986158949438547,0.006633583101364859,0.002579651252996973,-0.002592828119150181,-0.0038979666080374287,-0.013849499903503704,-0.0013060188250269,-0.010955149531652442,0.004355408364855817,-0.01254294888263896,-0.008190108764570048,0.012801242025937576,0.010908071311153789,0.007368259158783141,-0.0028802501527197544,0.016900945903416842,0.028571396871635013,-0.008791502239534732,-0.011113446799068671,-0.002026044400505911,-0.009818989892520835,-0.0029457316174356096,0.031858076181219275,-0.0020985093038531355,0.007628270186910813,-0.004792567184552121,-0.001929677396348084,0.0026210296536557376,0.01764755391582762,-0.000856297954841434,0.009691118401782495,-0.005692350470470897,0.007074296487962872,-0.00987901995258944,-0.014103736870526906,0.00815445868992537,0.004235041095337122,-0.0033767340265299373,-0.0021170188457521055,0.0011031386041218116,-0.012357109413935419,0.0006530371158037784,-0.009447738637308745,0.02263941654302082,-0.0009825820787748851,-0.005815666370719841,-0.011111142094681448,0.02627854635390614,0.008051108046691846,-0.0026476473274955614,0.0008342293538272649,-0.010191602627024898,-0.004835449767844113,0.005112726885573293,-0.01786089537510871,-0.009220815689796602,-0.006561680052816987,0.014720396156006954,-0.00023249967745320177,0.0,-0.0024723257164169787,0.003761402070308506,0.0008077589680406394,0.008222761392388422,-0.004091614591382631,-0.007228159485526908,-0.01321590900115599,0.030915086270572933,0.005524900691852963
2024-01-08,0.018871522614293035,0.024174881663950876,0.06428097031937563,0.026576703830634596,0.01906518318610262,0.02436903931755663,0.022913141591741404,0.022854643013303866,0.012463646412957496,0.008658393303801137,0.05484190174850667,0.023140533428676946,0.0010062635639198625,0.02825011140051581,-0.0020287118258003334,0.007386682586497217,0.0002448953058558079,0.01682149582115855,0.033269383527341434,0.015890776274482654,0.016031566264675723,0.017181191668414364,0.020835778652003034,0.026006616774958635,0.019720884811046613,-0.004274530154795064,0.01797483588801496,0.033806591896658356,0.016049867973911613,0.006290504483043247,-0.011268414665307924,0.01290466292293857,0.0065898037869380754,0.01302595891733671,0.008482730573905028,0.033161227745087896,0.008162289342254825,0.0232213179736922,0.03129063654653885,0.024881279796117983,0.036405352791031076,0.006961061086182552,0.02389479057551136,0.026121740879525568,0.05584737610311907,0.0020219438759065955,0.030151538699344727,0.02694615394816413,0.011901041126990197,0.0027447352067577757,0.023079428855954376,0.0313532807212189,0.007299238134561348,0.06992661163961444,0.010916362805556412,0.0067962915523553935,0.026862358827491217,0.01697101887164787,0.025836496015143817,0.04557187750360647,0.05005139117771806,0.03913088471687631,0.00973975879995348,0.019645214523700494,0.0007737830952752045,0.02329520988439704,0.00523376285242616,0.008170832485818291,0.007905803195962902,0.012282337354865946,0.01262924073041205,-0.00500468723329861,0.00965802450069142,0.01792042636056168,0.03887688614151963,0.0191788204846719,0.012138079327185025,0.019958581997380875,0.028105890130796896,0.010465360480473196,0.006268019317822615,-0.0012183548901851804,0.011669496790919887,0.01948240309538707,-0.02932374613793265,-0.004236158525043776,0.00038780092144441447,0.029590562529290487,0.0419725341804289,0.013223722646220404,-0.002353643688357998,0.03951198056044358,0.03854389386374235,0.009391841669539325,0.03574262304666287,0.002085750320853119,0.02437161280423883,0.017857126131349377,0.024790041032018317,0.003663000144099149
2024-01-09,0.0029357764988342527,-0.002263409002323802,0.01697509161171684,0.015224607114340927,-0.0034294623704038685,0.007107982343556918,0.015197354263943641,0.014445305606847647,-0.02283214932024613,0.008296921842734228,0.021069927386615506,-0.006061485781921783,-0.011471837469128943,0.009732192804863704,-0.003918798084767694,-0.010899707630589117,-0.0012851521275369926,0.006185719757624275,-0.008255965316410818,0.011363995684148032,-0.010290436031329508,-0.0034969569004642542,0.0005340666919741999,-0.01164434849565854,0.005169410334960212,-0.005082397911203906,-0.019069984407115603,-0.006788464519505322,0.007620881099999144,0.004509483371007095,-0.00021044041332041186,-0.011678586633437238,-0.0065044489012621165,0.004127414524981887,0.00040698385116644253,-0.010704813025290805,0.02464578815898677,0.03772025363638809,0.00378011938343481,-0.006783772357605189,-0.0006109108467494684,0.01985762531467694,-0.0014343804269129068,-0.007667703775840029,0.04780308593358984,-0.002306083007331927,-0.0039263495471763,-0.011175938170518429,0.0006505484731755828,-4.308255624130286e-05,-0.009712796920895883,-0.002168032516604246,0.01345760190329437,-0.009982832374908712,0.00518172034223463,-0.0046142093579417676,0.010551787415004288,-0.001267456127959754,0.002166106486453323,0.0005399372274417225,-0.03036233833849944,0.04598057818762835,0.0006626635704916062,-0.003503071624193388,-0.011740089937066656,-0.0049654496495696865,-0.004496566953103742,0.007843117308772518,0.0009604219212639986,0.016692322391192116,-0.006696267210041462,0.005344233861932501,-0.009048564409505966,-0.027080555065996936,-0.045564813106273805,0.009891431601098732,-0.004334567639527442,-0.007827234849226317,0.01618448893229174,-0.0068138459895719095,0.009233434301948451,-0.019260401295586482,-0.007192275230528011,-0.00013754657056264108,-0.02527736813158965,0.008637335949662761,-0.008295273111492807,-0.01167569455484041,-0.0012309235987970624,0.015259751741698135,-0.004875768549279957,0.03741397604293217,0.0037800241086243247,0.0034163403132372316,0.0007398567056822181,0.004289188617177642,0.04548856549805924,-0.03245613139825554,-0.01053447363464377,-0.014598526172921567
2024-01-10,0.018574151281394835,0.005671400319862574,0.022769994411045325,0.015590940651907248,0.036482692589119736,-0.0017737290530481786,0.00943598339731122,0.008698130712680552,-0.004341182513256769,0.008363585765611248,-0.004823805756405508,-0.00779939387705042,-0.0014954836557894424,0.00823953768212804,-0.0019916829863808605,0.006611938129905681,0.0005514481591513132,-0.004146127911825559,-0.012070718534165414,0.0058164836475944615,0.004621089847052451,-0.008077873472580377,-0.008183625943505857,-0.008754808162175554,0.10252303635871818,0.0038188215792553937,-0.011400510701569222,-0.0030983444979245656,0.009148127825816754,0.006531911204512575,0.003844033603717989,0.004404379398847302,0.000297560007934905,-0.0073250391541214155,-0.008950312609638966,-0.0004493654742281361,-0.018126860363104624,0.052160249682984716,0.006595328652434951,0.0025699640881917674,0.005768900728271298,-0.008572523410144806,0.01577540067536143,0.001280504019749218,0.030207911250772712,0.002600408870289783,0.001648360421065087,-0.0014742039920166983,0.004294211773433032,0.00932208551709901,-0.0023201984962158972,-0.0019839091890542226,0.002894078380791587,-0.0006302334135499521,-0.0022953636616682704,-0.0054940286838780494,0.003589261866748128,0.013747917568972756,0.012120700665260165,-0.013107147172259248,0.03316493864310055,0.024648163133552448,0.0004415954383965026,0.0011718550246904158,-0.0033147050295163627,0.0006653169248378443,-0.018899279564947635,-0.017120618948744615,0.008795827002957113,0.0021698471262632246,0.001853890824114801,-0.006566575593452084,-0.006391931512602533,-0.004367720397012498,-0.006534772360763053,-0.012064048274054606,0.009577651975626766,0.0004383697593748348,-0.008169647312067596,0.005488495347880207,-0.0006534732580084635,-0.009164663176403298,0.0025969765240747567,0.009579299967185761,-0.012334006535292819,-0.0032378770572744076,-0.006292998098019087,-0.0184343527385199,0.037866568408626344,0.0025709086400567127,-0.008692891308380912,-0.003800939765008171,-0.021225571767112483,-0.003042583232199414,0.03807457157303751,-6.277167918167237e-05,0.006368966327913617,-0.005439661595188494,-0.026813891514585242,-0.005555594310838297
2024-01-11,0.0048593565914965,-0.0032225473744458277,0.008684398717801356,0.009432101662268044,-0.002159386159021781,0.01796277441025107,-0.001405657506030944,-0.0009040673160883861,-0.028725319101363445,0.0012188704921751725,-0.0035006667374100076,0.02905948781022638,-0.004732765964526542,0.010930004597541565,0.00019706950651277033,0.003980830843162808,-0.006858932961219089,-0.002009897237842617,0.0035811705197759114,1.6444497164869176e-05,-0.0048297858022897655,0.014284756855505787,-0.009865434358650949,-0.004826480563919433,-0.005871901706020033,-0.0036066983673547215,0.012260283684199402,0.014019140886764703,0.008840897949957904,0.014914047246072482,0.010825900336947525,-0.005989278701537426,0.00021251669507682536,0.0031321952114116147,-0.004105131968268894,0.010879511411452158,0.010532537155602872,0.02341103477559603,-0.013302191927889617,0.0010310136560629513,0.013408792252342261,0.0143441206155146,-0.004054650554489725,0.0009260107206499057,0.008793009479557634,-0.0037464283935716436,-0.002218070769733682,0.006397627879029644,0.0020952956080309004,0.008606051640219992,0.0,0.0009466241345390536,-0.0047529923616045355,0.03846764038573003,0.003960091777172714,-0.02537759905683956,0.007803199599581534,-0.002295026281059376,0.0076626183575199125,0.007265567779541016,0.014339271361108574,-0.015247590082350326,0.005957616347419092,0.003043006781445756,0.0028506607424363395,-0.0055751438213687,-0.02592681567617794,-0.008181513950576647,0.004597290621626282,0.008065155559040305,0.0021027840969252143,0.0056657319037525244,0.0010503063276599,0.0016893599923364366,-0.024346801916841798,-0.007254243510609992,-0.0056058558481990595,-0.005841143491100653,0.005740866943971357,-0.011735816384791375,0.0007992487571675255,0.00019819489413253066,0.020858879497273275,0.004085866795422222,-0.0019212125143082126,0.001068558697323585,-0.027612748816608024,-0.015606405179875549,-0.008394426908802877,0.00825684302065377,-0.027423488316760003,0.01384210497099403,-0.00402237742232936,-0.01743928194766109,-0.0013989261134608189,0.01463467416626063,0.0027020522707090766,-0.039197839080111985,-0.026337099290633215,-0.024208587935078407
2024-01-12,0.00998361097455347,0.0017781229460982484,-0.002042966650322886,-0.0036086969005325598,0.013038592884361266,0.007000193984354253,0.004011768426829487,0.003967476379783008,-0.036660513098772496,0.014341240683277023,-0.009863577028276227,-0.0001422248189997255,0.006862092073328885,-0.001590005226127067,0.007291413033207128,-0.0019825233315557966,0.002281526307979842,0.008415436806574528,-0.010915207061834242,0.0050762525813174975,-0.00647096779141898,-0.004606758554135615,-0.004408278740471783,0.01125042426077938,0.0038640774638243336,-0.0028263602449789538,-0.011991845632800646,-0.0006972234785108666,-0.014041721525821838,0.007719511318532213,0.01881070565084131,-0.010329234551913036,0.0025919971948829,-0.003175307378265435,0.004671667669522872,-0.002721793960588026,0.011593838515585597,0.005409750078301023,-0.00814508210928222,-0.007390169341907948,0.006409503355858215,-0.01784178230075273,0.04203099874737748,-0.0065203795726369584,-0.004112129043067125,0.008388802953063434,-0.01656505994368085,-0.0057049467453325065,0.008074798130046856,0.008945503793172715,-0.005813905192754709,-0.011253509957894536,0.00716353677799475,-0.002884506353176164,0.0033620923089057175,0.0,0.015306265888760384,-0.005227938134576338,0.00743822393651028,-0.03048160163681979,0.003052186774441523,0.0014425263670119204,-0.0013892113436492215,-0.0033838190952090175,-0.011411404011601789,7.714941770231576e-05,0.013557168124428198,0.002660949155102399,0.0023670747736659337,-0.04191806666116815,0.004868237653399499,-0.0012519848066402384,-0.00104920434170086,-0.007398947981151149,-0.007912367013353627,0.015710643112146316,0.0034691798599424395,-0.016451273743520067,0.017538077388747464,-0.0038663185083721574,0.001306756705408807,0.016183347368516454,0.041266080136562966,-0.009178454564828575,0.01122875779958421,0.010930350903927355,0.0036810338522161867,-0.012898012636524236,-0.021308240766750308,-0.03161071379435609,0.005081989726082314,0.00984596515811953,0.007726051287348046,0.003993442399482294,-0.00257261780418494,0.0008666546704658717,-0.021062345481895228,0.010436400102026955,-0.03162714137183531,-0.0057251401300709714
2024-01-16,0.004633530999337276,-0.012317089655153213,0.030561199934937555,-0.009442449238027617,-0.01877219408427211,0.0065722111743129474,-0.0011215451115715869,-0.0011092876872981217,0.004659894354722027,-0.0025613254859390144,0.08310595071960769,-0.022187933490083966,-0.0065762304981105135,0.0019110448426395976,-0.005551255640979247,0.004966229623405205,0.0033223118446379374,0.0065620412908065084,-0.0012732928682889222,-0.01302708542358133,0.002326086769407709,0.016595005003873897,-0.0060046719457432784,-0.009885480678473724,-0.003794245182244138,-0.01655893451012913,0.026945032614990483,0.001935092568288388,0.00037118800376134686,0.00943700137399528,0.004414911126547905,0.007827718689187524,-0.00283957693414294,-0.00302615906971615,-0.0036926184671616236,0.011059403808412638,-0.004514927090171983,0.02093837708482993,0.030906146779799748,-0.009422017020219053,0.03374300766701577,-0.03680280590057139,0.008495272018203659,0.0037250391924197324,0.010375868636234298,-0.003442310091329448,-0.01545861985287078,-0.041803266181320464,-0.007470476687658101,0.039021680205521214,0.0,-0.0005738372953816295,-0.01490264317502199,-0.002436109338701753,0.0057657707477998255,-0.009742326346985797,-0.008296764817683266,0.006937183795916457,-0.0038772580099830645,-0.0043200073242187775,-0.007046743055512672,-0.0010563777321904722,0.003660858056060645,-0.0029270575960753664,-0.019189880835579043,-0.015609348626626551,-0.006258369372993733,-0.001857741355023368,0.0039357682336012,-0.028563916110834975,0.0007517234962661767,-0.0025070487022438304,-0.015754194264001264,0.009427247188121601,-0.03577152803491135,-0.019664260906992248,-0.03097092455471573,-0.04778973725645552,0.006422771670953953,-0.0102578024678458,-0.005582977687671686,-0.017420649633239527,-0.022701093301906394,0.007210011113695902,-0.026967016786967224,0.0010980888716660697,-0.007778464911180172,0.0044916540842754316,0.01502108674512126,-0.055010381419509535,-0.006524245912888915,0.006109929268171221,-0.031015835480526888,0.0014732779546569041,0.03536864126519945,0.0012370869377285043,-0.02100836016757257,-0.028168943455976203,-0.01718949766487088,-0.0076775358080907186
2024-01-17,-0.0020498316946956363,-0.005173512943255187,-0.0058351565829622976,-0.009467203666572499,0.002476470046455681,-0.010125849705575507,-0.007158426788816952,-0.008259317228504925,-0.019826295019533036,0.00396192496694292,0.009008395025177363,-0.0018909560314515073,0.0016248677585373184,-0.002643583705671859,0.0002459267306447188,-0.005732376253264504,0.007297047020143221,-0.012755015981073536,-0.02124946814318518,-0.006607803721989103,-0.017173396979492828,-0.0025364165165282504,-0.008908998476728214,0.0019769855154134763,-0.009521656548746704,0.0009101110982092653,-0.015719203657492575,-0.01082585342485376,-0.003938707372333483,-0.008525864710074327,-0.008737680170496254,-0.010032366081900057,0.00046753064825866275,-0.012567233051420712,0.006177139149791122,-0.007603954724084039,0.005698401038924938,-0.005993044142545645,-0.003551243102738688,0.008167048168789881,-0.007818067910517867,-0.007055111342472831,-0.02235349092535066,0.006008662332579018,-0.034999543233021235,-0.010074907078525097,-0.000296315684016224,0.024636417586191506,0.0005437030773511875,0.0019287787372190834,0.0003189662766982515,-0.016795108250953206,-0.018222410038851278,-0.002441942016365717,-0.00014893272830218685,0.0009838173039393716,0.001530822219933503,-0.0031315557641029557,-0.01254657879626031,0.007954345742021252,-0.022258081743794067,-0.01086326946630689,-0.010796583803398985,-0.02137162101871226,-0.004949795074594143,-0.012904917970054774,-0.015435909461381514,0.004785969217087516,-0.006115718783893387,-0.00869234525240381,0.002503990133303269,-0.002827526007025294,-0.029611860538293122,-0.02470545201170027,-0.017717356334234435,-0.0008561606286113799,-0.015162727723601499,0.01160604921498054,0.01809514376931043,-0.003081249523830709,-0.0038643733349117415,-0.009129431393090304,-0.006561680052816987,-0.0074755069198939594,0.003912645547273774,-0.0015187976720481,-0.0037369436606763395,-0.02073179329841457,-0.01492349673397464,0.008612719720821227,-0.013462480657994269,-0.02950293333109011,-0.013306989216774978,-0.0041189525575809904,-0.012480262253661056,-0.00926612277461858,-0.011691592705273535,-0.018357538845871657,-0.030607815358651203,0.01740815304830834
2024-01-18,0.011297388457887969,0.032570683411353496,0.018803592094013277,0.011798781932089941,0.021065803047168208,0.036460163483760244,0.01420792033287821,0.014696662555012674,-0.017026203279914,0.004560129651199674,0.01560841623637299,0.010367895250235293,0.004385939178269682,-0.0040261088361012165,0.002704378865434842,0.008946337371072977,0.003774244238523128,0.04285088751123167,0.014763358334811016,0.019205051314238997,0.004486480478207211,0.04544566370610803,0.027644412903475413,0.0013483414897874635,0.036363095227971876,0.011012922294413086,0.0184918460386696,0.04349847116220684,0.011149361683373327,-0.001798226580911222,0.0009363545603042756,0.017107984660069686,0.0029313158723622834,0.024483679686381432,-0.0053205917245741086,0.04888888888888898,-0.0009250905174517099,0.017299859108386606,-0.026640673616040056,0.045291825966303545,0.013144975941879355,-0.0006331082782610187,0.016327448934452704,0.021870864270020496,0.024758376261969417,0.0017447331885989126,0.015261502621113587,0.03673402546936244,0.006333916989536226,0.023554725835466916,0.013817978285095789,0.029832611496355632,0.002451398847000963,0.04360462740983695,0.008842309012476735,-0.00455677729788817,0.015498312377539625,0.008795773171629495,0.011364076995873607,0.0159426070040094,0.013032017971742693,0.02011857038685605,0.013790523842307056,0.03383738238702838,0.019321132426288967,0.012015055102216898,-0.019189845030382124,-0.02064044919548147,0.07178919470466094,0.01901150228804882,0.0021647001491069684,0.0018903423558616073,0.010584146296445551,0.014781198371399018,-0.012755344282610714,0.001713788535492533,0.004075421027417425,0.008527179097020277,0.007061805905489216,-0.008148381969204865,0.010320624451054305,-0.00026701352956837177,-0.0005283129160514877,0.02720587600226576,0.0025982436286875465,0.003718278149410059,0.006931124551022183,0.013145214082805223,0.010338848527752464,-0.005965362399947383,-0.007322326936123891,0.011449881551898633,0.034627329376068605,-0.021344161890124558,-0.020480573722534756,-0.003242326079494151,0.005091404215337603,0.01181101253556105,-0.0009021406267407661,0.01901138788616108
2024-01-19,0.012186808769524937,0.015533014896551123,0.041746135350402946,0.011986946826648914,0.019461375665840164,0.0588244835534133,0.020211940630249225,0.020553111350006592,0.0014630807600990448,0.011144859192708356,0.07106410333015312,-0.004862840995311646,-0.008314885475105838,0.030065648002232104,-0.001152387430843449,0.01024631443869306,0.0016374811902504227,0.045908278174385364,0.030166876268250098,0.017698258936585054,0.019040844879203878,0.04739931568602418,0.04038098428192094,0.010903502350481986,0.007770318891589856,0.003247858295236661,0.031714247242214944,0.05176603022508397,0.02485255644698081,0.0047114831529906365,0.0036559402301747923,0.005571076632342242,0.009149456308692905,0.02526716334639212,-0.0008230034971108413,0.03896608514300848,0.010300918679750914,0.00586711524305672,0.04646599787770911,0.017863601560207165,0.04705926104171687,0.011122074181389552,0.038634617559827555,0.004254794242423587,0.026244299310506092,0.002902713262888268,0.02108872979593812,0.06007407848397084,0.010850110912153266,0.012377719935830589,0.00922630434213989,0.03189830339081712,-0.0012227020929994614,0.042075982775307885,0.012086186226264006,0.027286537888937534,0.015086802258095666,0.011002753044234703,0.03093128344147389,-0.0012553631741538673,-0.008304809034366034,0.013052617745160644,0.0011639169323385268,0.03806869359198184,0.013760554275138892,0.012630798030690338,-0.006393862142103801,0.0018914756200016924,0.020756602773155164,-0.002779511672299062,0.014289221168580779,0.002830193545508175,0.00802508153189363,0.017967407844947436,0.006359112297957159,0.006110228385822314,0.0003007256985936291,0.02767095062134106,0.026709733994290996,-0.007365391704038271,-0.002245870907304881,0.008815226505985096,0.016124683217793256,0.006354743555648357,-0.005506967012384623,0.010818741454066583,0.012106755793761526,0.008877376605330056,0.014785767989288434,0.026593996644525886,-0.002849991270642671,0.014830369749958328,0.04227580926245045,-0.015319589943777023,0.022617153559183256,0.020267768552443277,0.01221691986396678,0.0068094017817939,-0.006771991923863796,0.011194018896451219
2024-01-22,-0.00541802390287105,0.01216330058858972,0.002739918569858224,-0.003604979862209201,-0.004355231124188119,0.007678376158393174,-0.0026642941429101397,-0.001757075790302598,-0.015976244642273096,-0.0035396650807965058,-0.03472423348513887,0.0057148342028898735,-0.0040414897688428875,-0.013016042999570376,-0.002233795599200228,0.005851360140082029,-0.004722685650289882,0.005988341426134358,0.0014537838547439286,0.013549122078848619,0.006228384481371085,0.0021436263255811827,0.006795323789494212,0.0076345996626321355,0.002641241702763919,0.0012949223449381098,0.019769119932666834,0.008737499563280071,-0.030551551063323523,0.01170060334338019,0.010102841685375896,-0.00841680066471484,0.004868990835183551,0.013040987987963826,0.0037063044353646823,0.016492904472546144,-0.10150075057194241,0.02342039406296026,0.047167123251467435,0.011678048356968507,0.012288615588011309,-0.015803427193724517,0.01744310211734046,0.01587712048161527,0.0279479413449939,0.005788734221589209,0.014864589008262596,-0.031601306988778166,0.004139957523483506,0.007625684278267153,0.008622420353632698,0.002198185227135996,-0.015040234448437384,-0.013646612207589115,0.002588894848472023,0.02411535351528782,-0.00037927292412265334,0.016221784458954946,0.008647015370664812,0.01571209330049972,0.028899807511257647,-0.015705804008155022,0.004359447965125218,0.014534832143088705,-0.004400591739144533,0.03739374546892038,-0.005662739115740334,-0.008630083433638913,0.008220469488361859,0.014527863092583804,0.0057335129710334165,-0.012229520135238148,0.007151514976817319,0.0055240845035096076,0.0,0.011660379729404369,0.009017109496027631,0.037995526903573884,0.020489588051329388,-0.0051369948765046525,-0.0010891220966807724,0.005825532219217555,0.005072833033056501,0.0019870923558293896,0.009120481183664486,0.013909760388965742,-0.006641077042415011,0.017869224932244743,0.01082478412638821,0.01192875078240907,-0.009246792893298439,0.04133344759777802,-0.007267137126669598,0.004138630921244779,0.03084409926762377,0.008154423804383581,0.022078303592845128,0.011594191414130428,0.02545452117919922,0.0
2024-01-23,0.006027550558615369,0.006653222395139657,0.003671174643899322,0.008011406531487353,0.008958073861044413,0.004760392129250279,0.007192189557235995,0.006566826334204023,0.0016283349277841364,-0.00710456576912355,0.0014270751790717018,0.013341317041709377,0.015323110471469947,-0.010619847735195309,0.0034935257791961494,0.003684285976989221,-0.0038934138620125847,0.004121180761009091,0.013894611198343343,0.008261876744231511,0.007565379164039099,-0.007427213174889702,-0.0028027540355320957,-0.0008060355850149081,-0.011708027793481901,0.009450901406314882,-0.01916180104669074,-0.003779018957628111,-0.0043924171162630365,-0.0009315242966000392,0.01246247975458803,-0.011819044565681502,0.0040100532094511365,0.02057674526800435,0.017642243805682023,-0.006050326823634711,0.013387773143850312,-0.004252860542920622,0.013272788299584448,0.015273676220227461,-0.0006424861676113114,-0.0033246179312202973,0.002055449098217199,-0.0011795381815544737,-0.0046541707339229355,0.004028759414343552,0.002042169960846829,0.016316238993470566,0.0035575175121058678,-0.010251554837022003,0.040374971121613035,0.023258985665635112,-0.013316761435794633,0.006988986728053037,0.0052736348778681386,0.012626937705775054,0.004967581127192311,0.000808185481381507,0.007934947750860344,-0.0167839017111584,0.027928563979553456,0.009841379163545438,0.00470237412547303,0.013775622982454383,-0.010147574134743209,-0.01859550765378082,0.011001792009043942,0.010609445651613258,-0.005721663637899388,0.00016940492013906017,0.00024430962678723134,0.0076190403529576844,-0.01299572921536829,0.014712637925102356,0.022266813326540014,0.006843554911258876,-0.005808748781558237,0.01138493907589222,-0.02985412353928185,-0.0031554965124956924,0.011630375514597224,-0.003093334297426864,-0.0020706100642647884,-0.009254797362934886,0.01775342648599265,0.0015607886862092357,0.013612523489654915,0.020747406675633684,0.011645427961229693,0.0024631879800363077,0.004411985748969505,0.007224372805816559,0.028600552306323523,0.0029002412733343252,-0.005708518679522379,0.004378770618343353,0.01346482611924893,0.006685739545265967,0.0008865451346249387,0.0036900333293332643
2024-01-24,0.009175241208600138,-0.0034839261261312426,0.024869331976294262,0.005447960655367012,0.01427829653609658,0.022473873006506606,0.011289470469976637,0.011232267352716985,-0.006263735117226887,-0.0015707282648977916,0.05860346291707419,0.10703182188681826,-0.012168893423765925,0.015573173761730175,-0.016205387804940075,-0.008693913501441886,-0.010626636342922935,0.005667720633143247,0.004090831774111292,0.0005661749353838008,-0.003413003942548176,0.04244235982260891,-0.024492308726427603,-0.014229949372391193,-0.003607862805735551,-0.015127659836828511,0.0062835948752224535,0.021399532969597512,0.0017561013821918436,-0.027609766457594276,-0.006641692411283762,0.0007611144274777271,-0.007988010334788687,-0.015245528826889565,-0.006182054713450125,0.030872062696121194,0.0006290314576202771,-0.01144750573900366,-0.015376210723283767,0.08854170995665234,-0.0021317076016689196,0.02555007991100733,0.001585261142901473,0.003247528443064196,0.0101255083825047,-0.014330754048346162,-0.007800425766314456,-0.02716885388543233,-0.009475327356100016,-0.00670028326952532,-0.0017820047655578986,-0.010003082693876508,-0.008997660657654616,0.023796038831241484,-0.009117016786241328,-0.025444470556412857,0.014348457265858983,-0.01776695487797586,-0.00047470178719433154,0.00235993876558771,0.026393368290432928,0.013530137876272219,-0.0010801350086357964,-0.01554517163152358,-0.004528309564170607,-0.0064935004616650804,-0.014338788091541765,-0.00888295605653766,-0.009638983998687234,-0.021278591855426465,-0.0075720591718497765,-0.018903603837316263,-0.02877691285298767,-0.019147474433550138,-0.007947385921760697,-0.0011924454256294625,-0.002247213870845033,-0.007551991692678728,-0.04984104293904568,-0.01928052284734716,-0.00941293077408456,0.011421375279573098,-0.0020750053280105263,0.006761284146470148,-0.047256572745628,0.003321840431260936,-0.01795927028452593,-0.020846885656300884,-0.021613987454812467,-0.00669858458277528,-0.016387859917404324,-0.004987804416274444,-0.0024825838418964796,-0.009436760212879869,-0.002311127846722272,0.004541326235047327,0.001847207863843181,-0.012333976746814246,-0.009300225207360846,-0.0036764670434089597
2024-01-25,0.005738269009845087,-0.0016966675118492702,0.004155646512923328,0.005609771850602074,0.006347531075673096,-0.019037057438284544,0.02131807823808285,0.02188222914914717,-0.12125293136804816,-0.009628388890963402,0.011442081001416193,0.03143870104120583,0.005797049635843932,0.026546690970161935,0.00545754198581605,0.0198791742440807,0.003456775053047867,0.0006478338192581479,0.009370525219857928,0.008346690590283812,0.03356167229015172,-0.008671152590607467,-0.015581872412232634,0.015581046695990253,0.01324072148379063,0.013458760730088892,0.012715657287743376,0.02056216161291835,0.0018588689497389677,0.00561323302036798,0.0006643939185235759,0.006192956205501865,-0.007213559818368909,-0.005042864269341418,0.007437499316501173,0.005074775115399888,0.00880176774023722,-0.0001469192170335809,-0.006994096035222053,0.02569309885871429,-0.01261402181855209,-0.00048447975237886354,-0.013558690081009517,0.01954853176409488,-0.02271215982397612,0.017737732514621074,0.006516029131220513,-0.03665505167425687,0.0009365290528664527,0.0054887591815673265,0.011702869024567963,-0.01028462607329117,0.0012711039624502263,-0.03154397921697161,0.007174530433674109,0.04218902878933961,-0.010626107101311288,0.006988697675724298,-0.0036016925865574034,-0.0071417049583401004,-0.008470693592855127,0.003734072873678551,0.014993165826514776,-0.010048543034975932,-0.0011372431747252998,0.009599698314785687,0.014287550391513193,0.011949989960777563,0.00537482228740882,0.004286692632898159,-0.0072196017542411894,0.014450891835567692,0.018448632264478793,-0.006246822027282772,0.016813341291466166,0.010148023548741447,0.0063062789574763745,-0.0076094582582306725,-0.003181590665873424,0.024061022616407524,0.007834047775084674,0.02036560338203297,0.01754393966283918,0.011752766494010691,0.008655070359828487,-0.004782334756322726,-0.003843651619057753,-0.032734518090801634,0.005224634946907836,-0.000441717151836607,0.011508041135304126,-0.01275997087061953,-0.015596459591330492,0.015903441972876076,-0.023920406498233016,0.01567212898837078,0.012410467826202032,0.016330459057231073,0.03308000640841824,-0.009225127312000314
2024-01-26,-0.002321738960018971,-0.009012720896651283,-0.009510338890391767,0.008684596622424712,0.0024416857178384266,-0.020422760257876038,0.0021071135478196723,0.000976268530852975,0.0033948152034783963,0.01026618652465161,-0.01707980812832377,0.01498217599671925,0.007805013633603641,-0.01389383561408819,0.001412762590760508,-0.003630851036842353,-0.002460592411981266,-0.024276558363213074,-0.11907160044452192,-0.00020266081278208503,0.021868739866552245,-0.033192439461598,-0.01989010791706225,0.0048668187988119005,-0.0005600220134797107,-0.00375194765005904,-0.012892308697629806,-0.03068391671408599,0.004667122716406125,0.0004884686408739292,-0.009295274768520323,0.0020516406452222302,-0.002619107443352253,-0.01708064026280076,0.008590595834207182,-0.06595085970360437,-0.008849640834594719,0.006613950979901473,-0.01593125868236711,-0.0015303735716963862,-0.001579695220376598,-0.01841714697923924,0.03278122751285606,-0.0037934939499330023,-0.01073398074083487,0.011142839704241014,0.05284634772064667,0.017624768752432463,-0.0011695914781866268,-0.001494110814529992,-0.0024507400721953676,-0.019552474697226985,0.005440682632957383,-0.027999986921038,-0.0036614455076211527,0.005972572153311928,-0.012758177095489653,-0.018983471592419976,0.00524332601477151,-0.035965559836590666,0.008695647113458493,0.006696440133767023,0.006746658367399405,-0.030451793758704326,0.007864244322848934,-0.007004827525213031,-0.003201434392675173,-0.0013419012161267618,-0.011703475932792973,0.004861760231747558,-0.0005784620575860489,0.012345659631675776,0.003842442277251168,0.021676104373802962,-0.009726680514996366,0.005673037750579368,0.0011937009110991603,-0.016059035969966717,0.014403752121045388,0.0031517705113202066,0.003454697848745747,-0.0005117824162377271,-0.013026873980920506,0.003056888647758438,0.0059406042807954584,0.0027517585867509187,-0.005645584467506293,-0.013481955207300333,0.014078113757688637,-0.0211538003338394,0.008490405929395983,-0.006168699965915847,-0.047699338340040254,0.0037812902983846985,-0.012515561830688804,-0.006587540714252604,-0.014920073591915495,0.0037807147581732092,-0.011250550498271061,-0.005586542571791475
2024-01-29,0.014334188225456401,-0.003585918553020817,0.023496300098036604,0.01344896590822775,0.01745566070314153,0.01069817292693065,0.008673316540210196,0.006827512176323713,0.04190991910385411,0.010380277242207692,0.0032722247168106566,0.00941410763660655,0.0017275901648896586,0.026550238606076526,0.003885696399954508,0.0028768992641892144,0.005735031171552496,-0.007165617186223439,0.004352774801080761,0.017961861972002113,-0.0032424927934296965,0.009466757871990472,0.01188370401463601,0.0053886623233825315,0.011740830883306241,0.006194251640716741,0.011584288560067657,0.008056838699770141,0.009739681840297054,0.013134327638189891,0.01675442817352457,0.010775861714597879,0.006819146839181611,0.016861776908989157,0.007718949105216311,0.0011846138085664926,-0.005658915583988788,0.008205809889499038,0.0222862163149804,0.017136266340751938,0.012520152696002818,-0.08196381481123904,-0.010229421214892565,0.0021937035012731254,0.03568604580022994,0.005651335586006168,0.020585496134004844,0.03204920008674139,0.00700891998882236,0.007334891520249354,-0.0036360332037600473,0.010924163986873792,0.002705655295717202,0.030864174689360535,0.011370251934358588,-0.0021439310137130185,0.02806363152300939,0.012484362400674742,0.01643815364014989,0.018776655729074276,0.004990837688330529,0.02041758248419545,0.008323984059645406,0.0035665576911969588,0.008283981058072598,0.011612798030560478,0.0069373193850534864,0.002687511187284386,0.002923931926617218,0.013486261101846253,0.003472781217685128,0.000938048146537751,0.016814705425589382,0.009971568077579596,0.029761308829744815,0.014102769177137153,0.0013413408246181202,0.05146301852761548,0.03969341097281154,0.007997789414971868,-0.0060249343632378105,-0.008832596225637479,0.00763462702645934,-0.0025251505284938913,-0.015748016714081325,0.0017203089831427931,0.011028497947336957,0.018267990173177928,0.031801142484850775,0.002859415587994407,0.004546227656818891,0.03470844553962782,0.015044220780904283,0.007986119134439251,0.06294114281915908,0.0037636948749009136,0.04330509938448368,-0.012241065521826466,-0.005689324549012276,-0.011235944019676425
2024-01-30,-0.0027579929694567795,-0.01924582758897042,0.004946715279825709,-0.014014601164705653,-0.0023938743239190208,-0.00789146160394194,-0.01335409983926139,-0.011560277244044292,0.0034567835721344142,0.00969723833093239,-0.03244674246780166,-0.0224734763285368,0.008742202046156944,-0.003601793894992711,0.005522597650083894,-0.0009561911681990054,-0.008522897914404415,-0.024458725454676533,-0.020985446634134375,-0.007903495498554403,0.011711145269560408,-0.013295289002722033,-0.024030296288311326,0.0037325980685669613,-0.004931941921949012,0.014035906436308254,-0.032670888544798604,-0.011834960877388001,0.00035736141150755074,0.023541781184024835,0.004111731247094852,0.00298506151585487,0.0037019460652436553,-0.012474601892229153,0.008187996661283448,-0.007882351301823243,-0.005691121158201362,0.0018537716102462465,0.006075140050749939,-0.016530291519597173,0.0008492713392900253,-0.03741832766477793,-0.023702763883649336,0.004377803399899793,0.0022615912642205416,0.00730537567908085,-0.021349014878768613,-0.0012546740662382483,0.01131228830331188,0.01078628872168963,0.005720503348912276,-0.010576185399583493,-0.005036855163308318,-0.01867689720549226,0.010145188643791547,0.007189447994621734,-0.006302111567851432,0.005959739343130543,-0.0029545921283088417,-0.0278470751265405,0.003912748655699572,-0.045088237801153896,-0.003008310670391756,-0.014559259699489457,-0.0012240842130429863,-0.003423749040923907,0.000765567620451435,0.0010720208887129434,0.00743443363811247,-0.020730685096287615,0.008734323939211697,-0.006560421602127664,-0.00510886350430062,-0.010109433925069689,-0.02260582983567838,-0.012168305025117565,0.0001487499102958978,-0.031184495739285722,-0.015829854608729876,-0.006800840811573838,-0.007432521039742568,0.013366860759855381,-0.003467372068030272,0.004844837010145708,-0.021999994913736942,0.006214944466419681,-0.0017776439633618857,-0.006162653641876292,0.0068838523074301605,-0.006692910861634482,0.0016761393626694154,-0.01603757553816576,-0.01534432915137851,-0.01861118438842979,-0.011043183711717974,-0.006427816947935261,0.003271508475637397,-0.03717820764135882,0.00176060372958875,-0.03219698286718742
2024-01-31,-0.026946351756786724,-0.01935758093816564,-0.01986486586344316,-0.023899390262627773,-0.02479623799103614,-0.02330819873445611,-0.07500330190670379,-0.07350538892962666,-0.02244377647032403,-0.00836256733343066,-0.02539808891778772,0.0022386245363399393,-0.006426107589129204,-0.01621121141406756,-0.007404730871779064,-0.03943340940090634,-0.0029066247963724923,0.017331133397338494,0.0037279512799501813,-0.025304073294960094,-0.0023579980011477764,-0.011669889180110915,-0.011909953089935366,-0.001144190951463231,0.0024649279194217666,-0.017678482261045847,-0.004758630973569544,-0.012706535608686176,-0.013411510892745171,-0.028470189364560805,-0.01766116669982143,-0.011160746506397534,0.030135389378286304,-0.012221448165133375,-0.014016239797658092,-0.0022003823168119663,-0.004578995138323272,-0.021336276186849523,-0.0180971634124808,0.0020621153265787395,-0.020908301419457875,0.01269160267223679,-0.013536558274310106,-0.014227586163624628,-0.02936786435795058,-0.004184036752188924,-0.0354657585999163,-0.03658922455855118,-0.006964389959721262,-0.01735631570709084,-0.015494771130137974,-0.02137840258340651,-0.005243191255232649,-0.01641733041917004,-0.043752349669261115,0.000984597549116506,-0.012853483740172256,-0.01859039495870818,-0.010371597650597475,0.004636125129143576,-0.033278387815475874,-0.012041379138731267,-0.015647995323107677,-0.009073973797165458,-0.057291206734406686,-0.01225151227255783,-0.003824618082870601,-0.005890158366627207,-0.012733283832241149,-0.011419710712376241,-0.0056362916380663375,-0.011320714202514126,-0.008648640400654606,-0.016632233403689356,-0.013857696418748677,-0.020647519368181544,-0.008333297381323712,-0.012269031309150358,-0.018844116968728453,-0.006847300113940302,0.00021809362872637905,-0.020327453842476917,-0.0061855120744510605,-0.015202849367743188,-0.028629861902498943,-0.018529796523434117,-0.0016998468748291584,-0.01984294401904141,-0.02975561753197753,-0.009457351231643818,0.0018407063828835835,-0.02260284115215505,-0.026385720670403123,-0.005179039746878389,-0.03612256590311147,-0.012040312305197753,-0.02846469108881522,-0.007920784226189581,-0.008348002291164835,-0.003913890490010341
2024-02-01,0.015594377022054351,0.013340600842146166,0.024379539915544646,0.026288672108771616,0.011893125433546148,0.016957635394597492,0.007566006512594647,0.006417515109482963,0.008382761388752824,0.013815299790582491,0.016637803360445957,0.0060272367133220595,0.018809696741864057,0.016397331359489842,0.009436077985633284,0.0,0.007876972685697314,-0.04982825513567546,0.0064995071354669864,0.0024234049075810837,0.004082480081034845,0.016250749356980787,-0.0026854402254168352,0.03277536903486533,0.014832598311713463,-0.024473435591213177,-0.0016326459434220508,0.008531622827179897,0.014534687650805456,0.001130624922364598,0.01591039217407575,0.0036547777248903124,0.005289295541600181,-0.0018195368184916738,0.016872649516424865,0.008517941124765338,-0.0012777724430294013,0.004312993450589442,0.012468406709415847,0.02382098655889142,0.007141363168606141,-0.0022070339925088778,0.02130491669916057,0.01643516669430123,0.023487162793803362,0.016246442688021556,0.016303636141713485,0.010920978000108716,0.02145321558462543,0.01827868865662463,0.016236649699452377,0.01158753430093351,0.01672115887479042,-0.012259885362989054,0.01640595448527704,0.046147518470639026,0.01006628165751744,0.024146540909768754,0.004964381930361528,0.010300782989021373,0.030392295695419458,0.02975053929277416,0.020173951067016693,0.005517741477098381,0.017892545472078414,0.0029922087376803574,0.019836230661183674,0.016967337336248223,0.023596554327201646,0.023685663978890492,-0.005175428123214698,0.01717554068085181,0.013495063461461232,0.03137224555821505,-0.020089127633688753,0.013416328128291521,0.003151246794658169,-0.01782845557887347,0.019768555417948974,0.006032722671300617,0.0024712627806775522,-0.006634605411837913,0.009854700204475986,0.014820044955278222,0.00456137406198609,0.02107397161270108,0.004743363948652268,-0.013215167275527295,0.020538853890667452,0.014733298623306412,0.021212635383684786,0.010141296763345853,-0.005820292788078163,0.03835561133753074,0.021347294879344947,0.008488505532317392,0.019089651711004185,0.04391213176466291,0.030128503073560964,0.027504884536087015
2024-02-02,0.018425881578826964,-0.0054050867148502935,0.04970878367019349,0.07866649218561839,0.20317643169131228,0.02027479425729073,0.008642683402186657,0.005815896105517915,-0.0050301649114266045,0.007097433764793548,0.042116424885682235,-0.0050571709182235525,-0.004251576823027681,0.010909265522236034,-0.003817441776320929,0.0,-0.004430776742788467,0.004110281543093786,-0.017527724297333847,0.0106185126154692,-0.03509521518754022,0.007246759574965456,-0.0030684794644164626,-0.004221084321829216,-0.0001563128486379295,-0.006081784821297953,0.010162396219827174,0.0077985004542378,0.0008261859648417413,-0.021181465749720796,-0.013155459746162834,-0.0040698818853404095,0.007001763456040422,0.00046878599684818667,0.0043114949974836225,0.008713122936077511,-0.015353179649586712,0.014971898460494737,0.022314792209201295,0.00013474422277282017,0.020755882580640872,-0.015799036715836934,0.014082409399305051,0.00595065851002663,0.014029502874485456,0.006890849184445491,0.0004095675905790852,0.006449495456776866,0.0028500337277712617,0.00533722927165825,0.010782259750156342,0.009295390063326803,-0.010547017645191503,0.009869837081000865,0.006980446630944659,0.016297183304950114,0.0025169735863095344,0.016869878119649018,0.005410298518784273,-0.01337683042463178,-0.00015040643032271372,0.020503232858073428,0.0039828947173412566,-0.01587858244159679,0.00099578181722082,0.042071444701003324,-0.01330160817560111,-0.002913050861857891,0.011598013036389965,-0.0002655413455051603,0.005532602620870408,-0.010318947105368736,-0.005917885958866109,-0.16511483362316548,-0.015350400874537318,-0.007801371685801306,-0.018100211100843477,0.04151169399691179,0.05839240302297166,-0.019131981007557197,-0.009280733731803936,-0.01636982700378009,0.00012843010507457286,0.011213498828764656,0.012574244530362932,0.004703607513892649,-0.016583951014749743,0.009118098979732814,-0.14715572932523824,0.007785716074606208,-0.021589789139705218,0.02495170336185626,0.01115990874596462,0.022708852909913757,0.06585670413146238,0.004028125783500203,-0.010498138614168262,-0.020076485409284417,-0.026236585391465006,-0.01147226435195503
2024-02-05,-0.013545078808628541,0.009846577950857638,0.047944427008463464,-0.008730574595861018,-0.03280066294571382,0.015322549528190565,0.009130409807463602,0.009683708058127127,-0.03645365318513305,0.0023679211845712977,-0.019306584846715547,-0.004569313231280958,-0.00029246681523542595,-0.00671121321457846,-0.015868705969665386,-0.013351972490392217,0.001421657369727214,0.016514900822719003,0.003990657035958689,0.00159473165020807,-0.0048791576837131645,0.017302912289449912,-0.0018844413160092888,-0.003774873020474412,0.00044300865779356435,-0.01580748607346638,0.0057816834018418195,0.015047090656381545,0.01786103441087361,0.009913398430027698,-0.009363270122639267,-0.005161799532915956,-0.0021301345785836867,0.0023945415953305904,-0.020033834532363404,0.017474181610088957,-0.003248440787084639,-0.0016808281932684244,0.012843088510541945,0.008847377361072661,0.0003372318584800027,-0.027690802228500955,0.001043474285330248,-0.003630872255945272,-0.0035577200111547302,0.005474973162408192,-0.01207781805255792,-0.014098001910159863,-0.005942181088838483,0.007934552385179483,0.010085346080557667,0.0280478097829,-0.004155366731290244,-0.007552230792973513,-0.006786471565603636,-0.020661535701576694,-0.010212320512236417,-0.0007994623587044281,-0.014193856405430472,0.0022321781953087427,-0.005268002568547425,-0.012602714643086488,-0.006472666503260505,0.013880628262394223,-0.012262073929493966,0.014069343428150916,-0.023273486780906794,-0.011420990378452456,-0.01684362938011197,0.08532833634105397,-0.015438920138337808,-0.019273260990682273,-0.006764984105342875,-0.0487453337148549,-0.020615406525440694,-0.025970934498096065,-0.007617306591243711,-0.0357142857142857,-0.0236021013071821,-0.021251807122678712,-0.01244142971191331,-0.003994182523232026,-0.0038516247799288417,-0.008295400602560177,-0.006554002606336984,-0.004762259591551188,-0.007713789895766654,0.09543970538021496,-0.010764047768804796,0.006711409395973256,-0.02173184961037411,-0.04897539732886147,-0.0670345902002657,-0.01117441407781905,0.0020183134861639918,-0.017904224509964428,-0.013730052660331338,-0.017561005383003092,-0.021201393779886613,-0.005802748426621873
2024-02-06,-0.00039443772837877145,0.0086317691773099,-0.01599553847907742,-0.00681113075414308,-0.01020875123314835,-0.016450769506479834,0.0029232561883696384,0.0033120196687095316,0.0223130928940527,-0.0005202698846386022,-0.036446025371295265,-0.010995254425906764,0.0029253452220714404,-0.03704993711588023,0.03726628683278066,0.009493056688283374,-0.006234149380168752,0.00048606071521262173,-0.000701397684727656,-0.008273474859440966,-0.010028989829542478,-0.013969252678738497,-0.0033354235346424455,-0.018324669609328215,0.014976298284723688,0.003264104972502846,-0.027362667175877764,-0.01961660957495992,0.005500673491379393,-0.029751240014492808,0.0015806184163034143,0.034158425680948845,0.01019010307610757,-0.014800534279500788,-0.001062018174831758,-0.021565199161342363,0.013166499130292664,-0.008679809151747264,-0.029885219327689838,0.007067060761207999,-0.01297827804729057,0.038302785314731747,-0.036264254318389866,0.002170080614865011,-0.0012562560583180282,0.007895478332197392,-0.00172675785403964,0.035261588181058956,0.003687371347998347,-0.0035618970680899587,0.0006720400572497454,0.008958445793432412,0.0221335494256949,0.0008953326021166053,-0.0010808529916941367,0.03133114827824213,-0.010626284532861852,0.009801917329812726,0.004627974289957093,0.030437966756029722,0.021032033531011907,0.039030646356897236,-0.004133074170862505,-0.02586004105017825,-0.00041600603602975905,0.02680722248362888,0.005598962084493619,-0.00026873014246187044,0.0002879970159028744,-0.008949163044264519,0.01918427778352627,0.0022551447409655534,0.11646907772566117,-0.04403094149820863,0.04754425612203206,0.02592948950337748,0.029167969660448545,0.016296273690682872,-0.014945910652657046,0.008625845471170068,0.0023713654931096784,0.01584019819089222,0.014692706184421533,-0.0009968176301214937,0.020486116951998534,0.007583110587606967,0.01534074913185024,-0.016368046178734108,-0.017623847901130696,-0.0024888780381944198,-0.0013670852773219888,0.011549203363653948,0.0016484611933238469,0.004374386327698154,0.01469473481860728,0.01621854613255591,0.018702128538377938,0.0,0.04287007082495076,-0.005836524075963356
2024-02-07,0.02111025614626394,0.0005810914346444651,0.027498072941231966,0.008158468416245013,0.03270143182017238,0.028143813431957376,0.009992971003642825,0.00873384899035523,0.01339813963135228,0.012647971338145991,0.018227290145302,0.006152376196508769,0.00029169905665571427,0.014345885178632889,0.003056090627425734,-0.00420166239287767,0.004844712914887417,0.01242188209795736,0.0009358235671346193,0.012387840812854156,-0.03511926210938854,0.01304088315376295,0.0025257887706409132,-0.06390993051836913,0.004336786755673394,0.002375576922728495,0.006737585166725291,0.016678228405253792,0.017553095934981666,0.007089086715301507,0.00072508576102992,-0.0037629415411488676,-0.00215299745380626,0.011912890342387739,-0.008372056523826776,0.012100710342010768,-0.042460151826126724,0.06738121298909094,0.021846204636727595,0.01916251206181041,0.0270834136747522,0.023851168938743728,0.002034612245713552,0.012992351715719108,0.051868571671007,-0.0008103397873022722,0.02089534558892936,-0.007377137227434161,0.006036641441555357,0.014412597104946911,0.007963102512986264,-0.00730943893637892,0.002129906488458788,0.03413835499430751,0.006216788417982899,0.011373220026250186,0.020060314059422435,0.007329614406497598,0.01752105292975914,0.013528678083397416,0.03778890479413799,0.017714131725433013,0.007667391036942917,0.0007206913945194682,0.0026503514093640934,0.01621436872750981,0.0012948138000064002,-0.02176827676762172,-0.00028791409750184016,0.009365075059248218,-0.0007365902732371366,0.004821588414895883,-0.0015861060867508048,-0.022771067174311765,-0.007297768034064456,0.014902241785052839,-0.00730903724758214,0.014577259799462672,0.011147255945588963,0.005603026469004346,0.011015862440307611,-0.0035529214119685015,-0.009272238356500817,0.030802629516336832,-0.009186749099087677,0.00881395110334049,-0.02040321605929274,0.008385736271063537,-0.008520249170557048,0.000801963437102815,-0.0011978045254817937,0.0423039582299336,0.017231352630309393,0.015026186169861067,0.03176110885697492,0.017399707128656905,-0.013458464741918585,-0.03177752775788978,-0.012981442513454566,-0.007827780980020682
2024-02-08,0.0001449041428875919,-0.005754692554861496,-0.00653364121264044,-0.004046223223746481,0.0008731098730951903,0.01408043398632497,0.0025423278345844125,0.0036815419408664507,0.010555473441792307,0.006085114436885419,-0.009301487745301928,-0.0013766467242956049,0.013880007382452542,1.6253578017044745e-05,-0.0067893065840525235,0.0036166426264860885,-0.005254086475023567,0.015696711876847846,-0.006545086191829919,0.015392547346920304,-0.03756417609482521,0.017495644236097174,0.009069738632337065,-0.0034474229577348137,-0.011344479498219817,-0.0032972662005333886,-0.003404965618903577,0.01864379726809884,0.0354011549437141,0.009497019933787376,0.008460401841284826,0.013429847991654587,0.0032364947647178788,0.010887098633123538,0.0018761643593594446,0.015749655831498455,-0.008331028385408112,0.006913550106095734,0.02960592530340289,0.0007698968670433182,0.022046267825048593,-0.016462145808998963,0.011062659940086927,0.006614500982091487,0.01655236259623183,0.0021626929637039716,0.020264250576302434,-0.11242884917209794,-0.00717483672933561,-0.043288787085454916,0.005235132919654495,0.029181943607341276,0.0005313955805994475,0.02378540912722782,-0.006105406643153177,-0.013433953051297132,0.014367163493755664,0.002163237239968474,0.011918187428453297,0.003475258188809116,-0.031129520822157475,0.034724054553673334,0.019616038803446756,0.012483506733941274,0.03327146037428319,0.006266600482325302,-0.017974904393319613,0.0019230684585123115,-0.00287931112695472,0.0022714748973708954,0.005323517886993923,0.007357630855799657,0.0028106528460540847,-0.0037720142192305683,-0.05679757518948636,-0.03946905578241,-0.04552971382492077,0.00818965096725055,0.006354324468547334,-0.010263885330866307,0.015356534577810832,0.013403755828338637,0.003846192971254103,0.026767678648883075,0.0068680923704287355,-0.00558529137006103,-0.0009977144802257865,0.04872661180627014,0.013510868335507631,0.024930976995471754,-0.0063388545255335105,0.019414697657570645,0.04263414207721361,0.007652092193508375,0.038763374583893784,0.0001769108804690056,0.002728413201254165,0.008205120380108122,-0.01183685036109594,-0.015779171170520412
2024-02-09,0.015551429980465103,0.0028143519471321987,0.03578358281227634,0.02714319777292107,-0.004021307762632986,0.006809071177421799,0.021177412516870886,0.020377665909013132,0.021154303741671487,-0.001049421065305256,0.018482370895872346,0.004995215800403852,-0.03554793050102367,0.01842957310274773,0.013091819873754629,0.003603609658187068,0.00782955212185632,0.0190309587232127,0.01905885584214162,0.007793905344340102,0.01987878048058711,0.06872158830402286,0.01366947812772068,-0.01265053725323173,0.003308003233629675,0.007133203639677843,0.008011313939438214,0.0546300529160606,-0.02136336972579178,-0.00035454521190836363,0.007385638967983832,0.007350727205573504,-0.0043412312009781795,0.004946958290965364,-0.021268110244135552,0.050623289063625565,-0.0017615837051025984,0.026919528032693707,0.008077915035905603,0.028885922241975726,0.014901149492849708,0.006474022352089381,0.005441996012354178,-0.010257222292700652,0.019502190522300733,-0.004855686718576169,-0.019562855033692705,0.04952785901292378,0.0017175410018781534,0.004888109788781403,0.0037875345475539834,0.025106444167720898,-0.014692897971200991,-0.0308363125250235,0.009021862815619341,0.011092387811365345,0.020894093016844195,-0.000981146741734995,0.019769732389172345,-0.051790646776876614,0.038172498533997956,0.00853756957549745,-0.0013008520100106225,0.012922394629557354,-0.005793100529215223,0.00039062163049385923,0.009481185113980883,-0.013709898087860828,0.01097306502158446,-0.002440618912950443,0.002281049118508127,-0.010797083361675064,-0.008774082892081703,0.030254733221190877,-0.06673072555653192,0.016632024779065224,-0.019836305528182163,0.016246250810833862,0.026321847045987834,0.0026666711877894045,0.012675509034719257,-0.011336918704792476,-0.015325728363554392,0.005205726261359622,-0.00886767502005581,0.0054160560590021944,0.002829765572806897,0.0011151526242858534,0.030477184159983572,-0.00883209657881967,0.0029310029128502,0.022132187693442162,0.021175609223461844,-0.009936082023629611,0.05425997441538599,-0.08661557731572356,-0.0383032541898326,-0.019328543424003253,-0.013309721926520246,-0.018036007991752867
2024-02-12,-0.012578714019480408,-0.009001917670574011,0.0015942264312605037,-0.012095159915523457,0.0016876558279963483,-0.014367591977888394,-0.009865780004718938,-0.0099188222677149,-0.028103539988478476,-0.0013686082888000328,-0.0033046850623192903,-0.006181913512797621,0.017534457407483828,-0.024505340442180557,0.0004529395778603007,-0.0027927266440351817,-0.0026512604235618964,0.013907325188845299,0.016624275760237506,-0.0017776573445607013,0.012835771795685957,-0.0016143083172061035,-0.008128030265019959,0.011369873640116435,-0.015686972125963372,0.012882415380834678,0.0016362715479574241,-0.0039272658710451935,0.00852807726375504,-0.010356824962485356,-0.006670706997507714,-0.018807829122895692,0.00032002011799181496,-0.004973854986424553,0.004510070237978336,-0.002693136400238827,0.010587739903401783,-0.013080373456135663,-0.011072475668954529,-0.021472150523908717,-0.01718284230041134,0.03208349434878399,-0.005182940115861179,0.007367792219055369,-0.02444278825068591,-0.0005421647626615567,0.04204073159480637,0.020030560316282475,-0.007327437605366693,0.0005557197064038899,9.427890420288243e-05,0.01340179654516982,0.004850888582534241,0.023100338451149893,-0.014447737553047735,-0.02769163738226732,-0.01902331343069652,-0.008446283764772744,-0.01739907101505167,-0.017016709811450648,-0.0025553705130193505,-0.007291887813175468,-0.003153434362622609,-0.01743920237111285,-0.008846554415833374,-0.014310938049097222,0.012131393573633797,0.010842351304229725,-0.0001427378936746937,-0.01162164967180579,-0.007559134474544704,0.005457466400507371,0.02249817941290244,0.023218306396490807,0.018190095770238113,-0.0030073380038482256,-0.01365240117308375,0.03646061131020595,-0.00044472282977636723,0.015957473791147425,-0.021762303856845855,0.09384466665922542,-0.007392992297082124,-0.013171291374680427,0.015141106061384635,-0.013886100790326261,0.015602995403303899,0.0014850880279129175,-0.01183944232458689,-0.012854954751012171,0.013752846431838162,-0.0041971996084058105,-0.0021451364824930375,0.023870980867775504,-0.025773615131601146,0.00232393390898622,0.015380226583724843,0.03319498790742981,0.017535943959626543,0.026530635083828358
2024-02-13,-0.021528686199405622,-0.011274382469489308,-0.0016608780925617683,-0.021469171561243172,-0.018724672411139287,-0.010553340384140353,-0.016200090892862007,-0.015867684247600544,-0.021846598116614713,-0.0112954879471171,-0.002152349299601064,-0.0059692680835736756,-0.010140060496747316,-0.016262440785655974,-0.008007400845686297,-0.007001445830499442,-0.0017309519584896016,-0.019987019564936204,-0.019759231342378447,-0.028463161516905644,-0.01783623856709915,-0.028187969800524626,-0.02626021653498367,-0.013415690614789866,-0.008478764276489081,-0.016924304501555243,-0.04865809005178556,-0.01697133606225909,-0.011244666752808552,-0.005949370992849756,-0.006947835519192314,-0.01675917517191905,-0.0019195064272773399,-0.04823499336846193,-0.02068022643627765,-0.010770743924433002,-0.012357262681755299,-0.009973899623364701,-0.035856719880352106,-0.027862392824255733,-0.03995694610389211,-0.019229413219164715,-0.015572076722949135,-0.055859162920136374,0.0035793017706728936,-0.007051758314762457,-0.01937578458003164,-0.030454348916753582,-0.012595904182890805,0.012539088390874253,-0.007828657120736104,-0.01947771461138048,0.0041122750041366896,-0.03251918453666214,-0.012704937543942418,-0.004668826319922159,-0.007823719838650378,-0.024762282316467377,-0.02014959016608231,-0.011737877141877462,-0.012240258813030813,-0.017308367185925877,-0.0032322481869628827,-0.039070862400615636,-0.02113365917806953,-0.012025177321634883,0.015337060156878968,-0.006325619867312282,-0.015569260591710155,-0.01750481727278952,-0.005814898389397971,-0.01277138002643008,-0.01034027448942132,-0.017656371726244235,-0.04078648599346035,-0.014961364682216982,-0.0061879346858726425,-0.013124085680439546,-0.0235076995495348,-0.005526539717954249,0.010541598808228247,-0.0022893700072580403,-0.013458758600888854,-0.01871900322023501,-0.01661016173281915,-0.008902246443423523,-0.07391522101271253,-0.028793893768881418,-0.028218489597983787,-0.03066181993436934,-0.011700906005136846,-0.04356731084850851,-0.02078107942948748,-0.02114404700514616,-0.03250063662974967,-0.011463893413523829,-0.04444127552393762,-0.04216868219732306,-0.047724258230572025,-0.05168990418227881
2024-02-14,0.0078016904238407125,-0.004809767736384418,0.02456739405414976,0.013875689909627953,0.028601242723124143,0.00844480971748518,0.005511940575458452,0.005260670206653106,0.025486372853585015,0.011102544873337505,0.041739558950351086,0.04474139198719329,-0.008053058805246205,0.004602100763727801,0.005165150502064675,0.01289281622718752,-0.00037154793275440134,0.025993130697066658,0.023864661328506287,0.02951640712532333,0.004062174189748191,0.03261053165341932,0.006502958074472209,-0.0014114694526388138,0.007574744665283628,0.004432764469364692,0.003679664617313838,0.025890929381070293,-0.002481594552674271,0.004422642774972285,0.007804554065903968,0.0021305735846424145,0.0052485980119985065,0.008825625974690388,-0.007918861742721939,0.019919851787406406,-0.006663917746555059,0.0001900201074918062,0.025887281303590637,0.023380413304193715,0.02177828952041061,0.023016129690253795,0.023519554759292793,0.0019153696414657695,0.03755732930117173,0.010652810247103961,-0.01737176931933382,0.01047031630493711,0.011073273308783937,0.009660757623844551,0.014069737552895978,0.008144091567196643,-0.005163833979972998,0.012182619470354483,0.01174786011592599,0.005941634626511094,0.018500388321398553,-0.00020309408137664242,0.02107027362651892,-0.0023925385133508614,0.02132558638326798,0.031102352139920963,-0.0031047118853478883,-0.0011156110069836522,0.009819565484227244,0.016959952823512925,0.0002539257777469661,-0.05452535738897757,0.01755657453017556,0.008818386514927168,0.0068374811370619515,0.005821484629095597,0.010448312912892055,-0.01834954802386557,0.0067938875834623325,0.00832925416780439,0.010322809777426167,0.018782493437507597,0.0339459406844671,-0.0020473734318765535,0.029352531158666872,0.025724603561747772,0.01642381276515925,0.008464203884716692,-0.005515334234738045,0.004940214551302002,-0.02607539626063049,0.039190761859976275,0.027705011960356574,0.00757209046628482,0.0068634443077750795,0.043121915523498755,0.005671448484383612,0.0005007318892871204,0.030457722945148813,0.014528605431826547,0.05234035974641715,0.019916098652310144,-0.000463959252305135,0.008385736271063537
2024-02-15,-0.0071552241706915876,-0.0015747667431138535,-0.01680647213823583,-0.006901349311422389,0.022713826968658868,0.002257907220680311,-0.02172124240040385,-0.021747974456409525,0.06221180550417671,0.00322636616006311,-0.010856197395281098,0.024390251611321467,0.0020295864924742,-0.023517301185282835,0.02459371103018637,-0.02426406992094443,0.0009293096083202723,0.013251872507338058,-0.0031681238741614326,0.010880684736557678,-0.00523563108773073,0.00789516730988682,0.017989559032870917,-0.0034474436334338554,-0.004164910669576916,0.015805418526348758,-0.0024441472951405308,-0.002096737888567568,0.0033035926186044673,0.0201254033785796,0.007290385401378829,-0.009035808194733708,0.0045835360033843475,0.006547799022952772,0.0028006853099813434,-0.002232995706423768,0.004518097301728474,-0.003936637641010043,-0.008707485915046886,0.005841400631518834,-0.01685833933388592,0.025073956178457424,0.01457878972307447,0.02166619702085737,-0.009475363998871056,0.0,0.06403512610380413,0.014098893258262857,0.013628930507467496,-0.0013342460201217765,0.013030837287977937,0.0022653392207543366,0.00536959446565044,-0.02204171495426621,0.011574381572748926,0.02199426339727517,0.009429612875865745,0.010361607250807703,-0.003509224475010231,0.008051412774357614,-0.008747109780081197,0.052162273105618606,-0.000692131633425408,0.02395135593595854,-0.0037550313664483914,0.002783340699702208,0.03248727740419355,0.023711984101556727,0.0002852455902522255,0.014753138945462485,0.004663718615048218,-0.00032155076396056526,0.029577962470019425,0.023879197640942706,0.06038397470254231,0.0077745310012273805,0.01913720901874605,0.018840015770085206,-0.031656244963702784,0.02168820930927029,0.006779432543259745,0.050983183980876756,0.01667968223779681,0.013654603018204758,0.01213172883333935,0.0020719692374282506,0.011823867651540754,-0.012856562335060051,-0.012830628006355704,0.0029697302616003007,0.005623688047736941,-0.0004343215086506369,-0.011642702845846009,0.01622811648865463,-0.025282148493660728,0.007963045745206454,0.037871263486014106,0.04213780271074841,0.034818940024248235,-0.0020789505537704978
2024-02-16,-0.0061491539133524675,-0.008430343993322875,-0.0006193567073777828,-0.0017079419299743659,-0.02212671008426803,-0.01548528275276595,-0.015759612892538133,-0.015145254255902407,-0.0024943876658132247,-0.0007177534116032946,-0.01634984996300548,-0.016024684753008,-0.009174271896421282,-0.07414814225975419,0.006858108247598027,-0.012637642259006765,-0.007179572999471473,-0.021092405284326765,-0.012258817817935919,-0.012856082805228097,-0.013397071024280005,0.06346586075716965,-0.0020533993980986764,-0.01857679794211431,-0.004050841703785779,-0.003940382881141513,-0.026093315265042216,0.01340585218241852,-0.009017033005194408,-0.009594398779955493,-0.006996735006165378,0.0,0.0036500621218258367,0.0037326022826673633,0.00516691444530637,0.01374961009839093,-0.024396904027794042,-0.0012810761405578353,-0.008819969873582578,-0.0009679346856106275,-0.018162226099665446,-0.0004434881328303497,-0.001721342811363047,0.0047403191966779445,-0.0064578870689385726,-0.007567534575591228,-0.03284931101764099,-0.009380257389186686,-0.010241290436207473,0.0030060352520975275,-0.002683702776969721,-0.00993646542058102,-0.020473522319205628,-0.01705221655171285,-0.004397921877492217,-0.002585523482057983,-0.007932029693546894,-0.015483620849618185,-0.011291912754186617,-0.005438009825576073,-0.02533445381691779,-0.08125441339670236,-0.002146946186745269,-0.01090778696615391,-0.020436630481260543,-0.020539806724116816,-0.00012293677673835823,-0.004575345777151019,0.0012829128429516778,-0.02336381460755599,0.004804921683293273,-0.0038597889560771925,0.004554471588901876,-0.0038757550542726227,-0.030392765653024734,-0.018804213787482205,0.0227561503342808,0.17461367561176488,-0.015928329058387813,0.001434286752298508,-0.012287429607515943,0.005041417627969391,-0.013073528415193159,-0.005684881082646753,-0.0017123679144775972,-0.007905927413323077,-0.01911799487698207,-0.024559703416997647,-0.02477476961461822,-0.003414118210477657,0.0010168001185846265,-0.001619543593689432,-0.017485748774564547,0.008582492248234264,-0.01929523641711617,-0.022808369507660076,-0.018210471203750966,-0.030572032457655274,-0.013907642914230078,0.0
2024-02-20,-0.003143070388915925,-0.004113872031395016,-0.0435321294244877,-0.01433539469369316,-0.003317010267734788,-0.015198904789702428,0.004269789542300506,0.003103854814166418,-0.030957752117438453,0.0023481156230915623,-0.047046603240932794,-0.01510404510633312,0.014009057657889734,-0.008689130782114418,0.010031708924965077,-0.0033030522697803377,0.010223797470281015,-0.004780900621304207,0.02321310446317848,-0.014990723817728924,0.010184242285436573,-0.05226240192307985,0.014715055109743691,-0.0006697301136088241,-0.0026146639769909497,0.008977046654655485,0.015220114270096285,-0.02763412205422644,-0.004299345705189861,-0.003694925422760953,-0.0012446523822317035,0.0025745318668397577,-0.00011858631123107255,0.006162284155704745,0.016810211559348254,-0.014485456125102214,0.006426363128047452,-0.0008733585901596896,-0.008916447369800906,-0.020851718158632404,0.0060972084246599945,-0.029276886114896206,-0.016265459274032334,0.00542150201598135,-0.016796254839396174,0.0038126194170577943,-0.028588294324252583,-0.00862357671282743,-3.2470791926919595e-05,-0.014671084371772003,-0.0033403822229792768,-0.003488962550899366,0.006906598781418527,-0.018856539187454002,-0.0026761404642037245,0.004879531654308211,-0.00227971854096809,-0.008986900223381111,-0.011769235113434862,0.007005550392524373,-0.008323593266391205,-0.0045685610683335875,0.0025679838456786896,0.009680197397610835,-0.011120996290308827,-0.009540697670228582,-0.0057775197236499265,0.023269104471085766,-0.0022778479154449416,-0.007794139442606207,0.008996601029838347,0.008395228758359075,0.004301357370627867,0.00726964123826801,-0.015616214098916892,-0.001965646917813757,0.011980773497426433,-0.0716294020546775,-0.01603207756272429,-0.0051561244904767545,-0.008715248129060993,-0.007579983414507496,-0.003376651119876173,0.001740059565984664,-0.0034305448637521607,0.015570076036411251,0.000593412825113715,-0.014877901551704764,-0.014722852254188012,0.0069425754207905754,0.002031469993308388,-0.014678562666141204,0.020981620634581866,0.020366870812533522,-0.04354276890359432,-0.009388462612883952,-0.023429332156410188,0.006103806722521199,0.015013645613228155,-0.014583368516629225
2024-02-21,-0.001514476169218515,0.004185997884141424,-0.02850896773499567,0.00903755380828164,-0.007885535179020908,0.0007336857917945583,0.010133276530960966,0.011533047994687129,0.00521268473502845,-0.003679233420845973,-0.008449569283871083,-0.0030950033588278414,0.0010673462264150224,-0.006255566018854464,0.008028259630701973,0.004142517978381166,0.01234186956084904,0.0003289536112147662,-0.02358488828086791,-0.011828201964566465,0.004560696769200456,0.006291648753549595,0.00823397009131166,-0.00017642520131200268,0.0068583736824121555,0.002965699862522042,0.009664214944179461,0.0016547357184655276,0.01088119362033324,-0.002401126213513294,0.00630501734036093,0.01669160682511639,0.0038744196966871147,0.02280890952182313,0.008334479983655108,0.00023008634090615487,0.016102110188408236,-0.2844109267085455,-0.008047690247295014,-0.0014951959064297693,-0.0044852176729655024,-0.01172893000097508,-0.0012873433036610926,0.0016876745615752586,-0.0968459637671274,0.0065110651056834445,0.007357486612124431,-0.01961455747788332,0.006540346219393367,0.003997580824153468,0.011730699784720633,0.017160151787187772,-0.004693179225076616,0.007380008007110472,0.00902397366685892,-0.0030349707588122055,-0.010000726608976551,0.007625699266158303,-0.010734115385643062,-0.012556234177032888,-0.03784431137724553,-0.006841019159702921,0.0025615118296551387,0.013106818095330874,-0.00256413547635459,0.01194537498361914,0.020771517831682296,0.02161708256185313,0.0035673515049654547,0.006458513845327696,-0.00851472067461767,0.011847609499097134,-0.01632128768001584,-0.02653073886185453,0.0068973271508836476,0.033727296469883594,0.0007686872948882151,-0.0058139019105275525,-0.014256676108485355,0.04261444174326723,0.0009217589974550577,0.009491196588667483,0.009512684092453538,-0.001861106583139982,0.009982820073791032,-0.04361996127923318,0.00866745968839111,0.0019362530465383276,-0.0032717949650317157,-0.010567861777630916,0.010474789000962437,-0.1410215068422228,-0.02036698367617551,-0.0058787384634673145,-0.03893799019644839,-0.005462694601277018,-0.025990712676408956,-0.03235597951364921,-0.02510082829886473,-0.010570864806181857
2024-02-22,0.02354667410901623,0.011243899246467626,0.16400883178894032,0.035530017339574504,0.0386727477954909,0.06309835538976083,0.01080317960830679,0.0102892868743647,0.013554445406056326,0.015739543270448353,0.10694508516789725,0.026371319021572415,-0.003435419207275081,-0.0017641167878181818,0.017225703070611775,0.0018564388085333672,-0.0030478512081603126,0.018025166713895535,-0.01127218000245711,0.030786286019414355,0.001433724623147059,0.04938787267405287,0.008227637918462483,0.006067880027350148,0.023275321069424315,0.006415069348608027,0.05423985659846209,0.04704355440038421,0.04299773396291284,0.017038805169523386,0.01264639126542133,0.007998338908444147,0.0033081141459827546,-0.009343369539481006,0.0044714659622537845,0.04885574526940539,-0.005737680142832269,0.02233082443125678,0.06867563807209431,0.04805050875621708,0.05093546932582571,0.014411301288071776,0.04615683320347297,0.024491437458780574,0.06344923806259084,0.02129382609216024,0.04033763596951645,0.015135680911853244,0.01364239292629077,0.01446477469054197,0.017024003913618913,0.017763014387561782,-0.0005440475086857521,0.06639203794855453,0.01145673710170736,0.015144639159814233,0.02562216979210863,0.010636131402238735,0.017661993657559938,0.009536907089719326,0.024793431854580605,0.05859273762014516,0.01436256364501487,0.005031123048109265,0.02660898060235084,0.02947546970514603,-0.006782916365717151,0.0005496141274836663,0.02459826080617522,0.029814116561884818,0.01037024042884327,-0.038924035676835,0.03130143478039549,0.0337626613963562,0.13528949193926865,-0.01798049625948006,-0.014748796105152229,0.017300172237667555,0.0419580334786378,-0.004971011039129447,0.016646639753464143,-0.01680113642537373,0.02568733487043917,0.02577277415714696,-0.004771621980925178,0.009845568880878508,0.00619598893494544,0.009533597495294144,0.00646706217962123,0.03563275197361793,-0.008025405972498123,0.057170885528338156,0.01348569449211734,-0.004607015077275012,0.0526094675096902,0.008801547387218944,-0.0063045274339395,-0.0010448563768427066,-0.008275876100035884,0.010683801830952966
2024-02-23,-0.003182309189887045,-0.010034121026855192,0.0035523924851639244,0.0023485144793740087,-0.004319844655591321,-0.006536921708393151,-0.000902141906635956,-0.00020653754867339114,-0.027556873210526134,0.00480660150377199,-0.029363226217797966,-0.008343625654618547,0.008023810422083999,0.0295217272187136,0.0011856000285084267,0.0059707827331578756,0.004830285976104909,0.001033949351272323,0.00023271606181940463,0.002872712028106239,-0.00023856648937259362,-0.012867331499548662,-0.010517985319537071,0.014026229408553137,0.00177342054389662,-0.0008963332402248669,0.0010475652898884746,-0.016794427546247825,-0.10149437345765389,0.007802583489831427,0.01690347843897677,-0.0016704534845893848,0.004357044411546163,-0.009379412315196567,-0.0020233900181003683,-0.021864094329962058,0.010579888504751889,0.05328201263319676,-0.00903769974066626,-0.01954086890057205,-0.006676075845223117,-0.029932403671290242,-0.10377453888741017,0.008704015844512192,0.0018654484109039693,0.011612627302560963,-0.01674604493569065,0.013881771970401413,0.009567852389714693,0.003043164891487038,0.002352534782191107,-0.0027139619894963607,0.003266200384363094,-0.03277516567207184,0.0028092373007009286,0.004498134089969685,-0.0024133789255725846,0.03987049639317708,0.0008561024643851667,-0.010553173308676889,0.010155321303364051,0.002882781184120109,0.007692341250938206,-0.012634149805841433,0.005776929285237431,0.007529829950042366,0.005487767661490173,-0.009887410377925288,0.001665317105852715,0.008716774588281684,-0.000561299778190194,-0.005926911432391102,0.01631675393809595,0.008148193359375,-0.029967852813454265,0.028131437619547617,0.026508726811868222,-0.02467062944423648,-0.012278833666159228,0.002775528509754599,-0.006479988202932052,-0.002093561512658604,0.004530589158059817,-0.0018177288442398076,0.023630089338378735,0.020082527538583195,0.003775672477575931,-0.02769267677441356,-0.004819112445461848,0.0016160848459338961,0.0,0.040150351873150525,-0.017741620285419146,0.007737015877847808,0.003422325413896088,-0.00938079186347407,-0.018812268493893947,-0.09937246038086922,0.007417702812972271,0.006342539045956608
2024-02-26,-0.006823580001845908,-0.007451241390074692,0.003489095067851,-0.0014858549486425066,-0.004731129373586773,0.009842876504150722,-0.044387323504013865,-0.04501337730295718,0.03870392576202142,0.010055131223560831,-0.00288924627963294,0.0070087512382273065,-0.00790101148853617,0.012720399675282046,-0.0058539528364450755,-0.009414635258420345,-0.002616482203742776,0.01368533385236792,0.0,0.006107863342154296,0.006921171605470455,0.03241022150009476,0.0037265599685596396,-0.009717123002158101,-0.0038484235376762266,-0.0071774032116849185,0.040232547493868065,0.011050091293080211,-0.0017712583733670018,0.007835264814907816,0.008234831827681255,-0.01401384573096609,-0.009067073551813465,-0.0057861559096524795,-0.009326877670945422,0.022427558738876918,-0.00815779848565601,0.07334539583113586,8.683712472623561e-05,0.015365686424290148,0.0005271428285600344,-0.009476067517720455,-0.011777884049082532,-0.00898677646425794,0.03062701481271901,-0.003913423394552917,-0.022206205347352848,0.002873596755933905,0.0013268470823921685,0.003827835658163359,0.013269554404236494,0.020682382484328743,0.0077771802867707684,0.015389181523363549,-0.01608997082123398,-0.005746729165558739,0.004348066401970829,0.021798343880919058,0.0005831799742048727,-0.0007741610668446919,0.011235986739922765,-0.01535810375963853,-0.0012835401133085567,0.0007243504423095626,0.02262548869845249,0.012879954141137961,-0.020375989901253666,-0.0024965368791288745,0.011360483393700216,-0.011140195309541912,-0.010189318431366168,-0.0228552673683865,0.01740207765879087,-0.022643772878372492,-0.02529548480784738,-0.009552984430330591,0.0015190410350849337,0.009209233515674375,-0.00123533634550399,-0.013838914619940357,-7.00926228530685e-05,0.004252664988684485,-0.0038837078398767932,-0.0035611868424544335,-0.0016727747768995327,-0.007025287782704059,0.0017463701274298415,0.018112576574324857,0.0010761163083343739,-0.013406104983543887,-0.021574288799771413,0.027505000800140955,0.025776084525937604,-0.0007540485787611573,-0.0015946164914557581,-0.008608620887738061,0.02984963323836931,-0.006968579365256078,-0.034054292991577695,-0.0063025647827326114
2024-02-27,-0.00014721881860868535,0.008114380608232441,-0.004943576125292282,-0.006810521779339163,0.011022538436159968,-0.009853891031408546,0.009522406693680097,0.00972977371903161,0.0016549741281637331,-0.0008585948000845445,0.011306207347712816,0.023857666831670565,-0.000594263924824423,-0.01425562109763967,-0.0003146820867290234,-0.0018595072262501677,0.00433159318659837,0.008087653838970699,-0.006047967575695701,0.008315193831021528,0.0018962273917695338,-0.003389842451787084,0.0038953096637912576,-0.027516866351825264,-0.004661698327990016,-0.0050705846339959,0.026715844110301035,-0.008553868095510175,-0.006180407975569735,-0.00590568767581412,0.004114048771362677,-0.0015910217206307475,-0.008834570957219845,0.00031751134398683156,-0.0021831581404098133,-0.009125194009447002,0.0009595572001721564,0.039533658989900244,-0.0029529480128270835,-0.006564053611794685,-0.012117595726554353,0.014626806016918792,-0.0016707119725766217,-0.0007623884137533121,0.0005606724495084148,-0.00576221107764896,0.01869091717208149,0.013989516108913858,-0.009133321773425851,0.018529903590343455,-0.008195974779022785,0.007957678718704786,0.006999271017666953,0.007432155150435937,-0.0014783406002724098,0.16919376279535703,-0.03958205787681057,0.007999965122767794,-0.001554279724102603,-0.0073168501981462075,0.022660751283416936,0.03177911066803052,0.012040035331363663,0.0004825200819189579,-0.0008756084615256787,-0.010832306019797233,0.040856793226585975,-0.004449384079133534,0.0020548154229986793,0.009124909631295752,-0.003809688013613588,0.0,0.02096660603506817,-0.009021372731986332,0.02318656012562781,0.01083586563871819,0.006067063916690207,0.041489182764605115,0.01236946864498889,0.016278360902898026,-0.02160192026581842,0.004742794506215731,-0.004653537122890294,-0.007960002798549803,-0.004021475825059295,-0.0007815492613599817,0.0010280976292367239,-0.007734929437689941,0.005667954858559199,-0.0016354016965057783,0.003962093802914124,0.0032685500823197433,-0.01870873898018144,0.021472110395037936,-0.0018854827172885003,-0.011822885532587368,0.020369374762852166,0.017543814641410194,0.030490681116112528,-0.008456651520450165
2024-02-28,0.0005889619807217805,-0.006625454095802064,-0.01318916500935452,-0.0021896371944472026,-0.006221124843934556,-0.005253648369539232,-0.018001151440839247,-0.019057910859486937,0.01156560160219966,0.004364114761596927,-0.008202284909366253,-0.008625995294468947,-0.006719819565912166,-0.001212660721458536,0.014388544491240829,-0.0051749118793902316,-0.004981120700714214,-0.015476922937526005,-0.01731799372097076,-0.015238455286020636,-0.0028388675321796564,-0.026225018772612962,-0.011519395702376145,-0.003698512748806615,0.0003363993315919078,-0.003077936088939248,-0.023298850573757912,-0.008659866693597307,0.005034261335160162,-0.009166462647234863,-0.005778416847485368,-0.012004645558161164,0.0009947873241362704,-0.0069287182875937825,0.0008205276937225392,-0.0067593745009106865,-0.0043823570191111605,0.004447955191372088,-0.00648078519708184,-0.0019864613562010636,0.001899859298314377,-0.025870799091820884,-0.017387866539774643,-0.0001605962587996057,-0.0008405374080949768,-0.0073761534786602745,0.009009569506665205,0.0014960131784602648,0.004091293782022554,0.01036280188352201,0.0003593004120132637,-0.007121637693512928,-0.004633793145646492,-0.023000092594564814,-0.006671474212728956,0.09675146286396008,0.00037287196642021847,0.003023500900332099,-0.006616120359089539,-0.00953866178487739,-0.006290133398251352,-0.01018588955473565,0.00554739913207869,-0.009163276029168,-0.007908647653931844,-0.018500892638819155,-0.008921137179998984,-0.007262523102627649,0.005604867042549477,-0.005894959927072452,-0.003986963854238468,0.017966124971034114,0.005404237117830446,-0.005724150558997887,0.013305680346124005,0.017198717104133898,-0.01477466199126154,-0.008177534587851865,-0.003665488650059112,-0.011322835067066439,0.004157719219030076,0.010171382914494709,-0.008339601185303636,0.002620049037763028,-0.00807536260642916,-0.003787247554256412,-0.00982404628140443,-0.006496037314151826,0.005976074646627971,-0.007981632556422813,-0.010466723114761933,-0.02144423311985877,-0.016074777763580572,-0.018535894022633004,-0.014446049169144604,-0.0031094139940235355,0.008729259220480623,0.0011494516208134797,-0.021729049079530105,-0.05543714833895452
2024-02-29,0.014519801358800155,-0.003693077806788292,0.018657520496599078,0.02078996747858297,0.012623478384831799,0.00858521343843166,0.015251516033028212,0.01709965967224969,-0.0007918650199801869,-0.005441477090559754,0.09057440863979038,0.010796678266293602,-0.01011795757503009,0.015331125838802029,-0.005274833374163235,0.006450219511771049,-0.0030525029956318672,0.012447783809059532,0.025244046587817426,0.005658780350560555,0.016607281682123,0.020654054721693127,0.026312614828148062,-0.013082984915323226,-0.0025608273461626974,0.005871277827189214,0.010032343496419571,0.016885795981682827,-0.007666659682499799,-0.014591214765713234,-0.021789936123856823,0.020430123934181754,-0.0017093046587468574,0.02162341785345001,-0.0016396057190748436,0.013818704001439475,-0.008253074268328442,-0.017713130512819864,0.006049573884129522,0.012964334939628896,0.012642286513753875,-0.003759708924658156,0.01000959720637673,0.0035342367348458748,0.010001842807563888,0.006900167713042471,0.026331282915843968,0.001493778466189033,-0.003345359984733509,-0.005068728215291252,-0.004309987834208995,0.023567505945943257,0.058191586191464806,0.06100092820156955,0.00235526402239028,-0.013932007594112505,-0.0016939964554695264,0.0013187583347682441,0.011439817542544084,0.007441765584283999,-0.005754589463181969,0.01739625294794722,-0.009903557757382941,0.023850073949795547,0.006355801258996374,0.022129861919412575,0.02244362402101885,-0.007315760538342375,-0.00747682763209967,0.006209746428859297,0.0017155385850025073,-0.003996031851133619,-0.018705632407687522,0.019386822532036163,-0.05375467083210095,0.007874931293479603,-0.01820956143530683,0.006242623907790179,0.007587993285056882,0.0011173440329554918,-0.004283310220392966,0.01535385986852611,0.006880648101872167,0.0053080847344699755,0.003731364045442609,-0.0004132483616348104,-0.021421484090954568,0.03203866757071383,0.0017869843599809254,0.0032424182704908766,-0.0863533847815866,0.01972273617508602,0.03856380704472562,0.003695040977063746,0.009313280531168866,-0.003729340030453443,-0.00815714237009113,0.00918483620616306,0.004725915982554119,-0.0022572804587280837
2024-03-01,0.004496628192858232,-0.00603040850838521,0.04003183221966844,0.00825982552183624,0.024830111988483505,0.07587913359729392,-0.009533491695884355,-0.012161947081759328,0.003764585340074067,0.0074607639350983135,0.05251130044383867,0.027234200906821382,-0.004536107515493715,0.01900828661030718,0.0008689098625178637,0.0006202727859554447,0.00042861031305374553,0.03358896810488421,0.01788618981207324,0.005476028907657637,-0.0011668433801869105,0.042803318578579,0.022231525608055858,0.023737356457433245,0.03189830808681782,-0.0003019048955046344,0.05010485470638737,0.04612846181388219,0.008907874311460118,0.02856875935314407,0.01731720647526447,-0.0183350667628287,-0.005734091559780774,0.02262535800321941,-0.009579813208782206,0.05169283330245644,0.0029126087228426023,-0.026243742446763973,0.030711302733023693,0.04125337305372989,0.03567903665598404,0.01854823784818005,0.010938350553360454,0.0005202900922598452,-0.029461631876564143,0.007643672272649615,0.0142884357817874,0.0033145635139821827,-0.0003977028775007385,-0.0018117127639929453,0.020741302772272485,0.031153702683653917,-0.005245305695388391,0.08303093279617402,0.0059296194806952585,0.009142229580419992,-0.009298819657645119,0.008090315951663873,0.025448256826618776,0.05796470136990295,0.019244708715216996,0.02295898384328554,0.004497839277305404,0.03399097493579761,-0.01839045238656034,0.004067952784932327,-0.0023477470583979088,-0.004251635951576738,-0.0023285275080888734,0.0028510590618053833,-0.0031805527720827342,-0.02106316161753874,0.015775662364851506,-0.0026196340382358407,0.030572417174045352,0.01424793612733577,0.006857774110003101,-0.018026465059418295,-0.009432568308497258,-0.009765582383676974,0.009392010314889232,0.014518923046531018,-0.005188509872593339,0.004508348889497249,0.012504188238485314,-0.0010334849371967936,0.018249649084427055,0.028129767767489433,0.008581616020683969,0.01630900879929409,-0.05921425342955333,-0.09397861461521706,0.018108683219769217,0.011998976366976555,-0.0239956891652503,0.023208356578591438,0.0047915194176626486,-0.013651864172907757,0.010818416733781255,-0.03393667257426902
2024-03-04,-0.001395876226872761,-0.025381261636673647,0.0359508718868482,-0.003591063770984282,-0.00818233217488451,0.0022084276558691496,-0.027635943583202982,-0.028099687365008896,-0.07155546804023882,0.01299635755049855,0.013422824856374582,-0.005667338801669475,0.004739041233682295,-0.005237052305418044,0.014225005609824093,0.015082634694670638,-0.00018362477929534382,0.02127660370728046,0.04084894860779209,0.002835554158763909,-0.022196279903595073,-0.0036147182251412557,0.008126275152581242,-0.0033530908887829947,0.006760498825506556,0.0028691162705605233,0.0065159759037825005,-0.004085468244407808,-0.01095229584536861,-0.02017286900205073,-0.011833300905702782,-0.007514003328892405,-0.01397735375481457,-0.007646818780569498,-0.011883385072721686,0.0003344485303531375,-0.0008297270172791249,-0.009788331728906585,0.005022460236577153,0.007164889467016211,0.006566449017714193,-0.037288102360553355,-0.03265852980642536,-0.010320007324218783,-0.002511152350905932,0.003923660153675623,-0.010205389871993154,-0.009250105134164022,0.0014004788709136573,-0.0068819116856196905,-0.007951245750213665,-0.012465560918539786,-0.004932827198693701,0.02241976356249964,-0.001350557047696821,0.03529619275317497,-0.06474384606981132,0.009705050864052378,-0.01526017291066284,0.0046000098391241195,0.01348661151782915,0.039001754527240085,0.0022054522507910512,-0.0009195612764906214,-0.01681568474389994,0.0043891514639171625,-0.0004706543891371817,-0.0025619171605882896,0.026771069133378678,-0.009690165665796058,0.0008998852813235647,-0.006147551262110418,0.00010787463436989775,-0.04809662275678994,0.009888517415822973,0.0036252374192127235,0.0029412143327274265,-0.005244992783496771,0.003455666902348664,0.020005608647334583,-0.014063469152349795,-0.033914774755071986,0.005978898575930369,-0.0026282109656471375,-0.017690213467715266,-0.007117737488708253,0.0003168469119063655,-0.015528742244373395,-0.007648139904717133,0.0025322886800109856,0.03005853717248197,-0.02285268715263944,-0.018684888939605293,-0.01360822042062615,0.004944610567294783,-0.02667283892852723,-0.019928847343472,-0.06459058992950728,-0.04234527022355383,-0.023419181517389642
2024-03-05,-0.02957201179544222,-0.028440952671264008,0.008529182834797533,-0.01948421375262155,-0.01599791481492141,-0.04243864144394416,-0.005099421848113295,-0.003129643654964487,-0.03933237971984138,0.001014277956056242,-0.0011199636095416965,-0.02814091000587826,-0.020136674907046626,-0.040673267399087054,0.011764673572775664,-0.0036637553686641455,0.015672815085033154,-0.03067963908052973,-0.05371630629584789,-0.04290778687944519,0.005017990605179712,-0.010024373709724088,-0.010438430910887031,-0.00980715347111083,-0.03312611182252012,-0.009486043653583853,-0.013574140836700166,-0.014751660996393023,-0.00899922089980365,-0.020257992035043748,-0.006157374410483363,-0.013411181873759892,-0.008935812248221486,-0.024966611111276626,-0.009369399780794985,-0.016633931656032108,0.0102421849656682,-0.02775179498677649,-0.04889621281543144,-0.02925729611512118,-0.03028579441398771,-0.006469054190628487,-0.021018100299878495,0.0018592139571236288,-0.05178292637718096,-0.00338720855907515,0.007843668302159656,-0.028509488121428173,-0.0061184534449304495,0.0015678059956434343,0.01594087542018907,-0.022964987289842864,-0.0104273608607105,-0.007813423177187584,-0.01865787340396441,0.004432062929432545,-0.02300197433156581,-0.0044361898435973934,-0.05143850515146531,-0.004251874566518765,-0.032917754506408436,-0.011329305658221989,-0.0052681282312107,-0.014726171263935828,-0.010492714782201706,-0.036192152066072736,-0.010594395865990647,0.0025684974382522707,-0.006016908304961599,-0.02268593563231558,-0.017246959654383498,-0.0003436504725341516,-0.00992133899530434,0.006414421846850482,-0.0045833587646484375,-0.013997041596435555,0.0003086377957066677,-0.02396644785068658,-0.05464145932272091,0.0019336931864344375,-0.01822634409476831,0.006540321834296092,-0.016439087274367048,-0.00689178643881061,0.02514440242761462,-0.009127609092109301,-0.017147807762458278,-0.036179262506481624,-0.05428710954296101,-0.0343338876415733,-0.04719936902846922,-0.03669125462404277,-0.038264375566800735,0.018166942326007574,-0.07744874715261962,-0.016332941705336723,-0.021931767170598304,0.0036992216911879705,0.02089408682069349,0.0
2024-03-06,-0.00139078000020465,-0.005878203789690617,0.03182725895182048,-0.0035033346396604603,0.01197420566800722,0.005399366970769037,-0.00957265613920999,-0.009119459050943912,-0.02323786698783792,0.01748796343689407,0.026812264754451975,-0.0013533793794381355,0.005924504774398542,-0.0032119519744172598,0.005748858785161293,0.004494328959692817,0.009162171961316412,0.03988852625045758,0.031278926758431025,0.016491409110441557,0.002139803843302923,0.02304835716941267,0.007208132512532606,-0.0002168717148650634,0.0021687398585312767,0.015961458318030752,0.011538015494930942,0.01947877711679058,-0.000647174609175738,-0.008641431534742394,0.007138294730093975,0.004713881817819843,-0.0009836290703445494,0.010010505089224075,0.011010819438371344,0.013586109229471788,-0.004932190997230523,-0.04214618667075898,0.018946963790947624,0.036218534378893,0.016087037676562055,-0.038654927640542014,-0.0011131305768425914,-0.0031466788927393408,0.10757497657030246,-0.00418300254672177,0.02849427749926714,-0.002574249608726764,0.0006555479539622766,0.0018338755250768557,0.012184426431785411,0.011229144372300714,0.007255173399046244,0.03353231648777699,0.005958943313604026,0.0181591411296822,0.0007123132952029376,0.01411062593614476,0.01540706425987226,0.09804567713163825,0.03302431560055341,0.009396570234379231,-0.007038969394962513,0.025338605609654063,0.005559814822897913,0.012509312339062939,-0.0015467564317926952,0.006262379712977939,-0.0002689890240983317,-0.001540309034748777,0.004158695716872218,0.0037813891294111723,0.014050767343763981,-0.016094069549651424,0.02658016932210483,0.003777926008235122,0.007097656253678641,0.008962595264398576,0.008580891840593186,0.011028334880983426,-0.005576713484322315,0.006220121805916579,-0.014013838454581706,0.009062339101280514,0.012926728162486079,-0.009127610493841365,0.001519135651360859,0.008182944542059367,0.009219159281378175,0.021503015976456208,-0.004316606219595176,-0.01909285922539683,0.0007614870827505893,0.00040245209187572684,0.011111111111111072,-0.00027795292651988657,0.003341344160261217,0.03316947084785271,-0.005711605803242037,0.004796158407816664
2024-03-07,0.017533433745569926,-0.0007095264939214196,0.04474633871635425,0.019076784751165476,0.032453801169878504,0.042229636863425846,0.022678927890025236,0.020217320337424516,0.011951969472048907,0.01597180277413024,0.0035607462498863374,0.018103042179092643,0.0006748503702549424,0.023844943805829244,0.0036237856095471255,-0.0054910850746570095,-0.018098189060062442,0.04663769050878597,0.03684572604336167,-0.0014455348450769234,-0.009727160915056654,0.002073820263013282,0.019782447500246825,-0.013485704601447046,0.0116446541916424,0.010523693817214852,0.035789094660062304,0.01294484158869702,0.01450686838905857,-0.003180763722665847,0.0012447505432009454,-0.007637802138378169,0.002010196522015173,0.034115851064346225,-0.008656837793986516,0.010902059588826063,0.014181556486881686,0.027361418932849935,0.012813176481758726,0.043289893010190816,0.017239772121096175,0.004286694123940338,0.002851339929729191,-0.0007689293270460862,0.00033372378893181676,-0.00446316573802974,-0.0020138026538579767,0.006538215332051012,0.004122750303883427,0.007192741756826049,-0.009872688816115138,0.03100500913401749,0.018350191555892126,0.045717014449343285,0.011310388743346556,-0.0022224353038095,-0.008204407528180191,0.010801907069307504,0.010911948099457502,-0.003589558204885379,0.024537296795964503,0.008098024868603337,-0.014177632419344333,0.06297686975343364,0.019485419511913404,0.017475809531231512,0.002144903587979252,-0.024045219542042084,0.021797668907886925,0.010332487538902368,0.0033131275189466347,-0.008219235349178677,-0.004726045319259797,0.020518994330177565,0.014067328280097158,-0.026573925900375994,0.014095386022018097,-0.004258925198605157,-0.013644730702389252,0.004363339789988707,-0.0008855546944588344,0.008996605302492577,0.010040378387713655,0.004652267021830525,0.008835093667608707,0.002419629187535799,0.008273593822196279,0.06879665226661902,0.024326271015778334,0.010450812596656478,0.03303060144878178,-0.005681226691468311,0.02339736635679346,0.005900528942026861,0.006129449977106294,0.007713694631217738,0.0064382082864717916,0.039238992829185415,0.00239354456055918,-0.002386689438011569
2024-03-08,-0.007136953911104138,0.010236661109698675,-0.055476991236648066,-0.008313545751684748,-0.012182959848164643,-0.06985738436848277,0.007664821713580849,0.007763884577938862,-0.018527834714126334,-0.07641394015293324,-0.01887598354147113,-0.006063996289604967,-0.0003678349480058518,-0.00782313459073547,-0.005888845024895062,0.012269907063368057,-0.0024332009122786102,-0.02930795504614192,-0.04658724712442919,0.003680588773889326,0.020124583584318234,-0.033159320029720996,-0.01694529096996078,0.0032617998102242307,-0.002113646194729646,-0.00918020139553044,-0.013740155225568484,-0.03812701230773663,0.0022830619088016757,0.007429209649453705,-0.004602830013035297,0.001209462496344793,-0.0075742317441785945,-0.011602113539273096,0.011971809494663255,-0.03325220179221888,0.0198207848477705,-0.02195531516545468,-0.020673691717360998,-0.05065925473464017,-0.029681807910255098,-0.0580502227009464,-0.011399101974042258,0.01364867792800828,-0.020717018696923106,0.00712026558020229,0.008377219226000321,0.008717920026208636,-0.004790110669078862,-0.004800769467711241,0.0027989127061949226,-0.027061494496551264,-0.003368150207845755,-0.1136443599144834,-0.0006772498027295404,-0.05017259391339335,-0.0015863976945245106,-0.004528165262554951,-0.007800172376710268,0.015085518042394996,-0.023539088926874063,-0.010510464929127439,-0.0019175371257654783,-0.04821084397421671,0.006801119396087296,-0.03335815680360765,-0.0030915831266093985,0.009855076886605474,-0.004082238320014198,-0.003213660119924633,-0.0025592137837269213,0.006215480347590674,0.013058483020192746,0.006312052408854241,0.035685517717826354,0.008904536025983845,0.004683449873992274,-0.0029329767541687035,-0.012857041572967742,0.003529656447324836,-0.0018463811762881033,0.002625653596353361,-0.008907855016287547,-0.0015704252049589806,-0.007460251145167018,0.0016515600519033669,0.01768784132028034,-0.0483365740174051,0.028774123692870468,-0.012552700082262613,0.01958432302770463,-0.012818610703471345,-0.02583642024832833,-0.014064795029064658,-0.06939150909016567,-0.008826969366146242,-0.004191230325137907,-0.0011441909775423698,0.010506175154899156,-0.004784684628674429
2024-03-11,-0.004184954462908452,0.01183157220764297,-0.02003934566699772,-0.019332758891648982,-0.044194120623898825,-0.011920025624394093,0.01669001141507498,0.019443901135939523,0.013858834181150304,-0.015822234560034287,-0.043396499476769046,-0.006431689761136172,0.010303542743559158,0.015824068643834455,0.014982214628143309,0.014545479206123701,0.004695341105430684,0.0032244109125429965,0.019545468417081047,-0.0013195424137830702,0.02254577367755073,-0.02038335518179757,0.010969235961537871,0.005881225028538717,-0.03304839097950718,-0.002291440666835287,-0.031858231129382464,-0.02660326300897664,0.004888555900163238,0.002127722842922841,-0.004531253750398978,0.011091611720948746,0.006971957442077903,0.011585200797064266,0.007654879101436807,-0.019779489216738666,0.0026623660933144944,0.011170500459941834,-0.010449983253231987,-0.03184056966554072,-0.009267711641526288,0.014047517701661683,0.023021452091942063,-0.007231890552268472,-0.016973860562886522,-0.003927669981028448,-0.011642702845846009,0.018132579900973056,-0.0014711017754919231,0.0017801639899093225,-0.005407786640474477,0.004999383061297102,-0.00033795974417938357,-0.04057276097699147,0.01452512592448496,-0.015594791275662212,0.009079879804711588,-0.007823877589860917,0.02541097887621624,-0.01634016054615295,0.0015417044527543666,-0.02298936805112972,0.0008919282223407432,0.019473248854646075,-0.005712558481140828,0.010717028756950686,-0.0013119392385674278,0.004018352153710936,-0.01732113719645212,-0.023334062828564983,0.006786953293291154,0.005490729264357785,-0.009268165773157033,0.05099020819982747,0.08686794801200315,0.008129101652311954,0.017593957427749052,-0.0017158891522516262,0.0011540630819055764,0.006222931491709716,0.011690728097737635,0.0066015972403810075,0.0024749570107400753,-4.0308558011514783e-05,0.022875779309294186,0.0040163909573627254,0.030594882919691813,0.03356556843968206,0.03271073626067733,-0.004595440585657751,0.03704428405901439,0.0103175953825978,0.02003433009192035,0.0073693212825594046,-0.042851240462063234,0.014889024234754134,0.026803552234568206,0.03894618217824042,0.017958462705835565,0.0024039012616927646
2024-03-12,0.02659945134444608,0.002778557033511264,0.07157182286867947,0.019946455814511488,0.033416745144616566,-0.0009589135107779256,0.006028923092133098,0.004894146133817889,-0.0012938683737420131,0.0319291777494175,0.022027295380976364,0.016890527245723153,-0.0011534173880543008,0.033403576441139116,0.004238711314235255,-0.0029868881368538824,-0.00655500040703072,0.01145399000581393,0.008470821733059575,0.01808351839775746,-0.008038637608148047,0.01772859617015521,0.003501926642183406,0.004285383701821521,0.027711797754392586,-0.005791544471536181,0.030790349877680256,0.02108033142771082,-0.0007822419711466244,-0.004873667594090247,0.006356025120582753,0.0035842492901978495,0.002376180260381444,0.004994653149899442,-0.009116072488941307,0.01899678928257642,-0.003186376324242346,0.004941321005235144,0.020165504902019515,0.02245836631555731,0.018119999744472315,0.056037217862752176,-0.0011373780190278016,0.00893468511207196,0.03749564886274248,-0.005783417860364071,0.022578026576823396,-0.0008322744712695451,0.003603170719858939,0.007798302841324212,0.006577216592377644,0.016463335621137665,0.01115618406210972,-0.008153730822395122,0.0023832008965516405,0.0027395119114153044,0.0168340964825493,0.012103426777678283,0.017501699228517076,0.017588783183767553,-0.0016792995818566414,0.013046459734726623,0.00425043118345525,0.015457673960430851,0.016427798089051482,0.018827374340588232,-0.0040607184241442384,-0.01086338116318164,0.012648041513268593,-0.002680911728165092,0.008303207343787866,-0.0003412396516568883,-0.012688175324470752,-0.011902725206936249,-0.01384178429444416,0.0036862078542074794,-0.003989901734478107,-0.012522979512381904,0.012680123130704102,-0.004840019140159635,-0.005192653238232481,0.00010842424098078673,0.0016891535208476416,0.007784111707578756,0.006070304750443789,0.0025265542964048038,-0.011779052582235106,0.012132326988749886,0.008022982369634724,0.012471156191407706,-0.019088987421015946,0.0024907840306751527,0.010101027399459506,0.004630888868498273,0.004496101959098997,-0.009186236942108073,-0.04566367723436038,-0.02315325746557728,-0.012070576500969987,-0.014388475223450214
2024-03-13,-0.00043342486108244316,-0.012122559005482425,-0.011151850059890944,0.0066708374081581034,-0.008364167435280123,-0.02632598200845293,0.009314030946807383,0.008236708175703544,-0.04539820808488959,-0.0036369458501014362,-0.03930756281626557,-0.0026674164384806742,0.004618997183884366,-0.009652289108121992,0.007253936451692589,0.0007988998556252014,0.0025049100712113415,-0.02212850583854975,-0.044429753794354654,-0.011424011766381192,0.0020838192972814085,-0.02137213248089409,-0.012128205600481778,-0.0019889285222811637,-0.016461232055934194,0.003013060965270764,-0.03346329878986931,-0.02536730507416074,0.0,0.0018184021767553293,-0.005254681870042632,-0.008549793316898202,-0.0018800484674075246,-0.0030120022787071266,-0.003484806348541203,-0.013874573457433481,0.011454456438170224,0.018930158124842666,-0.026910735338629088,-0.01575749939215365,-0.016287610331859104,0.03554499676770928,0.0032738530575391334,0.0028720779197064505,0.008807436179499861,-0.0010576656755716396,-0.011459792902699273,0.0403132106089128,-0.005457129158354723,0.006212359747664875,0.010367681251630234,-0.02516894252546298,0.017218301313130846,-0.057684263387079215,-0.010230534133459646,-0.0030290106410051365,-0.005456954077575515,0.019206403327903576,-0.015526244734068606,-0.02733056635825981,-0.01626010782535936,0.01510158119424676,0.0040957800684535695,-0.01554855155154522,0.0005802721251293441,-0.016348074904279253,-0.004676812477550474,-0.0020231126563943214,-0.002923215711645777,-0.012179127080336749,-0.0042397412636902,-0.013315168480937833,-0.03637547755381765,0.012555078168282607,-0.03549758361054345,0.007804433910378661,0.002670627612770371,-0.003356914609498385,0.004878433080271138,-0.0005403038090594503,0.006910766151156267,0.01647514207534906,-0.000908025660260825,-0.004962541556033817,0.00825659672186796,-0.0076445199522060525,-0.0035186622519800537,-0.03269157365252817,-0.04430440217046028,-0.024753547500044548,-0.007707158268183356,0.000944082575189853,-0.005000008477105022,-0.14209368645569187,0.011311802149674532,0.002490836597191848,0.0005274060876252484,-0.001128586410269583,-0.010808338447531152,0.007299204865363063
2024-03-14,0.024379655428537372,0.010927336316434166,-0.03239151734359269,0.012403729449981915,-0.007546906989280844,0.003497996161083927,0.02367846753241931,0.025360460020445563,-0.04118477639544138,-0.0030645600144250107,-0.03968374143421338,0.005841328225922426,-0.0031458213119216483,-0.0054048917303027855,-0.002000488908436071,-0.006385944740102678,-0.007495860533790699,-0.004726753629292868,-0.01110338994492377,-0.007678613340002083,-0.010628444950250282,0.0009473596116829075,-0.008918191750356685,-0.016123706826012496,0.003446584396137764,-0.016922794253869777,-0.028993237582383036,-0.0011114904041745755,0.00330287388392847,-0.01072125620156017,-0.00665996133582325,0.0005458252529708663,-0.003931070338948017,-0.020997045818623272,-0.007413607429487379,0.005256196369582078,-0.02278118648031946,-0.008755027532300508,-0.0033678093501898765,-0.009290034608302244,9.79679962573865e-05,0.006864958595133919,0.006868236220091806,-0.013563516218282112,-0.010777664885823879,-0.019851774066519945,0.010196698170565899,0.008807033312110635,0.010300318650348306,0.014072997690594669,-0.006553437339231416,-0.02888676437731119,-0.009038607244903352,-0.022918756251833927,-0.004440243038802527,-0.019182659412575687,0.008564110275110837,0.0030221896701387863,-0.0006571836865563174,-0.01655523084018362,-0.030493009124290538,0.0009817617022365166,-0.00727440405241242,-0.017229926472490442,0.009580114036303211,-0.016712000086666512,-0.013734932405402911,-0.0060816418157120244,0.0030649750097679895,-0.008515634877833134,-0.004585258095370026,0.003460220857774976,-0.0016953155536600928,-0.004691668649866143,-0.028635836922214497,0.0006833525755223224,-0.007990543073338574,-0.032809440651955346,-0.007605751596931887,-0.01135447322477623,-0.014091762850175882,0.010343369943797365,-0.008699015815987199,-0.008647424337568599,0.005984268789216207,-0.014433202753763918,-0.030632073252964243,-0.03404682990967156,-0.02421411872503132,0.00279325209148773,0.007378661516800777,-0.012907664892345294,-0.021775510495316452,-0.02484032749957732,-0.010380609808027685,-0.00772996840296436,-0.03524621719239662,-0.036158263808503066,-0.02042747807183265,-0.014492740269210325
2024-03-15,-0.020695140792310163,-0.002196560016257232,-0.0012166916688441942,-0.024223786467438835,-0.015716773437550846,-0.02120783914458424,-0.013417284038027777,-0.015033935319393343,0.006584660456730784,-0.008634479430039477,0.02138351359032309,-0.011631139409189362,-0.000728214091979762,-0.13671666067674393,-0.012047920466017326,-0.017272556628601388,-0.006447274025682903,-0.007420599718883203,-0.0025731136924341813,-0.03772069307260717,-0.0011676608457937832,-0.010460802508172495,0.008063602242223578,-0.009832854620731357,0.0311467338782363,0.006824529137952728,0.019905935565453392,-0.016841636357774137,-0.027788241265073843,-0.002642039781030725,0.005661904404600682,-0.016801231224082502,-0.004768771478353084,0.003960316316757417,-0.0029594008903899294,-0.012176263440398127,-0.007007096745473618,-0.018846871003640797,-0.016591815455160974,-0.02039009640423084,-0.02547018038695459,0.0043831244229186606,-0.03955754545531309,-0.015846744660408252,-0.039380390716764246,-0.0016202419814091984,-0.03484741027806493,-0.0023809766012524713,-0.0036843056681662434,-0.0033306210240944267,0.027081006608588032,-0.025396966109686114,0.0024875875253198565,0.011955219334695677,0.000493453402903965,0.005345024818238953,-0.013858327499013612,-0.005139970050365927,-0.016593793008118585,0.007413179257661717,-0.019400347987399646,-0.015088645446647342,-0.00616360175961983,-0.003821127831623805,-0.010787019890803884,-0.012799826239321854,0.003053994602198795,0.0014568542396604656,-0.0031884930845368364,-0.010848047673927885,-0.010611178076545325,-0.004137959973565475,0.012226896962148404,-0.02138049193102909,0.0037695669157120637,0.0831910473438342,-0.010889071404599493,-0.010447537357759495,-0.018181845325644486,-0.0024610378271517908,-0.0056283382485852185,0.002321912619557942,-0.013359484786527376,-0.0039354156017405995,0.011897280977231306,0.007171991089417906,-0.0014115179195243188,-0.029804269495095626,-0.040799232348151526,-0.00729662902225392,0.002120289284634813,-0.024141241299370675,-0.01293760059757787,0.01748778051031219,-0.03659131541894545,0.0009737732871115679,-0.0028883897654387036,0.0011723598118276168,0.009699265152806724,-0.007352875865728303
2024-03-18,0.00216126475064482,0.006372414173507979,0.0070357511187033595,0.00034398325434925603,0.02660608287631039,0.0014083288015984685,0.046040518042292256,0.04438346795992332,0.06254200201423088,0.008144609656109303,-0.0021459419415288394,0.020647668952278098,0.040082537944491126,0.04345529437478479,-0.004527744025419889,0.006948705302826763,-0.004078880613482383,-0.0016746338780350145,0.0016416438983630766,0.007785514396225102,0.008183270291678424,0.010470686609427071,-0.019186166685726924,0.00755011275398032,-0.009235903082122965,-0.004704375148388951,0.005683633021950296,0.016690659158073107,0.010823130593402563,0.009051000562459333,-0.004717604416083265,0.009875714186906137,-0.0009913265232159851,-0.020389322693454615,0.007915159838780994,0.009942955914930218,-0.005835259749349175,0.010915744727427512,0.019271630677124785,0.0012018643243576488,0.008343352814654592,0.04016493402213683,0.0063621042876473854,0.018232461239413578,0.017139248429333342,0.009196649752813313,0.007594629141798537,0.021957118795805863,-0.003857284088306656,0.0005838249990048894,0.01698634729766768,-0.00387302431147718,0.005624485497051301,0.004934861494035436,-0.002174116186142827,0.02005795057837645,0.016140519876127746,-0.0007126476886897271,0.0036972434011470767,0.03265364316728281,0.012440075177893473,-0.00743011258543258,-0.005581571016038511,-0.006317662031247173,-0.011549866840860235,-0.005627971787961594,0.0006089763900392064,0.016002305910761017,0.008929737169743657,7.546298557836728e-05,0.0021616406623643503,0.021814442050645422,0.013421282844111149,0.01902631651616815,0.0039480372473144065,0.010191229434681759,-0.006937100006166985,0.02124605353861897,0.0037369588480260507,0.003289444446012979,-0.013331410500960317,0.0006317527411030532,-0.0031860545244951632,-0.0019958056508422306,0.0021658321622888277,0.005159438141884021,0.00041036130998350906,-0.014024349048200713,0.013269567084523537,0.02253868494817368,0.0009617087025648452,0.009843857517527255,0.004240505040025377,-0.001334156108838691,0.0026164547304563524,0.004933579577588887,0.018867892972493472,-0.007025810290949952,-0.006243955940062662,-0.004938266662867674
2024-03-19,0.009800623660760843,0.013585082856137465,0.010660779838242762,0.00813845829732096,-0.0014890352440622978,0.0006223687702691105,-0.00440136733965979,-0.0037715353900019677,-0.014269250195585559,0.0008612036276012258,-0.04841330198285032,0.0038001512480332345,0.0031531505444508667,0.014264619349235508,0.0013302131562318298,-0.0026385440817414674,-0.002544141600052896,-0.01689427328279436,-0.015453052249117305,0.006599046697862487,-0.003014778678991137,0.0030389110911930306,-0.014479121268366812,0.0030639243578607367,-0.005323204023948924,0.011587715201006876,0.002345929020759252,0.006235905145903109,0.015952236040316592,0.00928583615848555,0.003896147909158598,0.006372862191476258,0.00942732570501148,-0.003556154849018389,0.013181916611817002,-0.013956876325561751,0.002047522816065017,-0.016337133016588457,0.04295170946991522,0.011228616639591182,0.036287554226937635,-0.008002535583586656,0.0068850549961503305,0.005230979516371637,-0.0006229745485335503,-0.008844862474085113,-0.0004325177558059945,-0.01899431685563957,0.0043362148653063315,0.01867434855298833,0.005484491292954807,-0.0010142432563915449,-0.004112518444396751,-0.031845230458815044,0.010454852522019609,0.021144322445223684,0.002347704022487518,0.003209133618935711,0.0039580288212810455,-0.00408256418330033,0.003552891975232564,0.009646550257266906,0.01469056304520211,-0.009082686593175682,0.016754752413642438,0.012728703286400744,0.014118743683184665,0.010022975577633986,0.006737148702650186,0.00870120490894033,0.004148000632175242,-0.006777389406581902,0.0018761523871559938,0.00810316009127443,0.008152680382745858,-0.021320884235306536,0.00015189273291182914,0.017996218118307983,0.007776907343855388,0.005737784369537868,0.0036232714508486197,0.013469418033663416,-0.005859566300041141,0.012162254818285367,0.0256252499751497,0.007254090463072238,-0.0035095215820067915,0.0029802387105475336,-0.0029440223705734514,0.02117698075035901,0.00749422334333727,-0.0035725065811995638,-0.015546978547342771,0.007387052584725051,-0.007211626566298479,0.00401052309941452,0.023205811331063808,0.002358544674920804,0.0009665804687688517,-0.009925607491099497
2024-03-20,0.009064823547192402,0.014709202129471022,0.010895087638615797,0.012791359170393646,0.018700626636144246,0.03068633527572784,0.011630325294595512,0.011898286429302019,0.025332688257929448,0.011677599454412269,-0.009315414278818657,0.011196333918179091,0.0003492290892199712,-0.003933283031842483,0.00012854874805867667,0.00834350534197359,0.0026129037861901683,0.02175497826110817,0.0035672182782515716,0.0080372495771881,0.002558659952539344,0.018476215795992124,0.019309194811535813,0.004857677670012883,-0.00040970901751336,0.010751605013229915,0.02393617021276606,0.019365264522063663,0.020681809414077268,-0.007442260993788197,0.0034244950709705346,0.01102742850326588,0.014705264679013563,0.019838428525656093,-0.005259477555958014,0.021862999885199574,0.007764605181710849,0.00523915208159198,0.00867097729420463,0.01997038617299851,0.016065349206322743,0.0351660232850699,0.006186506065756436,0.016932173579073506,0.018730941968472248,0.01703626489761545,0.01804817077017984,0.03237588929640478,0.011662191157015167,0.009395163298884013,0.0037189830433239646,0.020687026350104,-0.006607226954572387,0.007377856977343056,0.003968330332837278,0.01914043838329227,0.011601572028366869,0.011196038084060778,0.024356884245715804,-0.012223294417753272,0.0011801420559705011,0.0541160416721338,0.003756081945422318,0.01214479346263686,0.003809358232173654,0.024029057149555832,-0.0056409172158496945,0.002268160343610548,0.019026434786195257,-0.009206210597449527,0.01619298636523081,0.01364720661271468,0.0012117273830218878,-0.010985326970342713,-0.01931308883559224,0.023485644211571843,-0.001973842274722637,0.046514530906555995,0.013381536125788296,-0.0067916324551239304,-0.004813472904117155,0.0014536329892778088,0.006697923506761905,0.01129033488612019,0.005117343850046696,-0.00438008985102889,-0.002195540299170795,0.020664488930010494,-0.0010690396726976692,0.0027748115213954705,0.002860986553610667,0.010551103772970638,0.022421479638412123,-0.0007020542645809202,0.014895476860032675,0.022245150106238842,0.00022528370735863668,0.028235267190372282,0.018348676239205552,-0.030075218970135764
